clientCity,clientCountry,serverPoP
Tamm,DE,FRA
Münchberg,DE,MUC
Soweto,ZA,LIS
Huánuco,PE,SCL
Inzai,JP,NRT
Fleurus,BE,BRU
Peine,DE,FRA
Stockach,DE,MUC
Melbourne,AU,MEL
Cascais,PT,LIS
Wynnewood,US,EWR
Couillet,BE,BRU
Warrington,GB,MAN
Riverton,US,SLC
Ballarat,AU,MEL
Ratmalana,LK,SIN
Medellín,CO,MIA
Taurianova,IT,MXP
Brøndby Strand,DK,CPH
Ōme,JP,NRT
Renfrew,CA,YUL
Gattikon,CH,ZRH
Punto Fijo,VE,BOG
Woodbridge,CA,YYZ
Dungarvan,IE,DUB
Korumburra,AU,MEL
San Pedro,AR,GRU
Stade,DE,TXL
Jōetsu,JP,NRT
Albany,AU,PER
Vordingborg,DK,CPH
Weil der Stadt,DE,FRA
San Juan,PR,SJU
Manzanillo,MX,DFW
Söderbärke,SE,HEL
Shizuoka,JP,KIX
Birkerød,DK,CPH
San Mateo,PH,HKG
Bengkulu,ID,SIN
Yandaran,AU,SYD
Neustadt (Wied),DE,FRA
Vidra,RO,FRA
Gräfelfing,DE,FRA
Spånga,SE,OSL
Jordbro,SE,ARN
Sáenz Peña,AR,GRU
Cristian,RO,FRA
Federal Way,US,SEA
Jouy-le-Moutier,FR,MRS
Kirchberg an der Wild,AT,VIE
Tarariras,UY,GRU
L'Hospitalet de Llobregat,ES,MAD
Mabalacat,PH,MNL
San Salvador,SV,MIA
Maun,BW,GBE
Lucan,IE,MAN
Aveiro,PT,LIS
Marienheide,DE,DUS
Benoni,ZA,JNB
Tala,MX,QRO
Hopkinton,US,BOS
Chivilcoy,AR,EZE
Urundel,AR,SCL
Täby,SE,ARN
Sandviken,SE,ARN
Pontevedra,ES,MAD
Mission,CA,YVR
Solms,DE,FRA
Emsdetten,DE,FRA
Lauterbach,DE,MUC
Kontioranta,FI,HEL
Setia Budi,ID,SIN
Sakaedōri,JP,NRT
Peoria,US,LAX
Midorii,JP,KIX
Palermo,IT,FCO
Mäntsälä,FI,RIX
Zelzate,BE,BRU
Hanimaadhoo,MV,MLE
Hannō,JP,NRT
Quito,EC,MIA
Droichead Nua,IE,DUB
Néa Smýrni,GR,ATH
Taiz,YE,MCT
Nagoda,LK,SIN
Rheda-Wiedenbrück,DE,DUS
Marabella,TT,MIA
Daraga,PH,HKG
Slocan,CA,YVR
Bassersdorf,CH,ZRH
Port of Spain,TT,POS
Blanes,ES,MAD
St Louis,US,ORD
Farum,DK,CPH
Bad Hindelang,DE,FRA
Velká Polom,CZ,PRG
Furano,JP,NRT
Ditzingen,DE,FRA
Marktoberdorf,DE,MUC
West Valley City,US,SLC
Naritachō,JP,NRT
Delta,CA,YVR
Pápa,HU,VIE
Corrientes,AR,MIA
Urayasu,JP,NRT
Băile Govora,RO,FRA
Torrejón de Ardoz,ES,MAD
Kramfors,SE,ARN
Autlán de Navarro,MX,DFW
Koropí,GR,ATH
Fafe,PT,LIS
Sakamachi,JP,NRT
Tarnogród,PL,WAW
Port Coquitlam,CA,YVR
Goa,PH,HKG
Cloppenburg,DE,MUC
Bankeryd,SE,CPH
Tim,DK,CPH
Newcastle,AU,SYD
Koksijde,BE,BRU
Saltillito,MX,DFW
Spodnja Hajdina,SI,VIE
Shiki,JP,NRT
Lecherías,VE,MIA
Brunnthal,DE,MUC
Yamamoto,JP,KIX
Villaguay,AR,GRU
Cuenca,PH,HKG
Tolimán,MX,IAH
Iikura,JP,NRT
Kenzingen,DE,FRA
Kōriyama,JP,NRT
Heilbronn,DE,FRA
San Francisco de Macorís,DO,STI
Andahuaylas,PE,SCL
Oristano,IT,MXP
Vila Real,PT,LHR
Puno,PE,LIM
Kościelisko,PL,WAW
Härnösand,SE,ARN
Oberentfelden,CH,ZRH
Arth,CH,ZRH
Fällanden,CH,ZRH
Saalfelder Höhe,DE,FRA
Drezdenko,PL,WAW
Trani,IT,MXP
Maaseik,BE,BRU
Kastoria,GR,ATH
Harare,ZW,HRE
Chennai,IN,MAA
Mücke,DE,MUC
Lokca,SK,VIE
San Carlos de Bolívar,AR,EZE
Caravaca,ES,MAD
Rixensart,BE,BRU
Ciudad del Carmen,MX,QRO
Cormondrèche,CH,ZRH
Trosa,SE,OSL
Čačak,RS,BEG
Pandeglang,ID,SIN
Doboz,HU,BUD
Gig Harbor,US,SEA
Demra,BD,SIN
Gateshead,GB,MAN
Steinheim an der Murr,DE,FRA
Lares,PR,IAD
Male,MV,SIN
Stockach,DE,FRA
Dietlikon / Dietlikon (Dorf),CH,ZRH
Kerzers,CH,ZRH
Klippansbruk,SE,ARN
Szentes,HU,VIE
Ogaki,JP,NRT
Olongapo City,PH,HKG
Emporia,US,IAD
Heggedal,NO,OSL
Kelberg,DE,FRA
Kandana,LK,SIN
Wilde,AR,GRU
Jaltocan,MX,QRO
Narva-Jõesuu,EE,ARN
Tokod,HU,VIE
Leidersbach,DE,MUC
Sueda,JP,NRT
Erkelenz,DE,FRA
Cambridge,NZ,AKL
Ħamrun,MT,MRS
The Bronx,US,EWR
Clyde North,AU,MEL
Kishiwada,JP,KIX
Kümmersbruck,DE,MUC
Malmo,SE,CPH
Heist-op-den-Berg,BE,BRU
Stathelle,NO,OSL
Arborea,IT,MXP
Lisbon,PT,LHR
Couva,TT,POS
Comayagua,HN,MIA
Maintal,DE,FRA
Rozzano,IT,MXP
Otwock,PL,WAW
Paphos,CY,LCA
Chaumont-Gistoux,BE,BRU
Sedilo,IT,MXP
Siechnice,PL,WAW
Beppu,JP,KIX
Biñan,PH,HKG
Ham-sur-Sambre,BE,BRU
Vedum,SE,CPH
Hitachi,JP,NRT
Tuomikylä,FI,HEL
Koishikawa,JP,NRT
Herrljunga,SE,CPH
Bucaramanga,CO,MIA
Västervik,SE,CPH
Chodov,CZ,PRG
Forlì,IT,MXP
Katerini,GR,ATH
La Ceiba,HN,TLH
Łopuszna,PL,WAW
San Casimiro,VE,MIA
South Amboy,US,EWR
Nafplion,GR,ATH
Province of Pangasinan,PH,SIN
Jalajala,PH,HKG
Saint-Paul,RE,RUN
Przemyśl,PL,WAW
Winsen,DE,TXL
Roche,CH,ZRH
Tagbilaran,PH,SIN
Trincity,TT,MIA
Chiasso,CH,MXP
Skagen,DK,CPH
Meerbusch,DE,DUS
Drogheda,IE,DUB
Laurel,US,DEN
Rendsburg,DE,TXL
Cosenza,IT,MXP
Mollymook,AU,SYD
Higashimatsuyama Shi,JP,NRT
George,ZA,JNB
Stapelfeld,DE,TXL
Varkaus,FI,ARN
Tsuruoka,JP,NRT
Divača,SI,FRA
Funadhoo,MV,MLE
Landvetter,SE,CPH
Åros,NO,OSL
Santo Tomas,PH,HKG
Matsuyama,JP,KIX
Fischenthal,CH,ZRH
General Escobedo,MX,QRO
Kemptville,CA,YUL
Motobuto,JP,NRT
Maur,CH,ZRH
Bolzano,IT,MXP
Thebes,GR,ATH
Chinchilla,AU,SYD
Ahrensburg,DE,TXL
Municipality of Lala,PH,HKG
Santa Ana,SV,MIA
Krumbach,DE,FRA
Vršac,RS,SOF
Melissa,IT,FCO
Yatochō,JP,NRT
Zemst,BE,BRU
Zalaegerszeg,HU,VIE
Rōji,JP,KIX
South Lake Tahoe,US,SJC
Posadas,AR,EZE
Recklinghausen,DE,FRA
Vansbro,SE,ARN
Kettering,GB,LHR
Alghero,IT,MXP
Baltimore,US,DEN
Chelmsford,CA,YYZ
Forchheim,DE,MUC
Paraíso,MX,QRO
Shiga,JP,KIX
Deutschlandsberg,AT,VIE
San Ramon,US,LAX
Piešťany,SK,BTS
Aschaffenburg,DE,FRA
Radziejowice,PL,WAW
Roșu,RO,OTP
Quakenbrück,DE,FRA
Taiping,MY,KUL
Bertamirans,ES,MAD
Kißlegg,DE,MUC
Arnstorf,DE,MUC
Bryanston,ZA,LHR
Villacidro,IT,MXP
Rothrist,CH,ZRH
Poynette,US,ORD
Zwevegem,BE,BRU
Hofn,IS,KEF
Gerroa,AU,SYD
Mar del Plata,AR,SCL
Strzegom,PL,WAW
Călăraşi,RO,OTP
Wattle Ponds,AU,SYD
Mayen,DE,FRA
Phnom Penh,KH,SIN
Marsberg,DE,FRA
Atlacomulco de Fabela,MX,QRO
Schwandorf in Bayern,DE,FRA
Sarrat,PH,HKG
Søborg,DK,CPH
Landskrona,SE,CPH
Bathurst,CA,EWR
Mainz,DE,FRA
St. Ingbert,DE,FRA
Vernon,US,LAX
Baranoa,CO,MIA
Murska Sobota,SI,VIE
Gallzein,AT,VIE
Pavlodar,KZ,AKX
Lone Tree,US,DEN
Ciply,BE,BRU
Krośniewice,PL,WAW
São João da Madeira,PT,LIS
North Salt Lake,US,SLC
Fenstad,NO,OSL
Kiskunfélegyháza,HU,BUD
Saint John,CA,EWR
Invermere,CA,YVR
Garbagnate Milanese,IT,MXP
Bad Oldesloe,DE,TXL
Coronel Brandsen,AR,EZE
Arthur,CA,YYZ
Halden,NO,OSL
Delmas,HT,MIA
Širvintos,LT,VNO
Gjorče Petro,MK,SOF
Nowa Sól,PL,WAW
Fredrikstad,NO,OSL
Pretoria,ZA,DUR
Fishers,US,ORD
Louisville,US,DEN
Campodarsego,IT,MXP
Valga,EE,TLL
Mažeikiai,LT,VNO
Wolmaransstad,ZA,JNB
Villa Ballester,AR,EZE
Imagawa,JP,NRT
Bürstadt,DE,FRA
Paris Creek,AU,SYD
Anklam,DE,TXL
Arayat,PH,HKG
Chivacoa,VE,BOG
Madrid,ES,MAD
Nordstemmen,DE,FRA
Alor Star,MY,KUL
Picton,AU,SYD
Mineral de la Reforma,MX,DFW
San Fernando de Escoipe,AR,MIA
Miamisburg,US,ATL
Cornetu,RO,OTP
Lainate,IT,MXP
Ixopo,ZA,LHR
Lapu-Lapu City,PH,HKG
Antioch,US,ATL
Cestice,SK,BTS
Pemangkat,ID,SIN
LaRue,US,DFW
Biel/Bienne,CH,ZRH
Atyrau,KZ,ALA
Tasek Gelugor,MY,KUL
Adrogué,AR,EZE
Großlangheim,DE,MUC
Mullingar,IE,DUB
Darłowo,PL,WAW
Körmend,HU,VIE
Montana,BG,SOF
Balasan,PH,HKG
Breckenridge,US,DEN
Beaverdam,US,IAD
Turmero,VE,MIA
Wolfsburg,DE,FRA
Rokiškis,LT,VNO
Sedliště,CZ,PRG
Tuggen,CH,ZRH
Compostela,MX,QRO
Kaminoda,JP,NRT
Cabo San Lucas,MX,QRO
Boise,US,SEA
Spiesen-Elversberg,DE,FRA
Ås,NO,OSL
Appleton,US,ORD
Kirchdorf im Wald,DE,MUC
Guatire,VE,MIA
San Leonardo,PH,HKG
Dendermonde,BE,BRU
Stord,NO,OSL
Lake Bluff,US,ORD
Walkerton,CA,YYZ
Walcourt,BE,BRU
Falkenberg,DE,TXL
Siguatepeque,HN,MIA
Žiežmariai,LT,VNO
Villa Mercedes,AR,MIA
Anamorós,SV,MIA
Marinilla,CO,MIA
Cúa,VE,MIA
Sint-Martens-Latem,BE,BRU
Penela,PT,LHR
Jurbise,BE,BRU
Porlamar,VE,BOG
Virserum,SE,OSL
Plewiska,PL,WAW
Santa Margherita Ligure,IT,MXP
Callao,PE,SCL
Valley,US,SEA
Apopka,US,MIA
Gmina Brwinów,PL,WAW
Muroran,JP,NRT
Manhattan Beach,US,LAX
Aldergrove,CA,YVR
Nørresundby,DK,CPH
Sydney Olympic Park,AU,SYD
Sulzbach,DE,FRA
Midorigaoka,JP,NRT
Utila,HN,TGU
Meridian,US,SEA
Suwanee,US,ATL
Ribeirão Preto,BR,GRU
Iasi,RO,OTP
Arauca,CO,MIA
Pleven,BG,SOF
Cimahi,ID,SIN
Wakayama,JP,KIX
Locarno,CH,ZRH
Steinlah,DE,FRA
Haßloch,DE,FRA
Gilching,DE,DUS
Nea Ionia,GR,ATH
San Juan Bautista,AR,EZE
Fujikubo,JP,NRT
Tōkai,JP,KIX
Leutenbach,DE,FRA
Loughrea,IE,DUB
Bonita Springs,US,MIA
Santa Giustina in Colle,IT,FCO
Bangued,PH,HKG
San Isidro,CR,SJO
Pößneck,DE,FRA
Eskilstuna,SE,HEL
Calvinia,ZA,LHR
Solingen,DE,FRA
Salzwedel,DE,FRA
Ritvala,FI,HEL
Negrar,IT,MXP
Gentbrugge,BE,BRU
Utase,JP,NRT
Grobbendonk,BE,BRU
San Nicolás Totolapan,MX,DFW
Iztacalco,MX,QRO
Ballstad,NO,OSL
Röykkä,FI,CPH
Macabebe,PH,HKG
Bjørnevatn,NO,OSL
Verona,CA,YYZ
Leiria,PT,LIS
Fort Calhoun,US,OMA
Norrtälje,SE,ARN
Mitajiri,JP,KIX
David,PA,MIA
Maasim,PH,HKG
Hausach,DE,MUC
Rafaela,AR,EZE
Hope,CA,YVR
Matina,CR,MIA
Iwanowice,PL,WAW
Saarlouis,DE,FRA
Komorniki,PL,WAW
Peißenberg,DE,MUC
Toyosu,JP,NRT
Gosselies,BE,BRU
La Baie,CA,YUL
Granjas Familiares la Paz,MX,QRO
Osby,SE,ARN
Babenhausen,DE,FRA
Chestermere,CA,YVR
Lively,CA,YYZ
Pfullingen,DE,FRA
San Jose,US,SJC
Möckmühl,DE,FRA
Mukalla,YE,MCT
Werdohl,DE,DUS
Schomberg,CA,YYZ
Binondo,PH,HKG
Ohrid,MK,SOF
Alexandria,US,IAD
Kronberg,DE,WAW
Clonakilty,IE,DUB
Odense,DK,CPH
Tribano,IT,MXP
Hanoi,VN,SIN
Portage la Prairie,CA,ORD
Edina,US,MSP
Sierre,CH,MXP
Erembodegem,BE,BRU
Kapfenberg,AT,VIE
Wexford,IE,DUB
Szymbark,PL,WAW
Stony Plain,CA,YYC
Paraíso,CR,SJO
Ribnitz-Damgarten,DE,TXL
Enstek New Town,MY,SIN
Nishiikebukuro,JP,NRT
Merchtem,BE,BRU
Planeta Rica,CO,MIA
Micheldorf in Oberösterreich,AT,VIE
Paderborn,DE,FRA
Wangen,DE,FRA
Bussigny,CH,ZRH
Boulogne Sur Mer,AR,GRU
Chino,JP,NRT
Charlestown,KN,MIA
Szentlőrinc,HU,VIE
Putrajaya,MY,KUL
Wächtersbach,DE,FRA
Santa Perpètua de Mogoda,ES,MAD
Guarulhos,BR,GRU
Booischot,BE,BRU
Vejen Municipality,DK,CPH
Green Bay,US,ORD
Winterthur,CH,ZRH
Slawi,ID,SIN
Duluth,US,ATL
Zgornje Gorje,SI,VIE
Milpa Alta,MX,LAX
Ballina,IE,DUB
Bangbang,PH,HKG
Tulancingo,MX,DFW
Darmstadt,DE,FRA
Jaral del Progreso,MX,QRO
Åmål,SE,OSL
Mahayag Norte,PH,HKG
Santa María,AR,SCL
Scorzè,IT,FCO
Noborito,JP,NRT
Goodyear,US,LAX
Ciudad de Villa de Álvarez,MX,QRO
Le Tampon,RE,RUN
Selkirk,CA,ORD
Échallens,CH,ZRH
Zanica,IT,MXP
Skals,DK,CPH
Uetikon,CH,ZRH
Jönköping,SE,CPH
Upper Coomera,AU,SYD
Kristianstad,SE,CPH
Montería,CO,MIA
Merlo,AR,EZE
Hradec nad Moravicí,CZ,PRG
Obergösgen,CH,ZRH
North Bay Village,US,EWR
Kota Bharu,MY,SIN
Davos,CH,ZRH
Torre da Marinha,PT,LIS
Ebetsu,JP,NRT
Lancefield,AU,MEL
Ōmihachiman,JP,KIX
Rostock,DE,TXL
Erding,DE,MUC
Bojonegoro,ID,SIN
Bad Segeberg,DE,TXL
Romblon,PH,HKG
Nettuno,IT,FCO
Shimotsuke,JP,NRT
Panama City,PA,PTY
Kalkar,DE,FRA
Asker,NO,OSL
Spotsylvania,US,IAD
Ljungby,SE,CPH
Hopewell,US,IAD
Saintes,BE,BRU
Sant'Antimo,IT,MXP
Funabashi,JP,NRT
Montijo,PT,LIS
Downsview,CA,YYZ
Hohndorf,DE,FRA
Monaghan,IE,DUB
Hohenmölsen,DE,FRA
Adliswil,CH,ZRH
Baliuag,PH,HKG
Tribalj,HR,ZAG
Lint,BE,BRU
Emiliano Zapata,MX,QRO
East Gwillimbury,CA,YYZ
Bray,IE,ORK
Renče,SI,FRA
Warren,US,IAD
Basingstoke,GB,LHR
Cuautla,MX,DFW
Boldog,HU,VIE
Nacka,SE,ARN
Arequipa,PE,LIM
Kuusisto,FI,OSL
Makilala,PH,HKG
Neitersen,DE,FRA
Herning,DK,CPH
Bad Oeynhausen,DE,FRA
La Malbaie,CA,YUL
Deli Serdang,ID,SIN
Tampa,US,MIA
Dösjebro,SE,CPH
Åkirkeby,DK,RIX
Sintra,PT,LIS
Esslingen,CH,ZRH
Point Fortin,TT,MIA
Savage,US,MSP
Kaltenkirchen,DE,TXL
Tann,DE,FRA
Samal,PH,HKG
Pfatter,DE,FRA
Brno,CZ,PRG
Plungė,LT,VNO
Lebanon,US,SEA
Zanesville,US,ORD
Kulim,MY,KUL
Bitonto,IT,FCO
Plandište,RS,BUD
Linkenheim-Hochstetten,DE,MUC
Koekelberg,BE,BRU
Aibonito,PR,SJU
Dornbirn,AT,VIE
Giugliano in Campania,IT,FCO
Werchter,BE,BRU
Elliminyt,AU,MEL
Ōze,JP,NRT
Pamplona,CO,BOG
Épalinges,CH,ZRH
Sandnes,NO,OSL
Barmstedt,DE,FRA
Elizabeth Hills,AU,SYD
Matehuala,MX,DFW
Stange,NO,OSL
Pittsford,US,ORD
Shiraitodai,JP,NRT
Portoferraio,IT,MXP
Riemerling,DE,MUC
Dompu,ID,SIN
Toledo,US,ORD
Tandil,AR,GRU
Máriapócs,HU,BUD
Boca Toma,AR,SCL
Higashiikebukuro,JP,NRT
Luján,AR,GRU
Elkhart,US,ORD
Mostkowo,PL,WAW
Miraflores,GT,MIA
Kvidinge,SE,CPH
Vaasa,FI,HEL
Coatzacoalcos,MX,QRO
Prilly,CH,ZRH
Lauingen,DE,MUC
Ostermundigen,CH,ZRH
Ostrhauderfehn,DE,MUC
Palmira,CO,MIA
Chalandri,GR,ATH
Prairie Village,US,MCI
Tuguegarao City,PH,HKG
Cranford,US,EWR
Guaynabo,PR,TLH
Gütersloh,DE,FRA
Mason,US,ORD
Grafenrheinfeld,DE,FRA
Embsen,DE,TXL
Treuchtlingen,DE,FRA
Megliadino San Vitale,IT,FCO
Ameglia,IT,FCO
Central Java,ID,SIN
Swellendam,ZA,LIS
Kinston,US,ATL
Erfweiler,DE,FRA
Heroica Caborca,MX,DFW
Grafton,US,EWR
Grimbergen,BE,BRU
Ivano-Frankivsk,UA,WAW
Welkom,ZA,JNB
Ridgewood,US,EWR
Grecia,CR,SJO
Langdorp,BE,BRU
Kostrzyn nad Odrą,PL,WAW
Kouvola,FI,HEL
Grosspetersdorf,AT,VIE
Bowmanville,CA,YYZ
Casirate d'Adda,IT,FRA
Bialystok,PL,WAW
Cockburn Town,BS,MIA
Ipsach,CH,ZRH
Slovenske Konjice,SI,VIE
Province of Cotabato,PH,MNL
Odessa,CA,YYZ
Nordkirchen,DE,DUS
Saint-Jérôme,CA,YUL
Monroe,US,DFW
Capucnasan,PH,HKG
Granadilla de Abona,ES,MAD
Dolianova,IT,MXP
Mizuhiki,JP,NRT
Rodgau,DE,FRA
Mamer,LU,LUX
Linda a Velha,PT,LIS
Steinheim,DE,MUC
Zug,CH,ZRH
Stallikon,CH,ZRH
Hōyachō,JP,NRT
Horgen,CH,ZRH
Quarto d'Altino,IT,MXP
Skopje,MK,SOF
Selfoss,IS,KEF
Hechtel-Eksel,BE,MRS
Faro,PT,LIS
Newcastle upon Tyne,GB,LHR
Oromocto,CA,EWR
Toa Baja,PR,TLH
Grand-Remous,CA,YUL
Kitami,JP,NRT
Šiauliai,LT,VNO
Nampa,US,SEA
Port Harcourt,NG,LHR
Harzgerode,DE,FRA
Ciudad Nicolás Romero,MX,QRO
Tanabaru,JP,KIX
Vettelschoß,DE,FRA
Cáceres,ES,MAD
Kanice,CZ,PRG
Bârlad,RO,OTP
Hanau,DE,FRA
Miahuatlán de Porfirio Díaz,MX,QRO
Mölndal,SE,CPH
Dormagen,DE,DUS
Neftenbach / Dorf Neftenbach,CH,ZRH
Godoy Cruz,AR,MIA
Winterberg,DE,DUS
Gmina Przedbórz,PL,WAW
Karuizawa,JP,NRT
Konopiska,PL,WAW
Rustavi,GE,TBS
Pennfield,CA,EWR
Bălţi,MD,KIV
Puchong Batu Dua Belas,MY,SIN
Water Valley,CA,YVR
Gabrovo,BG,SOF
Sliema,MT,MRS
Germiston,ZA,JNB
Arruda dos Vinhos,PT,LIS
Woppenroth,DE,FRA
Potrero,PH,HKG
Melancthon,CA,YYZ
Jayapura,ID,SIN
Hafenlohr,DE,MUC
Paços de Brandão,PT,LIS
Shimobuchi,JP,KIX
Yenagoa,NG,LIS
Tarlac City,PH,HKG
Montréal-la-Cluse,FR,MRS
Nuevo Laredo,MX,DFW
Ånge,SE,CPH
Obanazawa,JP,NRT
Bad Wörishofen,DE,MUC
Castelli Calepio,IT,MXP
Santiago Norte,PH,HKG
Åkersberga,SE,OSL
Paianía,GR,ATH
Dieburg,DE,FRA
Suhl,DE,TXL
Kovin,RS,BEG
Coldwater,CA,YYZ
Burscheid,DE,DUS
Taunusstein,DE,FRA
San Antonio de Areco,AR,EZE
El Olvido,MX,IAH
Dekani,SI,FRA
Singen,DE,FRA
Arrifana,PT,LIS
Tomioka,JP,NRT
Höganäs,SE,CPH
Nazareth,BE,BRU
Hemmingen,DE,FRA
Creston,CA,YVR
General Mariano Alvarez,PH,MNL
Kirchheim am Neckar,DE,FRA
Attard,MT,MRS
Röszke,HU,BUD
Rzeszów,PL,WAW
Greensboro,US,CLT
Nerviano,IT,MXP
Izegem,BE,BRU
Usingen,DE,FRA
Allschwil,CH,ZRH
Agrinio,GR,ATH
Lakehurst,CA,YYZ
Uccle,BE,BRU
Spremberg,DE,FRA
Trnavá Hora,SK,VIE
Manila,PH,HKG
Niverville,CA,ORD
Sector 3,RO,OTP
Salina Cruz,MX,QRO
Carmen de Areco,AR,EZE
Qualicum Beach,CA,YVR
Lawrenceville,US,ATL
Tremelo,BE,BRU
Geilo,NO,OSL
Airdrie,CA,YYC
Capannori,IT,FCO
Hokkaido,JP,NRT
Bergdietikon,CH,ZRH
Ormoc City,PH,HKG
Nasushiobara,JP,NRT
Mediaş,RO,OTP
Casma,PE,SCL
Bad Honnef,DE,DUS
Sankt Pölten,AT,VIE
Kirchen,DE,FRA
Gumpoldskirchen,AT,VIE
Tasquillo,MX,DFW
Algodones,US,ABQ
Chorley,GB,MAN
Palanka,RS,BEG
Pela Mampang,ID,SIN
Pazardzhik,BG,SOF
Dány,HU,VIE
Ratnapura,LK,AMS
Broussard,US,DFW
Hyakuninchō,JP,NRT
Lyaskovets,BG,SOF
Quilmes,AR,EZE
San Gregorio d'Ippona,IT,MXP
Sioux Lookout,CA,YYZ
Tornesch,DE,TXL
Weilheim,DE,MUC
Penzing,DE,MUC
Bickenbach,DE,FRA
Witten,DE,FRA
Kurashiki,JP,KIX
Seon,CH,ZRH
Geiranger,NO,OSL
Canton,US,ORD
Trenton,US,EWR
Aldie,US,EWR
Saint-Georges,CA,YUL
Marzling,DE,MUC
Santo Domingo,PH,MNL
Heves,HU,VIE
Surprise,US,LAX
Minamisawa,JP,NRT
Kitanagoya,JP,KIX
Alingsås,SE,CPH
Idrija,SI,FRA
Küssnacht,CH,ZRH
Böblingen,DE,FRA
Escuinapa,MX,IAH
Virserum,SE,ARN
Dzikowiec,PL,WAW
Makati City,PH,NRT
Reutlingen,DE,FRA
Nyköping,SE,RIX
Cañada de Gómez,AR,SCL
Balaoan,PH,HKG
Boudry,CH,ZRH
Shimotakaido,JP,NRT
Mississauga,CA,YYZ
Askersund,SE,CPH
Hagenow,DE,TXL
Mazatlán,MX,QRO
Bystřice pod Hostýnem,CZ,PRG
Lindau,DE,FRA
Mesa,US,LAX
Singleton,AU,SYD
Piney Flats,US,ATL
East Hanover,US,EWR
Mol,BE,BRU
Ha Kwai Chung,HK,HKG
Goiânia,BR,GRU
Hettenshausen,DE,FRA
Tlajomulco de Zúñiga,MX,QRO
Ejido Culiacán (Culiacancito),MX,DFW
Quaregnon,BE,BRU
Mangaldan,PH,SIN
Minaminakano,JP,NRT
Bullay,DE,FRA
Crown Haven,BS,MIA
Kyogle,AU,SYD
Süderbrarup,DE,TXL
Caraguatatuba,BR,GIG
Brąszewice,PL,WAW
Funafuti,TV,AKL
Chemor,MY,KUL
Glücksburg,DE,TXL
Arendonk,BE,BRU
Spokane,US,SEA
Otzberg,DE,FRA
Lupon,PH,HKG
Tagum,PH,HKG
Brørup,DK,CPH
Memmelsdorf,DE,FRA
Oberhaid,DE,MUC
Bernau bei Berlin,DE,TXL
Porto Alegre,BR,GRU
Palmares,CR,SJO
Long Beach,US,LAX
Mariano Melgar,PE,LIM
Schöffengrund,DE,TXL
Holmsund,SE,ARN
Niemce,PL,WAW
Dracena,BR,GRU
Hallein,AT,VIE
Maia,PT,LIS
Argostoli,GR,ATH
Tauramena,CO,MDE
Villach,AT,VIE
Sepang,MY,SIN
Oulu,FI,HEL
Portoviejo,EC,MIA
Cottbus,DE,TXL
Amanuma,JP,NRT
Saint-Eustache,CA,YUL
Minamiashigara,JP,NRT
Sikatuna,PH,HKG
Sandefjord,NO,OSL
Streda nad Bodrogom,SK,VIE
Kirchdorf am Inn,DE,VIE
Craiova,RO,OTP
Wetzlar,DE,FRA
Paradiso,CH,ZRH
Hokota,JP,NRT
Bleckede,DE,FRA
Munderkingen,DE,MUC
Rosario,PH,SIN
Pegangsaan Dua,ID,SIN
Marine on Saint Croix,US,MSP
Kostanay,KZ,WAW
Ostseebad Boltenhagen,DE,TXL
Adelaide,AU,ADL
Traunstein,DE,FRA
Shimoishida,JP,KIX
Lutry,CH,ZRH
Zomergem,BE,BRU
Fortaleza,BR,FOR
Gumaca,PH,HKG
Pescia,IT,MXP
Krško,SI,FRA
Camalú,MX,QRO
Tiriolo,IT,MXP
Carpiano,IT,MXP
Irbid,JO,AMM
Prez-vers-Siviriez,CH,ZRH
Canelli,IT,MXP
Syke,DE,FRA
New Ross,IE,DUB
Weinheim,DE,FRA
Winter Garden,US,MIA
Tunapuna,TT,MIA
Midleton,IE,DUB
Mo i Rana,NO,OSL
Beitunia,PS,MRS
Ans,BE,BRU
Sant'Angelo Lodigiano,IT,FCO
Barcelona,VE,MIA
Thiméon,BE,BRU
Temirtau,KZ,AKX
Richmond,GB,LHR
Manta,EC,GYE
Bedihošť,CZ,PRG
Papamoa,NZ,AKL
Rawa Mazowiecka,PL,WAW
Bad Bevensen,DE,FRA
Preveza,GR,SOF
S. Carlo,CH,ZRH
Cogan,PH,HKG
Moises Padilla,PH,HKG
Volketswil / Volketswil (Dorf),CH,ZRH
Skellefteå,SE,HEL
Taguig,PH,NRT
Bayambang,PH,HKG
Trångsund,SE,ARN
Jasper,CA,YVR
Chur,CH,ZRH
Huskvarna,SE,ARN
Natorigaoka,JP,NRT
Florham Park,US,EWR
Gordonvale,AU,SYD
Samtredia,GE,VIE
Davao City,PH,HKG
Old Faliron,GR,ATH
Ahualulco de Mercado,MX,LAX
Wörth am Rhein,DE,FRA
Vigonza,IT,FCO
Shikatebukuro,JP,NRT
Kelmė,LT,VNO
Lehi,US,SLC
Niederweningen,CH,ZRH
Bandung,ID,SIN
Miyaharachō,JP,NRT
Zeitz,DE,FRA
Straume,NO,OSL
Eichstätt,DE,MUC
Pesisir Selatan,ID,SIN
Eslohe,DE,FRA
Bayan Lepas,MY,KUL
Kuka,JP,KIX
San Nicolás de los Garza,MX,DFW
Officer,AU,MEL
Santander de Quilichao,CO,MIA
Zrenjanin,RS,PRG
Logan Village,AU,SYD
Schmalkalden,DE,FRA
Colorado Springs,US,DEN
Sano,JP,NRT
Albuquerque,US,DEN
Tabontabon,PH,HKG
Lago Puelo,AR,GRU
Guarenas,VE,MIA
Sörberge,SE,ARN
Ilioúpoli,GR,ATH
Bergamo,IT,MXP
Higashinakada,JP,NRT
Vigevano,IT,FCO
Wutöschingen,DE,MUC
Orlová,CZ,PRG
Berlin,DE,TXL
Sömmerda,DE,FRA
Worbis,DE,FRA
Duga Resa,HR,ZAG
Hamelin,DE,FRA
Dos Hermanas,ES,MAD
Völkermarkt,AT,VIE
Breyten,ZA,CPT
Tatsuno,JP,NRT
Ōgami,JP,NRT
Kijal,MY,KUL
Messerich,DE,FRA
Markham,CA,YYZ
São Paulo,BR,GRU
Greenwood Village,US,DEN
Sackville Reach,AU,SYD
Calgary,CA,YYC
Point Arena,US,SJC
Hamm,DE,DUS
Carmel,US,ORD
Avilés,ES,MAD
Senigallia,IT,MXP
Pasir Gudang,MY,KUL
Prebold,SI,FRA
Smögen,SE,CPH
Thorsby,CA,YYC
Mislata,ES,MAD
Nomura,JP,KIX
Stegaurach,DE,FRA
Caguas,PR,IAD
Peace River,CA,YVR
Rivera,UY,GRU
Benalla,AU,MEL
Ebern,DE,FRA
Michelena,VE,MIA
Romita,MX,DFW
Szolnok,HU,VIE
Tarlac City,PH,MNL
Gualala,US,SJC
Manching,DE,MUC
Hiratsuka,JP,NRT
Hoppegarten,DE,TXL
Shakujiimachi,JP,NRT
Dubai,AE,MRS
Ōkuchi-shinohara,JP,NRT
Pristina,XK,SOF
Fredericton,CA,EWR
North Vancouver,CA,YVR
Shimura,JP,NRT
Kungsbacka,SE,CPH
Santo Tomé,AR,GRU
Lens,BE,BRU
Bochnia,PL,WAW
Yomitan,JP,KIX
La Perdoma,ES,MAD
Mount Juliet,US,ATL
Biasca,CH,ZRH
Bietigheim-Bissingen,DE,FRA
Mantova,IT,MXP
Breslau,CA,YYZ
Wandsworth,GB,LHR
Dettelbach,DE,FRA
Erkner,DE,TXL
Batam,ID,SIN
Mittweida,DE,DUS
Ágios Nikólaos,GR,ATH
Hatsugano,JP,KIX
Tempe,US,LAX
Struer Municipality,DK,CPH
Minden,DE,FRA
Valea Lupului,RO,FRA
Buftea,RO,OTP
Strba,SK,VIE
Ciudad Bolívar,VE,MIA
Rathcoole,IE,DUB
Bad Belzig,DE,TXL
Steinhagen,DE,FRA
Chalmette,US,ATL
Erndtebrück,DE,DUS
Balbriggan,IE,MAN
Bad Hersfeld,DE,FRA
Paço de Arcos,PT,LIS
Rawang,MY,SIN
Dublin,IE,LHR
Tofino,CA,YVR
Libertador San Martín,AR,GRU
Kyauk Ta Dar,MM,SIN
Oak Ridges,CA,YYZ
Koria,FI,CPH
Las Rozas de Madrid,ES,MAD
Olivos,AR,MIA
Tsurumi,JP,NRT
Lidingö,SE,ARN
Askersund,SE,ARN
Koria,FI,OSL
Prince Albert,ZA,JNB
Duren Sawit,ID,SIN
Titisee-Neustadt,DE,FRA
Imārat Umm al Qaywayn,AE,SIN
Front Royal,US,IAD
Sangandaan,PH,HKG
Leixlip,IE,DUB
Greve,DK,CPH
Benavídez,AR,GRU
Chiswick,GB,LHR
Kerpen,DE,MUC
Towada,JP,NRT
Kirkenes,NO,OSL
Erin,CA,YYZ
Thimphu,BT,PBH
Otavalo,EC,GYE
Lugano,CH,ZRH
Szeged,HU,VIE
Matsugaoka,JP,NRT
Salem,US,EWR
Brühl,DE,FRA
Teziutlán,MX,QRO
Neu-Anspach,DE,FRA
San Pedro,PH,MNL
Clewiston,US,MIA
Calauag,PH,HKG
Sommerein,AT,VIE
Wellington,CA,YYZ
Leuna,DE,FRA
Basècles,BE,BRU
Olathe,US,OMA
Findlay,US,ORD
Pforzheim,DE,TXL
Brooklyn,US,LAX
Asahichō,JP,NRT
South Windsor,AU,PER
Acharnes,GR,ATH
Freigericht,DE,FRA
Strumica,MK,SOF
Hildesheim,DE,FRA
Welwyn Garden City,GB,LHR
Hackney,GB,LHR
Bultfontein,ZA,JNB
Tomegaya,JP,NRT
Ichibanchō,JP,NRT
Meitingen,DE,FRA
Cēsis,LV,RIX
Sukabumi,ID,SIN
Boom,BE,BRU
Chūō,JP,NRT
Gunzenhausen,DE,FRA
Pasig,PH,HKG
Frederikssund,DK,CPH
Condobolin,AU,SYD
Yangon,MM,SIN
Reynosa,MX,QRO
Jaen,PH,MNL
Masullas,IT,MXP
Scarborough,AU,SYD
Tatamagouche,CA,EWR
Marratxí,ES,MAD
Basel,CH,ZRH
Vallensbæk,DK,CPH
Darwin,AU,ADL
Handen,SE,CPH
Cholargós,GR,ATH
Ibb,YE,MCT
Zörbig,DE,FRA
Aalen,DE,FRA
Salvatierra,MX,DFW
Glen Burnie,US,IAD
Castle Rock,US,DEN
Furtwangen im Schwarzwald,DE,FRA
Berikon,CH,ZRH
Bekecs,HU,VIE
Rocky Mount,US,JAX
Mar del Plata,AR,GRU
Bonnyville,CA,YYC
Chimbote,PE,LIM
Moonstone,CA,YYZ
Gratkorn,AT,VIE
Manhattan,US,MCI
Câmpia Turzii,RO,OTP
Bad Münder am Deister,DE,FRA
Allen,US,DFW
Hume,US,IAD
Ocean Shores,AU,SYD
Loxstedt,DE,TXL
Illertissen,DE,TXL
Curra,AU,SYD
Schwarzenbek,DE,TXL
Walung,FM,GUM
Calceta,EC,GYE
Lanciano,IT,MXP
Pasadena,US,LAX
Stittsville,CA,YUL
Rasdhoo,MV,MLE
Vällingby,SE,ARN
Nummela,FI,HEL
Saham,OM,MCT
Uitikon,CH,ZRH
Wesseling,DE,DUS
Misawa,JP,NRT
Rauma,FI,HEL
Taubaté,BR,GRU
Rumuruti,KE,MRS
Kattem,NO,OSL
Eilenburg,DE,DUS
Vedano al Lambro,IT,FCO
Gerersdorf,AT,VIE
Plovdiv,BG,IST
Molinella,IT,MXP
Heilbad Heiligenstadt,DE,FRA
Westminster,US,LAX
Scharnstein,AT,VIE
Limbach-Oberfrohna,DE,FRA
Riba de Ave,PT,LIS
Penacova,PT,LIS
Šamorín,SK,VIE
Oga,JP,KIX
Formosa,AR,SCL
Ciudad Guzmán,MX,QRO
La Roche-en-Ardenne,BE,BRU
Lévis,CA,YUL
Bambang,PH,HKG
Dhaka,BD,DAC
Ozorków,PL,WAW
Pasay,PH,HKG
Ptuj,SI,VIE
Segovia,ES,MAD
Tangermünde,DE,FRA
Novelda,ES,MAD
Noke,JP,KIX
Linköping,SE,ARN
Lillesand,NO,OSL
Lima region,PE,LIM
Montegrotto Terme,IT,FCO
Tartu,EE,TLL
Storrington,GB,LHR
Oberasbach,DE,MUC
Oranjestad,AW,EWR
Fair Lawn,US,EWR
Tema,GH,LHR
Santa Fe,AR,EZE
Florianópolis,BR,GRU
San Juan del Cesar,CO,MIA
Louvain-la-Neuve,BE,BRU
Saviano,IT,MXP
Louisville,US,ORD
Moate,IE,DUB
Kyōzuka,JP,KIX
Seville,ES,MAD
Krasnodar,RU,VNO
El Dorado,TT,MIA
Tijuana,MX,DFW
Proyeto Rio Sonora Hermosillo XXI,MX,QRO
Ciudad del Este,PY,GRU
100 Mile House,CA,SEA
San Felice A Cancello,IT,MXP
Greenwich,GB,LHR
Sant'Egidio del Monte Albino,IT,MXP
Mambourin,AU,SYD
Batangas,PH,HKG
Offenbach,DE,FRA
Coconut Creek,US,MIA
Slovenský Grob,SK,VIE
Ninomiya,JP,NRT
Stoneham,CA,YUL
Nirasaki Shi,JP,NRT
Magdalena de Kino,MX,DFW
Cerhenice,CZ,PRG
Dresden,DE,FRA
Alexandria,RO,OTP
Yaman,YE,MCT
Iecava,LV,RIX
Parit Buntar,MY,KUL
Barcelona,ES,MRS
Porto Seguro,BR,GRU
Mockrehna,DE,FRA
Liederbach,DE,FRA
Grandvaux,CH,ZRH
Koganehara,JP,NRT
Banka,SK,VIE
San Manuel,PH,HKG
Schwaan,DE,TXL
Moruya,AU,SYD
Port Perry,CA,YYZ
Sada,YT,RUN
Olching,DE,FRA
Kanoya,JP,KIX
Lauwe,BE,BRU
Somerset West,ZA,JNB
West Jordan,US,SLC
Arandas,MX,DFW
Nakusp,CA,YVR
Birmingham,US,JAX
Peschiera Borromeo,IT,MXP
Ballerup Municipality,DK,CPH
Kaizuka,JP,NRT
Homburg,DE,FRA
Durbuy,BE,BRU
Bryne,NO,OSL
Barreiro,PT,LIS
Homestead,US,ATL
Reconquista,AR,SCL
Gioia Tauro,IT,MXP
Cortaillod,CH,ZRH
Trento,IT,MXP
Partille,SE,CPH
Innisfail,CA,YYC
Kaikohe,NZ,AKL
Rümlang,CH,ZRH
San Pablo,CR,MIA
Kotka,FI,HEL
Gjilan,XK,SOF
Whitby,CA,YYZ
Prêles,CH,ZRH
Viladecans,ES,MAD
Kotamobagu,ID,SIN
Västerås,SE,ARN
Ühlingen-Birkendorf,DE,DUS
Niemcz,PL,WAW
Penetanguishene,CA,YYZ
New Albany,US,ORD
El Pueblito,MX,QRO
Plüderhausen,DE,TXL
Neyagawa,JP,KIX
Grafenwörth,AT,VIE
Fulda,DE,FRA
Langenschönbichl,AT,VIE
Friedrichstadt,DE,TXL
Nellis Air Force Base,US,LAX
Matsuyama,JP,NRT
Lebanon,US,ORD
Nishibori,JP,NRT
Kladovo,RS,BEG
Anaheim,US,LAX
Minatomachi,JP,KIX
Lipa City,PH,MNL
Ljubljana,SI,VIE
Bad Iburg,DE,MUC
Crissier,CH,ZRH
Kugayama,JP,NRT
Mengen,DE,FRA
Kumanovo,MK,SOF
Leogang,AT,VIE
Sylvan Lake,CA,SEA
Goolmangar,AU,SYD
La Ravine des Cabris,RE,RUN
Târgovişte,RO,OTP
Muff,IE,MAN
Briosco,IT,MXP
Montegalda,IT,FCO
Schweinfurt,DE,FRA
Ubud,ID,SIN
Presidente Derqui,AR,EZE
Sragen,ID,SIN
Waterford,IE,DUB
Alberton,ZA,CPT
Ságújfalu,HU,VIE
Infanta,PH,HKG
Jar,NO,OSL
Cirebon,ID,SIN
Chicago,US,ORD
Naha,JP,KIX
Ridgeway,CA,YYZ
Chaguanas,TT,POS
Ward,US,DEN
Uboldo,IT,MXP
Kitakami,JP,NRT
Camalig,PH,MNL
California,TT,MIA
Kameido,JP,NRT
Gänserndorf,AT,VIE
Fukui-shi,JP,KIX
Minesing,CA,YYZ
Hirosaki,JP,NRT
Saint Thomas de Montmagny,CA,YUL
Rinteln,DE,FRA
San José de Metán,AR,GRU
Mórahalom,HU,VIE
Tapa,EE,TLL
Izúcar de Matamoros,MX,QRO
Ochsenfurt,DE,FRA
Grafing bei München,DE,MUC
Rohrbach an der Lafnitz,AT,VIE
Anaco,VE,MIA
Lierstranda,NO,OSL
Sekimachikita,JP,NRT
Pully,CH,ZRH
Wolhusen,CH,ZRH
Poplar,GB,LHR
Schwäbisch Hall,DE,FRA
Wondai,AU,SYD
Ise,JP,KIX
Campi Bisenzio,IT,MXP
Novaliches Proper,PH,HKG
Ribarroja del Turia,ES,MAD
Lier,BE,BRU
Dietzhölztal,DE,FRA
Sakai,JP,KIX
Rathmichael,IE,ORK
Tsurumaki,JP,NRT
Winchester,GB,MAN
Robbinsville,US,JAX
Drumheller,CA,YYC
Manta,EC,MIA
Årslev,DK,CPH
Pfinztal,DE,FRA
Templin,DE,TXL
Glenbrook,AU,SYD
Drogheda,IE,LHR
Zavar,SK,VIE
Harjumaa,EE,TLL
Praia,CV,LIS
Hoeselt,BE,BRU
Cosquín,AR,EZE
Amay,BE,BRU
Zulpich,DE,DUS
Chania,GR,ATH
Nagyszekeres,HU,VIE
Quispamsis,CA,EWR
Wegberg,DE,FRA
Ieper,BE,BRU
Pandrup,DK,FRA
Birmensdorf,CH,ZRH
Molave,PH,HKG
Štítina,CZ,PRG
Pinamar,AR,GRU
Walnut,US,DFW
Catania,IT,MXP
Tsukagoshi,JP,NRT
Orihuela,ES,MAD
Tustin,US,LAX
Jose Abad Santos,PH,HKG
Saint-Pierre,RE,RUN
Bad Saulgau,DE,MUC
Peitz,DE,TXL
Warragul,AU,MEL
Salford,GB,LHR
Heidelberg,ZA,JNB
Hagen,DE,DUS
Tehuacán,MX,QRO
Viedma,AR,EZE
Minneapolis,US,MSP
Starnberg,DE,MUC
Dieppe,CA,YUL
Grimma,DE,FRA
Medford,US,EWR
Waitara,NZ,AKL
Cleveland,US,YYZ
Ankara,TR,FRA
Prijepolje,RS,BEG
Ukmerge,LT,RIX
General Roca,AR,SCL
Yuriria,MX,DFW
Lengdorf,DE,MUC
Sulzfeld,DE,MUC
Lawson,AU,SYD
Ilanz,CH,ZRH
Isogo,JP,NRT
Sangre Grande,TT,MIA
Longchamps,AR,SCL
Uściąż,PL,WAW
Trøgstad,NO,OSL
Albuera,PH,MNL
Duluth,US,IAD
Catania,IT,FCO
Piazzola sul Brenta,IT,FCO
Pare,ID,SIN
Kalgoorlie,AU,SYD
Westerstede,DE,TXL
Fels am Wagram,AT,VIE
Casalnuovo di Napoli,IT,MXP
Gera,DE,FRA
Campo Sesenta y Cuatro B,MX,QRO
Pabianice,PL,WAW
Belgrade,RS,BEG
Bacoor,PH,HKG
Sankt Ingbert,DE,FRA
Sunbury,US,EWR
Sanctuary Point,AU,SYD
Saint-Moïse,CA,YUL
Woodland Hills,US,LAX
Fort Ann,US,EWR
Erwitte,DE,FRA
Bitburg,DE,FRA
Fedje,NO,OSL
Nové Mesto nad Váhom,SK,VIE
Bullhead City,US,LAX
Mansfield,US,DFW
Porac,PH,HKG
Genappe,BE,BRU
Vale of Clwydd,AU,SYD
Bayan Lepas,MY,YYZ
Tapachula,MX,QRO
L-Iklin,MT,MXP
Abensberg,DE,MUC
Somerton,US,DFW
Mortsel,BE,BRU
Waldshut-Tiengen,DE,MUC
Virginia,ZA,LHR
Grudziądz,PL,WAW
Caher,IE,DUB
Greer,US,ATL
Lami,FJ,SYD
Dreieich,DE,FRA
Barugo,PH,HKG
South Jordan,US,SLC
Florencia,HN,MIA
Catbalogan,PH,HKG
Thorold,CA,YYZ
Mosonmagyaróvár,HU,VIE
Cianjur,ID,SIN
Lula,US,ATL
Tres de Febrero,AR,EZE
Lilongwe,MW,JNB
Hüllhorst,DE,FRA
Son,NO,OSL
Gschwend,DE,FRA
Neu-Ulm,DE,FRA
Bayreuth,DE,MUC
Kensington,GB,LHR
Cuauhtémoc,MX,QRO
Mittel-Gründau,DE,FRA
Uppsala,SE,CPH
Attendorn,DE,DUS
Arakawa,JP,NRT
Frechen,DE,FRA
Orbe,CH,ZRH
Latiano,IT,FCO
Ústí nad Labem,CZ,PRG
Sanaa,YE,MCT
Naxxar,MT,MXP
Kolding,DK,CPH
Cavriglia,IT,MXP
Alaminos,PH,HKG
Dunabogdány,HU,VIE
Riohacha,CO,MIA
Goodyear,US,SLC
Bitetto,IT,MXP
Cold Lake,CA,YYC
Manevychi,UA,WAW
Puerto Vallarta,MX,QRO
Ḩajjah,YE,MCT
Leesburg,US,MIA
Romanshorn,CH,ZRH
Kolbotn,NO,OSL
Ripollet,ES,MAD
Morges,CH,ZRH
Province of Zambales,PH,SIN
Pasig-bo,PH,NRT
Ica,PE,LIM
Eunice,US,DFW
Altenkirchen,DE,FRA
Wiehl,DE,DUS
Borsbeek,BE,BRU
Sollentuna,SE,ARN
Mawanella,LK,SIN
Venda Nova,PT,LIS
Middleton Grange,AU,SYD
Croydon,GB,MAN
Alma,CA,YUL
Torremolinos,ES,MAD
Teplice,CZ,PRG
Älvsjö,SE,ARN
Pátrai,GR,ATH
Purwokerto,ID,SIN
Grodzisk Mazowiecki,PL,WAW
Trilj,HR,BUD
Lower Sackville,CA,YUL
Numarán,MX,QRO
Pfaffenhofen,DE,FRA
Fukuda,JP,NRT
San Cristóbal de La Laguna,ES,MAD
Cursdorf,DE,FRA
Sun Prairie,US,ORD
Igoumenitsa,GR,ATH
Loka pri Žusmu,SI,FRA
Hachinohe,JP,NRT
Silea,IT,MXP
Frick,CH,ZRH
Ranau,MY,KUL
Farciennes,BE,BRU
Worms,DE,FRA
Sakado,JP,NRT
Boechout,BE,BRU
Burladingen,DE,MUC
Wenden,DE,FRA
Sète,FR,MRS
Muggiò,IT,MXP
Overath,DE,MUC
Wilfleinsdorf,AT,VIE
Weißensberg,DE,FRA
Pulaski,US,IAD
Surabaya,ID,SIN
Hohenwestedt,DE,DUS
Bistriţa,RO,OTP
Békés,HU,VIE
Roma,SE,OSL
Wilrijk,BE,BRU
Hauenstein,DE,MUC
Ronnenberg,DE,FRA
Gravina di Catania,IT,MXP
Benito Juarez,MX,QRO
Hoegaarden,BE,BRU
Warrenton,US,IAD
Court-Saint-Étienne,BE,BRU
Yonabaru,JP,KIX
Nerima,JP,NRT
Barnet,GB,LHR
Friedelsheim,DE,FRA
Pagkráti,GR,ATH
Alfredo V. Bonfil,MX,DFW
Lubumbashi,CD,LIS
Ravensburg,DE,MUC
Tromsø,NO,OSL
Majadahonda,ES,MAD
Drebkau,DE,TXL
Dutywa,ZA,LIS
Clearwater,US,TPA
Wuppertal,DE,FRA
Beaumont,CA,YVR
Nakano,JP,NRT
Rosenheim,DE,MUC
Midorichō,JP,NRT
Neusiedl am See,AT,VIE
Bellinzona,CH,ZRH
Kokshetau,KZ,AKX
Tsuruga,JP,KIX
Hønefoss,NO,CPH
Râmnicu Vâlcea,RO,OTP
Seefeld,DE,MUC
Cornwall,CA,YUL
Waterdown,CA,YYZ
Santo Tirso,PT,LIS
Kurokami,JP,KIX
Hollywood,US,MIA
Sector 5,RO,OTP
Stuhr,DE,FRA
Bad Krozingen,DE,FRA
Makó,HU,VIE
Al Fujairah City,AE,SIN
Asperding,AT,VIE
Gárdony,HU,BUD
Ipil,PH,HKG
Pefferlaw,CA,YYZ
Melbourne,US,MIA
Matsapha,SZ,JNB
Saint-Germain-de-Grantham,CA,YUL
Geiselwind,DE,MUC
Hyogo-ku,JP,KIX
Trois-Rivières,CA,YUL
Mátészalka,HU,VIE
East London,ZA,LHR
Lloydminster,CA,YYZ
Pesaro,IT,MXP
Wakabadai,JP,NRT
Villa Constitución,AR,GRU
El Talar,AR,SCL
Riverview,CA,EWR
Maysville,US,ATL
Chęciny,PL,WAW
Umhlanga,ZA,DUR
Pembroke,CA,EWR
Omemee,CA,YYZ
Bonfeld,DE,MUC
Proserpine,AU,SYD
Narni,IT,MXP
Homer,US,ATL
Waksmund,PL,WAW
Wautoma,US,MSP
Victoria,MT,MXP
Yachimata,JP,NRT
Rizziconi,IT,MXP
Bergheim,DE,DUS
Limay,PH,HKG
Macy,US,ORD
Como,IT,FCO
Capalaba,AU,SYD
Taman Sari,ID,SIN
Frankenberg,DE,FRA
Friedberg,DE,FRA
Milton,CA,YYZ
Étalle,BE,BRU
Petit-Bourg,GP,MIA
Varennes,CA,YUL
Conroe,US,DFW
Isshiki,JP,NRT
Little Rock,US,DFW
San Cristóbal,VE,MIA
Bursa,TR,FRA
Ponce,PR,IAD
Codlea,RO,OTP
Veliko Tarnovo,BG,VIE
Vrbas,RS,BEG
Somma Vesuviana,IT,MXP
Actopan,MX,QRO
Bingen am Rhein,DE,FRA
Astoria,US,SJC
Kuopio,FI,HEL
Jaren,NO,OSL
Beltsville,US,IAD
Borki,PL,WAW
Menden,DE,DUS
La Pineda,ES,MAD
Grimsby,CA,YYZ
Asunción,PY,GRU
Minaminagasaki,JP,NRT
Rio de Mouro,PT,LIS
Kampung Ayer Keroh,MY,HKG
Sidoarjo,ID,SIN
Kamekubo,JP,NRT
Kaunas,LT,VNO
Mobara,JP,NRT
Courtételle,CH,ZRH
Mangaldan,PH,HKG
Bakri,MY,KUL
Kurunegala,LK,CMB
Aversa,IT,FCO
Mareeba,AU,SYD
Åtvidaberg,SE,ARN
Ichikawa,JP,NRT
Paseban,ID,SIN
Pantukan,PH,HKG
Frenkendorf,CH,ZRH
Ibaan,PH,HKG
Karumai,JP,NRT
Piquillín,AR,EZE
Alverca do Ribatejo,PT,LIS
Schoten,BE,BRU
Hauzenberg,DE,MUC
Montemor-o-Velho,PT,BOD
Erlensee,DE,FRA
Saskatoon,CA,YVR
Ōi-Suzugamorichō,JP,NRT
Puerto Princesa City,PH,HKG
Fidenza,IT,MXP
Kaufungen,DE,DUS
Rantepao,ID,SIN
Wilkszyn,PL,WAW
Markaryd,SE,OSL
Iwakuni,JP,KIX
Miyako,JP,NRT
Langeoog,DE,FRA
Dippoldiswalde,DE,FRA
Vendas Novas,PT,LIS
George Town,MY,KUL
Taastrup,DK,CPH
Barishal,BD,SIN
Emmendingen,DE,MUC
Chanco,CL,SCL
Dún Laoghaire,IE,DUB
Balik Pulau,MY,KUL
Skanderborg,DK,CPH
Sariaya,PH,HKG
Goldbach,DE,MUC
Josuihoncho,JP,NRT
Humble,US,DFW
Imus,PH,SIN
Chiryū,JP,KIX
Bandaragama,LK,CMB
Espelkamp,DE,FRA
Pétfürdő,HU,BUD
Baja,HU,VIE
Scandiano,IT,MXP
Gentofte Municipality,DK,CPH
Viby J,DK,CPH
Ribnica,SI,FRA
Chorzów,PL,VIE
Törökbálint,HU,VIE
Auetal,DE,FRA
Strășeni,MD,KIV
Aldaia,ES,MAD
Fort Walton Beach,US,ATL
Harlesden,GB,LHR
Petropavl,KZ,ALA
Hillerød,DK,CPH
Rheda-Wiedenbrück,DE,FRA
Vear,NO,OSL
Loulé,PT,LIS
Paimio,FI,HEL
Port Hardy,CA,YVR
Matsue,JP,KIX
Neumarkt-Sankt Veit,DE,MUC
Pender Island,CA,YVR
Matthews,US,ATL
Diani,KE,MBA
Alba,IT,FCO
Otaru,JP,NRT
Comodoro Rivadavia,AR,GRU
Paete,PH,NRT
Biella,IT,MXP
South Bruce Peninsula,CA,YYZ
Sørumsand,NO,OSL
Marana,US,LAX
Mashiko,JP,NRT
Borken,DE,DUS
Liptovský Mikuláš,SK,VIE
Halinów,PL,WAW
Rahden,DE,FRA
Horizon Hills,MY,KUL
Kaijin,JP,NRT
Handa,JP,KIX
Lublin,PL,WAW
Bois-Colombes,FR,CDG
Kettig,DE,DUS
Verona,IT,MXP
Füzesabony,HU,VIE
Oudenaarde,BE,BRU
Livorno,IT,FCO
Haren,DE,FRA
Clovis,US,DEN
Giannitsá,GR,ATH
La Tablada,AR,GRU
Estelí,NI,TPA
Victorias City,PH,HKG
Bad Reichenhall,DE,MUC
Waltham Forest,GB,MAN
Feldbach,AT,VIE
Meerhout,BE,BRU
Ooike,BE,BRU
Absam,AT,VIE
Vaterstetten,DE,MUC
Eden Prairie,US,MSP
Grünwald,DE,FRA
Casarano,IT,MXP
Gresik,ID,SIN
Casalmoro,IT,MXP
Grande Prairie,CA,YYC
Zeil,DE,FRA
Ytterby,SE,CPH
Starogard Gdański,PL,WAW
Yao,JP,KIX
San Giorgio delle Pertiche,IT,FCO
Ellrich,DE,FRA
Marieville,CA,YUL
Kilmallock,IE,DUB
Higashibun,JP,KIX
Woodend,AU,MEL
Hügelsheim,DE,FRA
Neuendettelsau,DE,MUC
Tulfes,AT,VIE
Svortland,NO,OSL
Nishikichō,JP,NRT
Sprimont,BE,BRU
San Martín,AR,EZE
Buff Bay,JM,MIA
Verbier,CH,ZRH
Puerto Madryn,AR,SCL
Priolo Gargallo,IT,MXP
Kushigahama,JP,KIX
Torrent,ES,MAD
Shenandoah,US,IAH
Jitra,MY,KUL
Shisui,JP,NRT
Skärholmen,SE,ARN
Soriano Calabro,IT,MXP
Horn-Bad Meinberg,DE,FRA
Peru,US,STL
Calw,DE,FRA
Lawrence,US,MCI
Bresso,IT,FCO
Salt Spring Island,CA,YVR
Chandler,US,DFW
Horawala Junction,LK,CMB
Philadelphia,US,EWR
Jaffna,LK,CMB
Udine,IT,MXP
New Caney,US,DFW
Nishinomiya,JP,KIX
Kediri,ID,SIN
Winnenden,DE,MUC
Zasole Bielańskie,PL,WAW
Biebelnheim,DE,FRA
Reet,BE,BRU
Holzwickede,DE,DUS
Dübendorf,CH,ZRH
Candijay,PH,HKG
Monterrey,MX,QRO
Wolsfeld,DE,FRA
Bandar Baru Bangi,MY,KUL
Biberach an der Riss,DE,FRA
Svilajnac,RS,BUD
Daik Lingga,ID,SIN
Aalten,NL,BUD
Piatra Neamţ,RO,OTP
Remscheid,DE,DUS
Kapellen,BE,BRU
Kobarid,SI,FRA
Beauport,CA,YUL
Kaitaia,NZ,AKL
Gustavsberg,SE,ARN
Bad Brückenau,DE,FRA
Saint-Augustin-de-Desmaures,CA,YUL
Krakow,PL,WAW
Baybay,PH,MNL
Miskolc,HU,VIE
Weitersburg,DE,FRA
Val-David,CA,YUL
La Brea,TT,MIA
Berchtesgaden,DE,FRA
Hurlingham,AR,MIA
West Guilford,CA,YYZ
Deán Funes,AR,SCL
Ridgeville,US,IAD
Jossgrund,DE,FRA
Dryden,CA,ORD
Palézieux,CH,ZRH
Ledaña,ES,MAD
Steinen,DE,MUC
Vrhnika,SI,FRA
Nagaoka,JP,NRT
Donegal,IE,DUB
Bensheim,DE,FRA
Sempach,CH,ZRH
Catamarca,AR,EZE
Grez-Doiceau,BE,BRU
Alessandria,IT,MXP
Qualiano,IT,FCO
Litovel,CZ,PRG
Zawiercie,PL,WAW
Aomori,JP,NRT
Boppelsen,CH,ZRH
Nyahururu,KE,MRS
Province of Rizal,PH,HKG
Belmont-sur-Lausanne,CH,ZRH
Totonicapán,GT,MIA
Alexandroupoli,GR,ATH
Emmenbrücke,CH,ZRH
Moama,AU,MEL
Tokushima,JP,KIX
Pasig,PH,SIN
Higashiōmiya,JP,NRT
Haskovo,BG,SOF
Sicamous,CA,YVR
Jork,DE,TXL
Leontario,GR,ATH
Neustadt am Rübenberge,DE,TXL
Radekhiv,UA,WAW
Padua,IT,MXP
San Fernando de Escoipe,AR,SCL
Bolingbrook,US,ORD
Chigasaki,JP,NRT
Stanmore,AU,SYD
Minamimagome,JP,NRT
Przecław,PL,HAM
Msida,MT,MRS
Coaldale,CA,YYC
Victoria,US,DFW
Örnsköldsvik,SE,ARN
Altdorf,CH,ZRH
Vaughan,CA,YYZ
Frankfurt am Main,DE,FRA
Durras North,AU,SYD
Schwanau,DE,FRA
São Caetano do Sul,BR,GRU
Weimar,DE,FRA
Bacau,RO,OTP
Schmitten,CH,ZRH
Teolocholco,MX,DFW
Dōzen,JP,KIX
Tessenderlo,BE,BRU
Satrup,DE,TXL
Niiza,JP,NRT
Svenstrup,DK,CPH
Schmallenberg,DE,DUS
Jenin,PS,ZDM
Saint Ann Parish,JM,MIA
Larvik,NO,OSL
Mikkeli,FI,HEL
Apartadó,CO,BOG
Pulai Chondong,MY,KUL
Esneux,BE,BRU
Burntwood,GB,LHR
Röthlein,DE,FRA
Volčja Draga,SI,FRA
Città Sant'Angelo,IT,MXP
Spencer,US,MSP
Penthalaz,CH,ZRH
João Pessoa,BR,GRU
Aclens,CH,ZRH
Mirigama,LK,CMB
Rønne,DK,CPH
Cincinnati,US,ORD
Karcag,HU,VIE
Vranje,RS,BEG
Santa Rosa de Copán,HN,MIA
Škofljica,SI,FRA
Quetzaltenango,GT,TGU
Roman,RO,OTP
Zorneding,DE,MUC
Bad Salzuflen,DE,FRA
West Humber-Clairville,CA,YYZ
Bunbury,AU,PER
Schwabach,DE,FRA
Itzehoe,DE,TXL
Siegburg,DE,DUS
Hasle,NO,OSL
Braulio Hernández Aguirre,MX,QRO
Kuwana,JP,KIX
Grumolo delle Abbadesse,IT,MXP
Tlaxcala City,MX,QRO
Dulliken,CH,ZRH
Kamikuratachō,JP,NRT
Östringen,DE,FRA
Voerde,DE,DUS
San Vicent del Raspeig,ES,MAD
Yegor'yevsk,RU,AMS
Sturgeon Falls,CA,YYZ
Necochea,AR,SCL
Raufoss,NO,OSL
Ōyaguchi,JP,NRT
Grafenberg,DE,FRA
Żurrieq,MT,MXP
Baras,PH,HKG
Colombier,CH,ZRH
Knetzgau,DE,FRA
Olavarría,AR,EZE
Cavite City,PH,MNL
Vrpolje,HR,BUD
Haslum,NO,OSL
Onodai,JP,NRT
Rock Hill,US,JAX
Hajdúnánás,HU,VIE
San Miguel,AR,SCL
Wollerau,CH,ZRH
Omice,CZ,PRG
Yaoundé,CM,JNB
Gifu,JP,KIX
Eydhafushi,MV,MLE
Thornbury,CA,YYZ
Bony,FR,MAN
Kronshagen,DE,TXL
Aßlar,DE,FRA
Castelcucco,IT,MXP
San Nicolás de los Garza,MX,IAH
Sigmaringen,DE,MUC
Kampung Ayer Keroh,MY,SIN
Columbus,US,SJC
Fusagasugá,CO,MIA
Gunnedah,AU,SYD
Ciudad López Mateos,MX,QRO
Slavonski Brod,HR,BUD
Sungai Buloh,MY,KUL
Nocera Inferiore,IT,MXP
Maracay,VE,MIA
North Bay,CA,YYZ
Tavares,US,MIA
Torochō,JP,NRT
Split,HR,BUD
Santiago de los Caballeros,DO,MIA
Padova,IT,MXP
Silang,PH,SIN
Slovenj Gradec,SI,FRA
Mount Airy,US,ATL
Alsbach-Hähnlein,DE,FRA
Ostróda,PL,WAW
Jonquière,CA,YUL
Timaru,NZ,AKL
San Luis Río Colorado,MX,DFW
Ivanjica,RS,BUD
Bethel Town,JM,MIA
Mascalucia,IT,MXP
Schleiden,DE,DUS
Niegosławice,PL,WAW
Malmedy,BE,BRU
Punto Fijo,VE,MIA
Fuchūchō,JP,KIX
Regensdorf,CH,ZRH
Tacoma,US,SEA
Uji,JP,KIX
Brussels,BE,BRU
Wendlingen am Neckar,DE,FRA
Kalsdorf bei Graz,AT,VIE
Shimomaruko,JP,NRT
Karlshus,NO,OSL
Bitritto,IT,MXP
Kottingbrunn,AT,VIE
King City,CA,YYZ
Tranås,SE,ARN
Wilhelmshaven,DE,TXL
Stara Pazova,RS,BUD
Matsuzaki,JP,KIX
Gerona,PH,HKG
Yerevan,AM,EVN
Bad Münstereifel,DE,FRA
Saanichton,CA,YVR
Pfaffenhofen an der Ilm,DE,FRA
Mutsukawa,JP,KIX
Ehingen,DE,FRA
Quezon City,PH,MNL
Santa Barbara,US,LAX
Bonstetten,CH,ZRH
Großsachsenheim,DE,FRA
Matane,CA,YYZ
Swords,IE,ORK
Marl,DE,DUS
Tunuyán,AR,SCL
Furulund,SE,OSL
Nenagh,IE,LHR
Liscate,IT,FCO
Stanmore,GB,MAN
Großheubach,DE,MUC
La Llagosta,ES,MAD
Zacatecoluca,SV,MIA
Hermosillo,MX,QRO
Bevaix,CH,ZRH
Maitland,US,MIA
San Salvador Atenco,MX,QRO
Catia,VE,MIA
Padre Garcia,PH,HKG
Rosebrook,AU,SYD
Hadano,JP,NRT
Bad Hindelang,DE,MUC
Schwalmstadt,DE,FRA
Concepción,AR,EZE
Fujinomiya,JP,KIX
San Luis Río Colorado,MX,QRO
La Fortuna,CR,SJO
Barano d'Ischia,IT,MXP
Lupao,PH,HKG
Brantford,CA,YYZ
Legnano,IT,MXP
Saint-Marc,HT,MIA
South Easton,US,EWR
Marilao,PH,HKG
Santa Ana,US,LAX
Heppenheim an der Bergstrasse,DE,DUS
Nova Pazova,RS,BEG
Glenageary,IE,DUB
Guadalupe,MX,DFW
Sugar Land,US,DFW
Šoštanj,SI,VIE
Merrick,US,EWR
Kegalle,LK,SIN
Katrineholm,SE,ARN
Tláhuac,MX,QRO
Ramstein-Miesenbach,DE,FRA
Brandenburg,DE,TXL
Oakdale,US,MSP
Caracas,VE,MIA
Gweru,ZW,JNB
Achim,DE,FRA
Neuquén,AR,EZE
Taman Senai,MY,KUL
Pfaffhausen,CH,ZRH
Magog,CA,EWR
Lystrup,DK,OSL
Finstadjordet,NO,OSL
Buchen in Odenwald,DE,FRA
Balungao,PH,HKG
Culiacán,MX,DFW
Charleston,US,ORD
Santa Lucía del Camino,MX,DFW
Kawaguchi,JP,NRT
Erding,DE,FRA
Ljungskile,SE,CPH
Christmas,US,MIA
Suzuka,JP,NRT
Stadthagen,DE,DUS
Bad Düben,DE,FRA
Trondheim,NO,OSL
Gehrde,DE,FRA
Ulstrup,DK,CPH
Czechowice-Dziedzice,PL,WAW
Puerto López,EC,LIM
Scheibbs,AT,VIE
Slangerup,DK,CPH
Aspe,ES,MAD
Bromma,SE,OSL
Tahsis,CA,YVR
Beernem,BE,BRU
Niagara Falls,CA,YYZ
Kortenaken,BE,BRU
Ōsaki,JP,NRT
Herndon,US,IAD
Bovisio-Masciago,IT,FCO
Álvaro Obregón,MX,QRO
Mission,US,MFE
Rosario de la Frontera,AR,GRU
Malolos,PH,HKG
Menteng,ID,SIN
Łopuszka Wielka,PL,WAW
Kutaisi,GE,TBS
Marly,CH,ZRH
Öhringen,DE,FRA
Lisbon,PT,LIS
Wittenberg,DE,FRA
Clermont,US,ATL
Morrison,US,DEN
Bandar Seri Begawan,BN,FRA
Pekanbaru,ID,SIN
Ubrique,ES,MAD
Onancock,US,IAD
Cittadella,IT,FCO
Squamish,CA,YVR
Kwidzyn,PL,WAW
Extertal,DE,FRA
Bugyi,HU,BUD
Kalamata,GR,ATH
Salt,ES,MAD
Maple Grove,US,MSP
Buccinasco,IT,FCO
Lostorf,CH,ZRH
Aguas Blancas,AR,SCL
Nashua,US,BOS
Rotkreuz,CH,ZRH
Pilsen,CZ,PRG
Jagodina,RS,BEG
Bella Vista,AR,GRU
Kisumu,KE,JNB
Kirishima Shi,JP,KIX
Salamander Bay,AU,SYD
Quilmes,AR,GRU
Jambi City,ID,SIN
La Paz,PH,HKG
Rio Vista,US,SJC
Yoshihara,JP,KIX
Spoltore,IT,MXP
Panotla,MX,DFW
Międzychód,PL,WAW
Verano Brianza,IT,MXP
Marabu,MY,KUL
Wemding,DE,MUC
Dungloe,IE,DUB
Unquillo,AR,GRU
Lena,NO,OSL
Nobeoka,JP,KIX
Pasewalk,DE,TXL
Kürten,DE,DUS
Irvine,US,LAX
Celestynów,PL,WAW
Mahdia,GY,MIA
Carrara,IT,FCO
Athens,GR,ATH
Viña del Mar,CL,MIA
Thika,KE,NBO
Kampung Sirusa,MY,KUL
Albissola Marina,IT,MXP
Merelbeke,BE,BRU
Kalutara,LK,SIN
Rho,IT,MXP
L'Ancienne-Lorette,CA,YUL
Mogliano Veneto,IT,MXP
Limhamn,SE,CPH
Kitale,KE,MPM
Mogege,PT,LIS
Tagaytay,PH,HKG
Concordia,AR,EZE
Rodriguez,PH,SIN
Santa Clara,US,SJC
Chester,US,DFW
El Progreso,HN,MIA
Junín,AR,SCL
Naas,IE,DUB
Cundinamarca,CO,MIA
Aylmer,CA,YUL
Buchs / Buchs (Dorf),CH,ZRH
Sunrise,US,MIA
Miercurea-Ciuc,RO,OTP
Dokka,NO,OSL
Steinbach am Wald,DE,MUC
Pleasanton,US,SJC
Alfonso,PH,MNL
Koronadal,PH,MNL
Litoměřice,CZ,PRG
Geretsried,DE,VIE
Prato,IT,MXP
Oakesdale,US,SEA
Lhokseumawe,ID,SIN
Torreón,MX,QRO
Sanjō,JP,NRT
Grasbrunn,DE,FRA
Huejotzingo,MX,DFW
Komaki,JP,KIX
Obourg,BE,BRU
Nungua,GH,ACC
Moses Lake,US,SEA
Garland,US,DFW
Moriguchi,JP,KIX
Trossingen,DE,FRA
Tamborine Mountain,AU,SYD
Belle River,CA,YYZ
Kotka,FI,OSL
Sanaa Governorate,YE,MCT
Hacienda de Las Palmas,MX,DFW
Dywity,PL,WAW
Goyave,GP,MIA
Dhihdhoo,MV,MLE
Tonopah,US,DFW
Holland Park,AU,SYD
Kilcock,IE,DUB
Hebron,PS,ZDM
Stemwede,DE,FRA
Bergkamen,DE,FRA
Kirchhundem,DE,DUS
Štětí,CZ,FRA
Devon,CA,YYC
Hoboken,US,EWR
Tōkai-shi,JP,KIX
Grenchen,CH,ZRH
Bogor,ID,SIN
Swan Hills,CA,YVR
Foremost,CA,YYC
Tajimi,JP,KIX
Naxos,GR,ATH
Huichapan,MX,DFW
Bösingen,DE,FRA
Dundalk,IE,DUB
Bad Breisig,DE,FRA
Noveleta,PH,SIN
Getúlio Vargas,BR,GRU
Oyama,JP,NRT
Elmshorn,DE,DUS
Akita,JP,NRT
Palencia,ES,MAD
Schiffweiler,DE,DUS
Neufeld an der Leitha,AT,VIE
Nordborg,DK,CPH
Rocky View,CA,YVR
Póvoa de Santa Iria,PT,LIS
Barquisimeto,VE,BOG
Weißkirchen in Steiermark,AT,VIE
Turda,RO,OTP
Digos,PH,HKG
Edmundston,CA,EWR
Sokołów Podlaski,PL,WAW
Itasca,US,ORD
Gaildorf,DE,FRA
Yokosuka,JP,NRT
Kingstown,VC,MIA
Åsljunga,SE,CPH
Fornebu,NO,OSL
Kitwe,ZM,JNB
Jegunovce,MK,SOF
Same,TL,SIN
Woodsfield,US,YYZ
Venustiano Carranza,MX,QRO
Salmon Arm,CA,YVR
Porto-Novo,BJ,JNB
Greifswald,DE,TXL
Brandbu,NO,OSL
Kelowna,CA,YVR
Gerzensee,CH,ZRH
Addison,US,DFW
Grosuplje,SI,FRA
Jonsered,SE,ARN
García,MX,QRO
Rochefort,BE,BRU
Sainte-Anne-des-Monts,CA,YUL
Santa Cruz,TT,POS
Western Junction,AU,SYD
Dinkelsbühl,DE,FRA
Viganello,CH,ZRH
Estrella de Campeche,MX,QRO
Surte,SE,CPH
Saint-Raymond-de-Portneuf,CA,YUL
Beeton,CA,YYZ
Nakatehara,JP,NRT
Rosemont,US,ORD
Atuntaqui,EC,MIA
Mobile,US,ATL
Riemst,BE,BRU
Korntal,DE,MUC
Caguas,PR,MIA
Jabalia,PS,ZDM
Corona,US,LAX
Renens,CH,ZRH
Herten,DE,DUS
Manno,CH,ZRH
Sanford,US,MIA
Cuprona,AU,HBA
Palma,ES,MAD
Mesztegnyő,HU,VIE
Levice,SK,VIE
Šoporňa,SK,VIE
San José,AR,GRU
Igusa,JP,NRT
Markt Schwaben,DE,MUC
Attendorn,DE,FRA
Camarate,PT,LIS
Tecomán,MX,QRO
Notranje Gorice,SI,FRA
Alenquer,PT,LIS
Grogol Selatan,ID,SIN
Heddesheim,DE,FRA
Uetze,DE,DUS
Kumasi,GH,ACC
Thimister-Clermont,BE,BRU
Markt Allhau,AT,VIE
Moss,NO,OSL
Rorschach,CH,ZRH
Mitchell/Ontario,CA,YYZ
Agnone,IT,MXP
Yamaguchi,JP,KIX
Jülich,DE,DUS
Humenné,SK,VIE
Rott am Inn,DE,MUC
Miyazaki,JP,NRT
Gallipoli,IT,MXP
Puck,PL,WAW
Friedrichshafen,DE,FRA
Bitterfeld-Wolfen,DE,FRA
Schio,IT,MXP
Gessate,IT,MXP
Palu,ID,SIN
San Ġwann,MT,MRS
Claremorris,IE,DUB
San Isidro,AR,EZE
Maserà di Padova,IT,MXP
Velika Plana,RS,BEG
Redmond,US,SEA
Port Alberni,CA,YVR
Bouillon,BE,BRU
March,DE,MUC
Irapuato,MX,QRO
Cabanatuan City,PH,HKG
Beauharnois,CA,YUL
Los Baños,PH,HKG
Louiseville,CA,YUL
Coswig,DE,FRA
Castlegar,CA,YVR
Caseros,AR,SCL
Onitsha,NG,LHR
Großdubrau,DE,FRA
Trout Lake,US,SEA
Northeim,DE,FRA
Wappingers Falls,US,IAD
Groveland,US,PDX
Flower Mound,US,EWR
Pimpama,AU,SYD
Véroia,GR,ATH
Velika Krsna,RS,BUD
Neuburg an der Donau,DE,MUC
Almere Stad,NL,AMS
Cheyenne,US,DEN
Chalcis,GR,ATH
Plochingen,DE,MUC
Wanaka,NZ,AKL
La Carlota,PH,HKG
Speichersdorf,DE,MUC
Orta di Atella,IT,MXP
Erie,US,ORD
Taipei,TW,NRT
Wiernsheim,DE,FRA
Heroica Ciudad de Tlaxiaco,MX,QRO
Las Heras,AR,EZE
Paradise,CA,EWR
Daugavpils,LV,RIX
Ōta,JP,NRT
Savonlinna,FI,HEL
Semey,KZ,AKX
Elsenfeld,DE,MUC
Bologna,IT,MXP
Komenda,SI,VIE
Schwäbisch Gmünd,DE,FRA
Itō,JP,KIX
Radolfzell,DE,MUC
Miyacho,JP,KIX
London,CA,YYZ
Sotokanda,JP,NRT
Svendborg,DK,CPH
San Miguel de Allende,MX,QRO
Lambeth,GB,LHR
Monor,HU,VIE
Georgetown,US,DFW
Hafnarfjordur,IS,KEF
Låsby,DK,CPH
Norden,DE,FRA
Ellwangen,DE,FRA
Jette,BE,BRU
Unionville,CA,YYZ
Fontaniva,IT,MXP
Wayne,US,EWR
Wroclaw,PL,WAW
De Pere,US,ORD
Claußnitz,DE,FRA
Odesa,UA,WAW
Tomaszów Mazowiecki,PL,WAW
Scarborough,CA,YYZ
Balaclava,JM,MIA
Skive,DK,CPH
Des Moines,US,MSP
Beeskow,DE,TXL
Hausham,DE,MUC
Albacete,ES,MAD
Treviso,IT,MXP
Reinach,CH,ZRH
Chūōku,JP,NRT
Gyula,HU,BUD
Sala,SE,ARN
Loviisa,FI,ARN
Sohar,OM,MCT
Kolltveit,NO,OSL
Rexdale,CA,YYZ
San Marcellino,IT,MXP
Osterholz-Scharmbeck,DE,FRA
Jonstorp,SE,RIX
The Plains,US,IAD
Heimsheim,DE,FRA
Coppell,US,DFW
Lünen,DE,DUS
Somonino,PL,WAW
Martapura,ID,SIN
Billesholm,SE,CPH
Muurame,FI,HEL
Benningen am Neckar,DE,FRA
Boksburg,ZA,JNB
Medvode,SI,VIE
Saarbrücken,DE,FRA
Mackenzie,CA,YVR
Clane,IE,DUB
Anápolis,BR,GRU
Stockholm,SE,ARN
Dillingen,DE,FRA
Steinen,DE,FRA
Angra do Heroísmo,PT,LIS
Jumet,BE,BRU
Stabekk,NO,OSL
Iwataki,JP,KIX
Saltillo,MX,DFW
Cavan,IE,AMS
Csépa,HU,VIE
Weiterstadt,DE,FRA
Portorož,SI,VIE
Alpirsbach,DE,FRA
Yuba City,US,SJC
Vélez,CO,BAQ
Hagen,LU,LUX
Kenora,CA,ORD
Lordelo,PT,LHR
Sulzfeld,DE,FRA
Veľký Cetín,SK,BTS
Kirchdorf am Inn,DE,MUC
Demak,ID,SIN
Kassel,DE,DUS
Ringwood,US,EWR
Leoben,AT,VIE
Glabbeek,BE,BRU
Yandina Creek,AU,SYD
Greymouth,NZ,AKL
Kulburn,AU,SYD
Mozzo,IT,MXP
Alangalang,PH,HKG
Río Grande,AR,GRU
Rokkocho,JP,KIX
Cap-aux-Meules,CA,YUL
Ōmachi,JP,NRT
Vilarinho das Cambas,PT,LIS
Tanaka,JP,NRT
Stolberg,DE,DUS
Brasov,RO,OTP
Yamoto,JP,NRT
Bonne,FR,LYS
Princeton,CA,YVR
Seinäjoki,FI,HEL
Grafenwöhr,DE,MUC
Belpasso,IT,FCO
Neratovice,CZ,PRG
Hemiksem,BE,BRU
Texcoco,MX,QRO
Bad Kötzting,DE,FRA
Fort St. John,CA,YVR
Tsukuba,JP,NRT
Eiksmarka,NO,OSL
Diest,BE,BRU
Martínez,AR,SCL
Bulle,CH,ZRH
Ipoh,MY,KUL
Sundern,DE,DUS
Mulmur,CA,YYZ
Remich,LU,LUX
Olteniţa,RO,OTP
Serres,GR,ATH
Lübeck,DE,TXL
Estelí,NI,MIA
Okurayama,JP,NRT
Amaicha del Valle,AR,EZE
Puerto Plata,DO,STI
Tobago,TT,MIA
Hahndorf,AU,ADL
Dumalinao,PH,HKG
Puebla City,MX,QRO
White Rock,CA,YVR
Calabacito,CO,MIA
Orange Farm,ZA,JNB
Hajdúsámson,HU,VIE
Ciudad Madero,MX,DFW
Chagrin Falls,US,ORD
Værløse,DK,CPH
Amherstburg,CA,YYZ
La Fría,VE,BOG
Xánthi,GR,ATH
Sauvo,FI,HEL
Durban,ZA,CPT
Waldneukirchen,AT,VIE
Pardubice,CZ,PRG
Gaza Strip,PS,ZDM
Lavéra,FR,MRS
Reserve,US,DFW
Huixquilucan de Degollado,MX,QRO
Zehdenick,DE,TXL
San Pedro Sula,HN,TGU
Santa María Chimalhuacán,MX,DFW
Longueuil,CA,YUL
Clarens,CH,ZRH
Kalisz,PL,WAW
Sumiyoshichō,JP,NRT
Tucson,US,LAX
Sofia,BG,IST
Rock Hill,US,ATL
Baar,CH,ZRH
Buea,CM,LHR
Kuressaare,EE,TLL
Meaford,CA,YYZ
Province of Laguna,PH,HKG
Kettig,DE,FRA
Wilsele,BE,BRU
Gotha,DE,FRA
Villa Victoria,MX,LAX
Buchrain,CH,ZRH
Praia a Mare,IT,FCO
Tullinge,SE,ARN
Halifax,CA,YUL
Makati City,PH,HKG
High Point,US,IAD
Überlingen,DE,FRA
Badulla,LK,CMB
Ingleside,CA,YUL
Minatitlán,MX,QRO
Érsekvadkert,HU,VIE
Swansea,US,EWR
Olofstorp,SE,CPH
Trogir,HR,ZAG
Valle di Cadore,IT,FCO
Pfaffenhofen an der Ilm,DE,MUC
Narvik,NO,OSL
Ta' Xbiex,MT,MXP
Shiohama,JP,NRT
Ciudad de Huajuapan de León,MX,QRO
Heroica Matamoros,MX,QRO
Les Avanchets,CH,ZRH
Uherské Hradiště,CZ,PRG
Großenlüder,DE,FRA
Ferrol,ES,MAD
Piracicaba,BR,GRU
Klagenfurt,AT,VIE
Temse,BE,BRU
Slaný,CZ,PRG
Lindome,SE,GOT
Verviers,BE,BRU
San Pablo,PH,MNL
Pilar,AR,GRU
Wallington,GB,MAN
Malindi,KE,MBA
Mellrichstadt,DE,FRA
Huddinge,SE,ARN
Cerdanyola del Vallès,ES,MAD
Wellington,US,DEN
Saint-Zotique,CA,YUL
Škofja vas,SI,FRA
Courtelary,CH,ZRH
Antipolo City,PH,HKG
Hagåtña,GU,NRT
Bad Friedrichshall,DE,FRA
Puerto Iguazú,AR,EZE
Ferreira do Alentejo,PT,LIS
Cavite City,PH,NRT
Lipomo,IT,MXP
Kohtla-Järve,EE,HEL
Lusaka,ZM,JNB
Río Tercero,AR,GRU
Guanajuato City,MX,DFW
Sōka Shi,JP,NRT
Black Diamond,CA,YYC
Kronach,DE,FRA
Næstved,DK,CPH
Torres Vedras,PT,LIS
Aarburg,CH,ZRH
Uraidla,AU,ADL
Perštejn,CZ,PRG
Bragança,PT,LIS
Kikinda,RS,BEG
Schemmerhofen,DE,FRA
Morón de la Frontera,ES,MAD
Komatsu,JP,KIX
Geelong,AU,MEL
Thornhill,CA,YYZ
Sendai,JP,NRT
Herzberg,DE,TXL
Banfield,AR,SCL
Maharagama,LK,CMB
José de San Martín,AR,GRU
Markt Erlbach,DE,MUC
Le Locle,CH,ZRH
Ensenada,MX,LAX
Yap State,FM,GUM
Frankenthal,DE,FRA
Bassum,DE,FRA
Ōgaki,JP,KIX
Sugita,JP,NRT
Katoomba,AU,SYD
Oxnard,US,LAX
Wiesau,DE,FRA
Feira,PT,LIS
Gazzada Schianno,IT,MXP
Veresegyház,HU,VIE
Nierstein,DE,FRA
Moreni,RO,FRA
Cedara,ZA,CPT
Reus,ES,MAD
Ciénega de Flores,MX,MFE
Villars-Ste-Croix,CH,ZRH
Acerra,IT,MXP
Głogów Małopolski,PL,WAW
Dronningmølle,DK,CPH
Nakahara,JP,NRT
Uslar,DE,FRA
Kolambugan,PH,HKG
Tonopah,US,LAX
Veyrier,CH,ZRH
Kreuzau,DE,FRA
Masai,MY,SIN
Glyfada,GR,ATH
Sankt Jakob,AT,VIE
Dryanovo,BG,SOF
Asumigaoka,JP,NRT
Jombang,ID,SIN
Vatne,NO,OSL
Nikaho,JP,NRT
Antsiranana,MG,JNB
Maputo,MZ,MPM
Ennismore,CA,EWR
Heredia,CR,SJO
Castellammare di Stabia,IT,MXP
Diesdorf,DE,FRA
Gore Bay,CA,YYZ
Ebergassing,AT,VIE
Bali Mester,ID,SIN
Ontario,US,LAX
Purkersdorf,AT,VIE
Stróvolos,CY,OTP
Izumichuo,JP,NRT
Wolfau,AT,VIE
Breitenbrunn,DE,MUC
Pateros,PH,HKG
Kraljevo,RS,BUD
Ahaus,DE,DUS
Mezőkövesd,HU,VIE
Jesús María,MX,QRO
Nishiogikita,JP,NRT
Curug,ID,SIN
Fjerdingby,NO,OSL
Vendelsö,SE,OSL
Saijō,JP,KIX
Owerri,NG,LHR
Seelow,DE,TXL
Rohrbach,DE,VIE
Nayd al Kharb,YE,MCT
Stratford,GB,LHR
Spydeberg,NO,OSL
Morriston,US,MIA
Goch,DE,FRA
Terrell,US,DFW
Świniarsko,PL,WAW
Garðabaer,IS,KEF
Dorval,CA,YUL
Seixal,PT,LIS
Marneuli,GE,OTP
Jimbaran,ID,SIN
Geislingen an der Steige,DE,FRA
Formosa,AR,GRU
Wartenberg,DE,FRA
Herbolzheim,DE,FRA
Niamey,NE,LIS
Göppingen,DE,FRA
Santa Fe,PH,HKG
Krugersdorp,ZA,LHR
Kriftel,DE,FRA
Sanderston,AU,ADL
Cayambe,EC,GYE
Burg bei Magdeburg,DE,FRA
Harare,ZW,JNB
Buncrana,IE,DUB
Aflenz,AT,VIE
Praiano,IT,MXP
Floreffe,BE,BRU
Fontaines,CH,ZRH
Plombières,BE,BRU
Leverkusen,DE,FRA
Åsgårdstrand,NO,ARN
Belm,DE,FRA
Hudson,US,MIA
San Mateo Atenco,MX,QRO
Vreden,DE,FRA
Ibiza Town,ES,MAD
Klaipėda,LT,VNO
Posadas,AR,MIA
Libertad,AR,GRU
Capiatá,PY,GRU
Selm,DE,DUS
Otahuhu,NZ,AKL
Ljungbyhed,SE,CPH
Nacajuca,MX,QRO
Kisielice,PL,WAW
Cascina,IT,MXP
Nishikanda,JP,NRT
Lucerne Valley,US,LAX
Turenki,FI,HEL
Mickleham,AU,MEL
Kisarazu,JP,NRT
Pátzcuaro,MX,QRO
Deeragun,AU,BNE
Ylöjärvi,FI,HEL
Rocky Mountain House,CA,YVR
Lorica,CO,MIA
Naxxar,MT,MRS
Milpa Alta,MX,QRO
Port Elizabeth,ZA,JNB
Mytilene,GR,ATH
Araraquara,BR,GRU
Kawasaki,JP,NRT
Upplands Vasby,SE,CPH
Edenderry,IE,DUB
Płock,PL,WAW
Ja Ela,LK,CMB
Viana do Castelo,PT,LIS
Cham,DE,MUC
Mimika,ID,SIN
Adenau,DE,FRA
Petersberg,DE,FRA
Guam North Explosives Dumping Area WW2,GU,SIN
Neu-Isenburg,DE,FRA
Masuda,JP,NRT
Skogås,SE,ARN
Lüssow,DE,TXL
Erlangen,DE,FRA
Denkendorf,DE,FRA
Province of Isabela,PH,SIN
Teraokami,JP,NRT
Villavicencio,CO,BOG
Nøtterøy,NO,OSL
Slivnica pri Mariboru,SI,FRA
Picanya,ES,MAD
Cookstown,CA,YYZ
Livadeia,GR,ATH
Tosagua,EC,MIA
Sopot,PL,WAW
Kassandreia,GR,ATH
Lachen,CH,ZRH
Merksem,BE,BRU
Bathurst,AU,SYD
Pečky,CZ,PRG
Marktheidenfeld,DE,MUC
Leichlingen,DE,DUS
Tampico,MX,DFW
Schankweiler,DE,FRA
Pampatar,VE,MIA
Hollola,FI,CPH
Bjelovar,HR,VIE
Lanús,AR,MIA
Ebara,JP,NRT
Aigio,GR,ATH
Ardee,IE,DUB
Geesthacht,DE,TXL
Kurikka,FI,CPH
Illescas,ES,MAD
Naniwa Ku,JP,NRT
Pamplona,CO,MIA
Itami,JP,KIX
Hallsberg,SE,CPH
Zamboanga City,PH,HKG
Lautoka,FJ,SUV
Mango Hill,AU,SYD
Liepāja,LV,RIX
Pasig-bo,PH,SIN
San Nicolás de los Arroyos,AR,SCL
Chieti,IT,MXP
Córdoba,AR,SCL
Rio Claro,BR,GRU
Shimoishiwara,JP,NRT
Tacloban City,PH,MNL
Tokugawayamacho,JP,KIX
Pragersko,SI,VIE
Berisso,AR,EZE
Delitzsch,DE,TXL
Weiz,AT,VIE
Pocora,CR,MIA
Bungarribee,AU,SYD
Iriga City,PH,HKG
Río Comayagua,HN,MIA
Legaspi Port,PH,HKG
Bree,BE,BRU
Balingen,DE,FRA
Davie,US,MIA
Charlottenlund,DK,CPH
Sonneberg,DE,DUS
Aroroy,PH,HKG
Nikaia,GR,ATH
Auerbach,DE,FRA
Weil am Rhein,DE,FRA
Greystones,IE,DUB
Terrassa,ES,MAD
La Trinidad,PH,HKG
Balve,DE,FRA
Aywaille,BE,BRU
Loja,EC,MIA
Monteverde,IT,MXP
Viedma,AR,GRU
Shoalhaven Heads,AU,SYD
Kongsberg,NO,OSL
Jasper,US,ATL
Trzin,SI,VIE
Trujillo,VE,BOG
Warstein,DE,DUS
Nysa,PL,WAW
Plan-les-Ouates,CH,GVA
Benin City,NG,LHR
Purbalingga,ID,SIN
Verden an der Aller,DE,FRA
Butterworth,MY,KUL
Bielsko-Biala,PL,WAW
Kaitaichi,JP,KIX
Rego,PT,LHR
Gżira,MT,MXP
Logan,US,OMA
Rauen,DE,TXL
Bunker Hill,US,STL
Vandalia,US,ORD
Färjestaden,SE,CPH
Leiden,NL,AMS
Billingham,GB,MAN
Mettmann,DE,DUS
Nishihara,JP,KIX
Alabang,PH,HKG
Weinböhla,DE,FRA
Cruz del Eje,AR,EZE
Werlte,DE,DUS
Sanbongi,JP,NRT
Arnedo,ES,MAD
Windang,AU,SYD
Asuncion,PH,HKG
Quartu Sant'Elena,IT,MXP
Cagayan de Oro,PH,SEA
Sursee,CH,ZRH
Higashiboridōri,JP,NRT
Windeck,DE,FRA
Oaxaca City,MX,QRO
Korosten,UA,KBP
La Ceiba,HN,TGU
Győrújbarát,HU,VIE
Copperas Cove,US,DFW
Neuenburg am Rhein,DE,FRA
Wegscheid,DE,MUC
Burg,DE,FRA
Motala,SE,OSL
Colón,PA,PTY
Las Pintitas,MX,DFW
Pančevo,RS,BEG
Ramah,US,LAX
Spálené Poříčí,CZ,PRG
Beijing,CN,NRT
Neuruppin,DE,TXL
Altengottern,DE,FRA
Ioannina,GR,ATH
Zakynthos,GR,ATH
Vetlanda,SE,CPH
Dorado,PR,IAD
Schongau,DE,FRA
Fujisawa,JP,NRT
Vaduz,LI,FRA
Naujan,PH,HKG
Szklarska Poręba,PL,WAW
Freising,DE,MUC
Nishizaki,JP,KIX
Alcobendas,ES,MAD
Castelló de la Plana,ES,MAD
Denderhoutem,BE,BRU
Jawor,PL,WAW
Epping,AU,SYD
Kačanov,SK,VIE
Hobro,DK,CPH
Kilchberg,CH,ZRH
Geneva,CH,LYS
Roppongi,JP,NRT
Myōden,JP,NRT
Kempner,US,DFW
Casorezzo,IT,MXP
Redwood City,US,SJC
Denpasar,ID,SIN
Isola Vicentina,IT,MXP
Masquefa,ES,MAD
Mthatha,ZA,JNB
Opole,PL,WAW
Ayacucho,PE,GRU
Lichtenau,DE,FRA
Gaspé,CA,YUL
Siparia,TT,MIA
Luján de Cuyo,AR,EZE
Villasis,PH,HKG
Amealco,MX,DFW
Ingersoll,CA,YYZ
Mittelherwigsdorf,DE,FRA
Łącko,PL,WAW
Kesilir,ID,SIN
Opfikon,CH,ZRH
Schornsheim,DE,DUS
Brownsville,US,ATL
Czeladź,PL,WAW
Memmingen,DE,FRA
Enugu,NG,LHR
Crihana Veche,MD,KIV
Pabradė,LT,VNO
Levate,IT,MXP
Cabras,IT,MXP
Banda Aceh,ID,SIN
Dunboyne,IE,DUB
Pecos,US,DEN
Steinheim am Albuch,DE,MUC
Zollikon,CH,ZRH
Bansalan,PH,MNL
Laatzen,DE,MUC
San Justo,AR,GRU
Tauberbischofsheim,DE,FRA
Tamarac,US,MIA
Binbrook,CA,YYZ
Puyallup,US,SEA
Kępno,PL,WAW
Kuala Selangor,MY,KUL
Dauin,PH,HKG
Schorndorf,DE,MUC
Bell Ville,AR,GRU
Beirut,LB,FRA
Rizal,PH,HKG
Gliwice,PL,WAW
Ispica,IT,FCO
Quilmes Oeste,AR,GRU
Del Viso,AR,EZE
New Hamburg,CA,YYZ
Lagos,PT,LIS
Santa Maria,PH,MNL
Dunrobin,CA,YUL
Oradea,RO,OTP
Culleredo,ES,MAD
Brønshøj,DK,CPH
Kasugai,JP,KIX
Stein,DE,MUC
Gerlingen,DE,MUC
Rivière-aux-Outardes,CA,YUL
Eckernförde,DE,TXL
Telšiai,LT,VNO
Bula,PH,MNL
Jesolo,IT,MXP
Opatów,PL,WAW
Wermelskirchen,DE,FRA
Gohongi,JP,NRT
Puchheim,DE,FRA
Puntarenas,CR,SJO
Aurich,DE,FRA
Tlahuelilpan,MX,QRO
Hemau,DE,MUC
Sullana,PE,LIM
Burglengenfeld,DE,MUC
Badalona,ES,MAD
Dasmariñas,PH,MNL
Bacacay,PH,HKG
Sherbrooke,CA,YUL
Jimbolia,RO,FRA
Tangerang,ID,SIN
Agua Prieta,MX,LAX
Pleasant Grove,US,SLC
Lekki,NG,LHR
Penafiel,PT,LHR
Curepe,TT,MIA
Lamia,GR,ATH
Goovigen,AU,SYD
Deggendorf,DE,MUC
Innisfil,CA,YYZ
Repentigny,CA,YUL
Zalesie Górne,PL,WAW
Doylestown,US,ORF
Rioverde,MX,QRO
Burbach,DE,MUC
San Luis Potosí City,MX,QRO
Rülzheim,DE,FRA
York,CA,YYZ
Rousse,BG,SOF
Calumpit,PH,HKG
Dagupan,PH,HKG
Gowrie Junction,AU,SYD
Saronno,IT,MXP
Singkawang,ID,SIN
Aschheim,DE,TXL
Monasterevin,IE,DUB
Bailieborough,IE,DUB
Dunaújváros,HU,VIE
Barcelona,ES,MAD
Soest,DE,DUS
Castleblayney,IE,DUB
Grünwald,DE,MUC
Gerpinnes,BE,BRU
Saluda,US,ATL
Sara,PH,HKG
Richmond,AU,SYD
Ternopil,UA,WAW
Ermita,PH,HKG
Steinheim,DE,FRA
Mountain Home,US,SEA
Ilirska Bistrica,SI,VIE
Lengerich,DE,DUS
Alberton,CA,YUL
Iizuka,JP,KIX
Chimbote,PE,SCL
Rechtmehring,DE,MUC
Delémont,CH,ZRH
Fahrenzhausen,DE,FRA
Handen,SE,OSL
Lich,DE,MUC
Kruibeke,BE,BRU
Grünberg,DE,FRA
Cabo Rojo,PR,TLH
Alcabideche,PT,LIS
Radstadt,AT,VIE
Aalst,BE,BRU
Hjärup,SE,CPH
Rancho Mirage,US,LAX
Caivano,IT,MXP
San Marzano di San Giuseppe,IT,MXP
Fernie,CA,YVR
Wanaherang,ID,SIN
Ramos Arizpe,MX,DFW
Port-au-Prince,HT,MIA
Bük,HU,VIE
Azul,AR,EZE
Clifton Springs,AU,SYD
Targovishte,BG,SOF
Lappersdorf,DE,FRA
Santa Rosa,PH,SIN
Oerlinghausen,DE,FRA
Kissing,DE,MUC
Konan,JP,KIX
Lamongan,ID,SIN
Lubnjow,DE,TXL
Sopron,HU,VIE
Traun,AT,VIE
Sarezzo,IT,MXP
Bandar Utama,MY,KUL
Beamsville,CA,YYZ
St. Jacobs,CA,YYZ
Dallas,US,DFW
Curtea de Argeş,RO,OTP
Kampenhout,BE,BRU
Eisenhüttenstadt,DE,TXL
Oraison,FR,MRS
Walldorf,DE,FRA
Sampang,ID,SIN
Baia Mare,RO,OTP
Tbilisi,GE,TBS
Naples,US,MIA
Ingeniero Maschwitz,AR,SCL
Keila,EE,HEL
Ciudad Ayala,MX,QRO
Richmond Hill,US,ATL
Waldkirch,DE,FRA
Coyoacán,MX,QRO
Cosoleacaque,MX,QRO
Las Piñas,PH,HKG
Lima,US,ORD
Leonberg,DE,MUC
Birr,IE,DUB
San José del Cabo,MX,QRO
Greåker,NO,OSL
London,GB,LHR
Biblis,DE,FRA
Sulingen,DE,FRA
Bürgstadt,DE,WAW
Binche,BE,BRU
Želiezovce,SK,AMS
Aizkraukle,LV,RIX
Figueira da Foz Municipality,PT,LIS
Galdakao,ES,MAD
Lagos,NG,LHR
Bruges,BE,BRU
Bad Schönborn,DE,FRA
Bornheim,DE,DUS
Dainohara,JP,NRT
Grimstad,NO,OSL
Jindřichův Hradec,CZ,PRG
Wuppertal,DE,DUS
Burgdorf,CH,ZRH
Celje,SI,VIE
Tatuí,BR,GRU
Turčianske Teplice,SK,VIE
Naranjito,PR,IAD
Bad Driburg,DE,FRA
Apodaca,MX,QRO
Sakura,JP,NRT
Maciá,AR,GRU
Bardu,NO,OSL
Lichtervelde,BE,BRU
Piekary Śląskie,PL,WAW
Santander,ES,MAD
Hastings,NZ,AKL
Langerwehe,DE,DUS
Pindamonhangaba,BR,GRU
Borgerhout,BE,BRU
Okidome,JP,KIX
Markaryd,SE,CPH
Terzigno,IT,MXP
Senec,SK,VIE
Fribourg,CH,ZRH
Monoochō-shinden,JP,NRT
Edessa,GR,ATH
Barweiler,DE,DUS
Olten,CH,ZRH
Sannomaru,JP,KIX
Cúcuta,CO,MIA
Kartasura,ID,SIN
Hochdorf,DE,FRA
Sik,MY,KUL
Bergisch Gladbach,DE,FRA
Narva-Jõesuu,EE,OSL
Barishal,BD,DAC
Hokuto,JP,NRT
Pandacan,PH,HKG
Lafayette,US,ORD
Gratwein,AT,VIE
Taihaku Ku,JP,NRT
Woodstock,CA,YYZ
Kano,NG,LHR
Frutigen,CH,ZRH
Oranienburg,DE,TXL
Schmalfeld,DE,TXL
South San Francisco,US,SJC
Machala,EC,UIO
Brugherio,IT,MXP
Banyumas,ID,SIN
Čačak,RS,BUD
Rumia,PL,WAW
Győr,HU,BUD
Bad Waldsee,DE,FRA
Ilsede,DE,DUS
Šibenik,HR,VIE
Higashikoyodai,JP,NRT
Jona,CH,ZRH
Sobe,JP,KIX
Vila Velha,BR,GRU
Zurich,CH,ZRH
Petropavl,KZ,SIN
Juba,SS,NBO
Bisignano,IT,MXP
Silistra,BG,SOF
Adachi,JP,NRT
Garching,DE,TXL
Homagama,LK,CMB
Wohlen,CH,ZRH
Valencia,ES,MAD
Guildford,GB,LHR
"Misato, Saitama",JP,NRT
Schöningen,DE,FRA
Totolapan,MX,QRO
Angeles City,PH,HKG
Zastron,ZA,JNB
Nagatsutachō,JP,NRT
Tacloban City,PH,HKG
Villa de Mayo,AR,GRU
Seraing,BE,BRU
Constanța,RO,OTP
Sieniawa,PL,WAW
Metković,HR,BUD
Limerick,IE,ORK
La Molina,PE,LIM
Voula,GR,ATH
Czapury,PL,WAW
Tuusula,FI,HEL
Banjarmasin,ID,SIN
Florida,AR,EZE
Angono,PH,HKG
Liperi,FI,HEL
Maxville,CA,EWR
Volpiano,IT,MXP
Frederikshavn,DK,CPH
Dosquebradas,CO,EWR
Čadca,SK,VIE
Hermanus,ZA,LHR
Diego Martin,TT,MIA
Brandon,US,TPA
Hódmezővásárhely,HU,VIE
Buggiano,IT,MXP
Cabiao,PH,HKG
Neumünster,DE,DUS
Szerencs,HU,VIE
Osaka,JP,KIX
Calabogie,CA,YYZ
Stamford,US,EWR
Domsjö,SE,ARN
Nanaimo,CA,YVR
Spencerville,CA,YUL
Vechta,DE,TXL
Lohmar,DE,DUS
Bolton,CA,YYZ
Syracuse,US,BOS
Tlalpan,MX,QRO
Ciamis,ID,SIN
Guckheim,DE,MUC
Prescott,CA,YYZ
Chénéville,CA,YUL
Cartagena,ES,MAD
Grasmere,CA,YVR
Aguas Blancas,AR,GRU
Santiago,CL,SCL
Dietikon,CH,ZRH
Santiago,PA,MIA
Ózd,HU,VIE
Kericho,KE,ZRH
Kushiro,JP,NRT
Pontinha,PT,LIS
Sapporo,JP,NRT
Sugao,JP,NRT
Kiruna,SE,OSL
Stockstadt am Main,DE,FRA
Tanggamus,ID,SIN
Ermoupoli,GR,ATH
San Vicente de Cañete,PE,LIM
Ayer's Cliff,CA,YUL
Tashkent,UZ,OSL
Monza,IT,MXP
Beauraing,BE,BRU
Dobrodzień,PL,WAW
Kovačica,RS,BEG
Güstrow,DE,TXL
Neustadt in Sachsen,DE,FRA
Cotton Ground,KN,MIA
Lannach,AT,VIE
Gmina Miękinia,PL,WAW
Bischofsheim in der Rhön,DE,FRA
Rettershain,DE,FRA
Münchberg,DE,DUS
Villa Carlos Paz,AR,SCL
Galston,AU,SYD
Ryōke,JP,NRT
Turku,FI,HEL
Caldogno,IT,MXP
Osimo,IT,MXP
Liverpool,GB,LHR
Cuautla,MX,LAX
Kleppe,NO,OSL
Trenčianske Teplice,SK,BTS
Cotonou,BJ,LIS
Ibaan,PH,MNL
Lembeek,BE,BRU
Krokstadelva,NO,OSL
Centurion,ZA,JNB
Otterburn Park,CA,EWR
Mössingen,DE,FRA
Enskede-Årsta-Vantör,SE,ARN
Woluwe-Saint-Pierre - Sint-Pieters-Woluwe,BE,BRU
Dorsten,DE,FRA
Almirante Brown,AR,GRU
Paso del Macho,MX,DFW
Döbriach,AT,VIE
Catanauan,PH,HKG
Remchingen,DE,FRA
Komaimachi,JP,NRT
Carrigaline,IE,DUB
Havre-Saint-Pierre,CA,YUL
Štěpánkovice,CZ,PRG
Venice,IT,FCO
Independence,US,YYZ
Fairborn,US,ORD
Carmona,PH,HKG
Sofia,BG,SOF
Koblenz,DE,FRA
Honiara,SB,SYD
Kanazawa,JP,KIX
Mikołów,PL,WAW
Peñal,TT,MIA
Quesnel,CA,YVR
Ina,JP,NRT
Sasebo,JP,KIX
Tibigan,PH,HKG
Azcapotzalco,MX,QRO
Sooke,CA,YVR
Regina,CA,MSP
Ho Chi Minh City,VN,SIN
Limena,IT,FCO
Mono,CA,EWR
N'Djamena,TD,MAD
Cuautitlán,MX,DFW
Terni,IT,MXP
Agía Paraskeví,GR,ATH
Hamilton,CA,YYZ
Cuenca,EC,JAX
Dąbrowa Tarnowska,PL,WAW
Alicante,ES,MAD
Springhill,US,DFW
Coronel Suárez,AR,GRU
Saint-Hubert,CA,YUL
Wolfurt,AT,VIE
Ostrava,CZ,PRG
Kopervik,NO,OSL
Obersulm,DE,FRA
Teoloyucan,MX,QRO
Hacienda Heights,US,LAX
Wettswil,CH,ZRH
Shibata,JP,NRT
Šumperk,CZ,PRG
Yogyakarta,ID,SIN
Cheltenham,CA,EWR
Nordelta,AR,EZE
Kamagaya Shi,JP,NRT
Cartago,CO,MIA
Alba Iulia,RO,OTP
Ozasa,JP,NRT
Sussex Inlet,AU,SYD
Saint Michael,BB,BGI
Listuguj,CA,YUL
Venetico,IT,MXP
Gorontalo,ID,SIN
Ararat,AM,EVN
Quinte West,CA,EWR
Shoreview,US,MSP
Loon,PH,HKG
Springdale,US,DFW
Lienen,DE,FRA
Gernsheim,DE,FRA
München,DE,DUS
Złotoryja,PL,WAW
Monclova,MX,QRO
Dannstadt-Schauernheim,DE,FRA
Herentals,BE,BRU
Olds,CA,YYC
Bühl,DE,AMS
Thabeban,AU,SYD
Rapid City,US,MSP
Fermoy,IE,DUB
Tirschenreuth,DE,MUC
Ringkøbing,DK,CPH
Skjern,DK,CPH
Saint-Laurent,CA,YUL
Medan,ID,SIN
Herenthout,BE,BRU
Sunne,SE,CPH
Granard,IE,DUB
West Brookfield,US,BOS
Ringsted,DK,CPH
Maitland,AU,SYD
Kinkomaa,FI,HEL
Athboy,IE,DUB
Lonigo,IT,MXP
Siegelsbach,DE,MUC
Granada,ES,MAD
Alken,BE,MRS
Hinnerup,DK,CPH
Zagreb,HR,BUD
Mogreina,NO,OSL
Escondido,US,LAX
San Rafael,AR,EZE
Sulzbach-Rosenberg,DE,FRA
Bruck an der Mur,AT,VIE
Pottenstein,DE,FRA
Turin,IT,MXP
Stevensville,US,IAD
Mabalacat,PH,HKG
Cabo San Lucas,MX,DFW
Waru,ID,SIN
Reno,US,SJC
Nittenau,DE,FRA
Tottori,JP,KIX
Žilina,SK,VIE
Yaţţā,PS,ZDM
Bari,IT,FRA
Greater Sudbury,CA,YYZ
Cartersville,US,ATL
Chisinau,MD,KIV
Guimarães,PT,LIS
Oral,KZ,ALA
Burlington,CA,YYZ
Gifhorn,DE,MUC
Lubbeek,BE,BRU
Philipsburg,SX,MIA
Bohmte,DE,FRA
Supraśl,PL,WAW
Steinfurt,DE,DUS
Naucalpan,MX,QRO
Väse,SE,OSL
Tamuning,GU,GUM
Quiliano,IT,MXP
Leuven,BE,BRU
Acolman,MX,QRO
Warburg,DE,FRA
Andernach,DE,DUS
Chatham,CA,YYZ
Siechnice,PL,VIE
Boischatel,CA,YUL
Samarinda,ID,SIN
Suzaka,JP,NRT
Đakovo,HR,VIE
Ried im Innkreis,AT,VIE
West Des Moines,US,MSP
Locust Grove,US,DFW
Kamisugi,JP,NRT
Brant Rock,US,EWR
Schwaigern,DE,MUC
Shirakawa,JP,NRT
Quinto Vicentino,IT,MXP
Caledonia,CA,YYZ
Hilden,DE,DUS
Ruderting,DE,MUC
Tuy,PH,MNL
Santa Bárbara,VE,MIA
Marsden Park,AU,SYD
Midlothian,US,IAD
Bunkeflostrand,SE,HEL
La Prairie,CA,YUL
Bovenden,DE,FRA
Villars-sur-Glâne,CH,ZRH
Siano,IT,MXP
Valandovo,MK,SOF
New Orleans,US,ATL
Unterägeri,CH,ZRH
Bastogne,BE,BRU
Camas,ES,MAD
Jersey City,US,EWR
Åkrehamn,NO,OSL
Calasiao,PH,HKG
Esparza,CR,MIA
Kadoma,JP,KIX
Olbia,IT,MXP
Shinanochō,JP,NRT
Črenšovci,SI,VIE
Villa Santa Maria,IT,MXP
Salerno,IT,FCO
Osogbo,NG,LHR
Edemissen,DE,FRA
Bad Lauterberg im Harz,DE,DUS
Adelschlag,DE,VIE
Saluzzo,IT,FCO
Southlake,US,DFW
Nakama,JP,KIX
Pichincha,EC,GYE
Liebefeld,CH,GVA
Steamboat Springs,US,DEN
Rykkin,NO,OSL
Kinsale,IE,DUB
Londonderry,GB,MAN
Sultan Kudarat,PH,HKG
Abtwil,CH,GVA
Raheny,IE,ORK
St Leonards,AU,SYD
Iphofen,DE,FRA
Viken,SE,CPH
Kleinmachnow,DE,TXL
Henley in Arden,GB,LHR
Marble,US,ATL
Romblon,PH,MNL
Rapla,EE,ARN
Altheim,AT,VIE
Poreč,HR,BUD
Koblenz,CH,ZRH
Seltjarnarnes,IS,LHR
Oak Brook,US,ORD
Görlitz,DE,FRA
Moscow,RU,AMS
Kilmore,AU,SYD
Osgoode,CA,EWR
Ciudad de la Costa,UY,EZE
Shiojiri,JP,NRT
Shimabuku,JP,KIX
Herrsching am Ammersee,DE,FRA
Saint-François,GP,MIA
Tübingen,DE,FRA
Sankt Georgen im Attergau,AT,VIE
Pirot,RS,BEG
Contrecoeur,CA,YUL
Nova Pazova,RS,BUD
Ceglie Messapica,IT,MXP
Norwood,CA,YYZ
Túxpam de Rodríguez Cano,MX,QRO
Galway,IE,ORK
Hanakoganei,JP,NRT
Piraeus,GR,ATH
Ryūgasaki,JP,NRT
Tielt,BE,BRU
Idstein,DE,FRA
Duderstadt,DE,FRA
Mosquera,CO,MIA
Hinton,CA,YYC
Porsgrunn,NO,OSL
Iwaki,JP,NRT
Chilliwack,CA,YVR
Yagyū,JP,NRT
Neuenstein,DE,FRA
Parral,MX,DFW
Mäntsälä,FI,TLL
Mandalay,MM,SIN
Alfajayucan,MX,DFW
Ciudad de la Costa,UY,SCL
Amatsu,JP,NRT
Gualeguay,AR,EZE
Østerås,NO,AMS
Smithers,CA,YVR
Landstuhl,DE,FRA
Mainburg,DE,MUC
Salta,AR,SCL
Piura,PE,LIM
Gaggenau,DE,FRA
Vidin,BG,SOF
Narashino,JP,NRT
Flirsch,AT,VIE
Alliston,CA,YYZ
Kisbér,HU,VIE
Waltham,US,BOS
Kawauchi,JP,NRT
Göttingen,DE,FRA
Harpstedt,DE,FRA
Nichelino,IT,MXP
Kirkenær,NO,OSL
Skævinge,DK,CPH
Azul,AR,GRU
Winter Park,US,MIA
Bad Arolsen,DE,FRA
Vitória,BR,GRU
Liebenburg,DE,FRA
El Tigre,VE,BOG
Neuville,BE,BRU
Kaufungen,DE,FRA
Honchō,JP,NRT
Ventspils,LV,RIX
Broome,AU,PER
Pritzwalk,DE,TXL
Greenville,US,JAX
Blommenholm,NO,OSL
Walton on Thames,GB,LHR
Lustenau,AT,VIE
Péfki,GR,ATH
Aabybro,DK,CPH
Lebbeke,BE,BRU
Bad Nauheim,DE,FRA
Ehrendingen,CH,ZRH
Jõgeva,EE,TLL
Concordia,AR,SCL
Port Vila,VU,SUV
Golubac,RS,BEG
Nakazaki,JP,KIX
Paris,CA,YYZ
Vrnjačka Banja,RS,BUD
Higashimurayama,JP,NRT
Hilpoltstein,DE,FRA
Somers,US,EWR
Nagykovácsi,HU,VIE
Willich,DE,DUS
Waldbronn,DE,FRA
Bertram,US,DFW
Borgloh,DE,MUC
Hanazono,JP,KIX
Brooks,CA,YVR
Prenzlau,DE,TXL
Kölliken,CH,ZRH
Ochtrup,DE,DUS
Miami,US,MIA
Berazategui,AR,GRU
Ratingen,DE,DUS
Miyakojima,JP,KIX
Yakō,JP,NRT
Carver,US,BOS
Wedel,DE,DUS
Shimomeguro,JP,NRT
Sector 2,RO,OTP
Bad Camberg,DE,FRA
Star,US,ATL
Kos,GR,ATH
Ipsheim,DE,FRA
Baden,AT,VIE
Altenwörth,AT,VIE
Kerpen,DE,FRA
Los Mochis,MX,DFW
Fort Wayne,US,ORD
Bro,SE,ARN
Montgomery,US,EWR
General Trias,PH,HKG
McAllen,US,DFW
Courtenay,CA,YVR
Elmvale,CA,YYZ
Rakovec,HR,VIE
Nuoro,IT,MXP
Bilzen,BE,BRU
Åby,SE,HEL
Königswinter,DE,TXL
La Cumbre,AR,EZE
Sant Cugat del Vallès,ES,MAD
Hofheim am Taunus,DE,FRA
Jakarta,ID,SIN
Limburg an der Lahn,DE,DUS
Highlands Ranch,US,DEN
Chingola,ZM,JNB
Okaya Shi,JP,NRT
Thamesford,CA,YYZ
Haderslev,DK,CPH
Ōmiyamachi,JP,KIX
Cava de' Tirreni,IT,MXP
Rutherfordton,US,ATL
Werris Creek,AU,SYD
Bad Lippspringe,DE,FRA
Detroit,US,ORD
Ilmmünster,DE,MUC
Oropos,GR,ATH
Cleveland,US,ORD
Toyota,JP,KIX
Copenhagen,DK,CPH
Reinbek,DE,TXL
Villa Mercedes,AR,EZE
Querétaro City,MX,QRO
Jáltipan de Morelos,MX,LAX
Tulsa,US,DFW
Tørring,DK,CPH
Orlando,US,MIA
Nankodaiminami,JP,NRT
Wolvertem,BE,BRU
Tarnowskie Góry,PL,WAW
Rolling Meadows,US,ORD
Vieira do Minho,PT,LIS
Grimes,US,OMA
San Fernando,TT,MIA
Kopavogur,IS,AMS
Richmond Hill,CA,YYZ
Panevezys,LT,VNO
Stary Śleszow,PL,WAW
Murwillumbah,AU,SYD
Zarqa,JO,AMM
Cleebronn,DE,MUC
Montegranaro,IT,MXP
Brockville,CA,YYZ
Tanay,PH,HKG
Olsztyn,PL,WAW
Bacolod City,PH,MNL
Puig-reig,ES,MAD
Vila-seca,ES,MAD
Lüneburg,DE,TXL
Portimão,PT,LIS
Kingshill,VI,MIA
Semenyih,MY,KUL
Magoodhoo,MV,MLE
Bad Hönningen,DE,FRA
San Antonio,PR,ORD
Marawi City,PH,MNL
Podplat,SI,VIE
Konnevesi,FI,HEL
Tarragona,ES,MAD
Ciudadela,AR,GRU
Hialeah,US,MIA
Paso de los Libres,AR,EZE
Ageo,JP,NRT
Herisau,CH,ZRH
Mandaluyong,PH,HKG
Montagnana,IT,FCO
Ueda,JP,NRT
Sankt Valentin,AT,VIE
Francisco I. Madero Municipality,MX,DFW
Meycauayan,PH,HKG
Găeşti,RO,OTP
Hanover,US,IAD
Havré,BE,BRU
Mönchengladbach,DE,DUS
Mersing,MY,KUL
Pavia,PH,HKG
Kisonishi,JP,NRT
Speyer,DE,FRA
Margraten,NL,DUS
Maebashi,JP,NRT
Einbeck,DE,FRA
Puerto Maldonado,PE,LIM
Kawachi-nagano Shi,JP,KIX
Juneda,ES,MAD
Emmett,US,SEA
Vankleek Hill,CA,EWR
Neuötting,DE,FRA
Mojokerto,ID,SIN
Spenge,DE,FRA
Gmina Końskie,PL,WAW
Puerto Madryn,AR,EZE
Kluang,MY,KUL
Jihlava,CZ,PRG
Tequila,MX,QRO
Hedekas,SE,CPH
Ølstykke Stationsby,DK,CPH
Kuršumlija,RS,BEG
Roseville,US,MSP
Meyrin,CH,ZRH
Alimodian,PH,HKG
Washington,US,IAD
Pachuca,MX,QRO
Gyōda,JP,NRT
Metepec,MX,QRO
Bafoussam,CM,LHR
Las Palmas de Gran Canaria,ES,MAD
Büttelborn,DE,FRA
Ogden,US,SLC
Mutsukawa,JP,NRT
Sassari,IT,MXP
Cairo,EG,FRA
Saint-Donat-de-Montcalm,CA,YUL
Kuala Nerus,MY,KUL
Secaucus,US,EWR
Fuchinobe,JP,NRT
Pérama,GR,ATH
Belo Horizonte,BR,GRU
Heraklion,GR,ATH
Cilacap,ID,SIN
Piedras Negras,MX,QRO
San Antonio de Los Altos,VE,MIA
Kastrup,DK,CPH
Skarżysko-Kamienna,PL,WAW
Mount Albert,CA,EWR
Itoigawa,JP,NRT
Neustadt an der Aisch,DE,FRA
Lloret de Mar,ES,MAD
Merikaarto,FI,HEL
Kawadaira,JP,NRT
San Miguel el Alto,MX,DFW
Guldsmedshyttan,SE,ARN
Weston,CA,YYZ
Partizánske,SK,BTS
Alaquàs,ES,MAD
Launceston,AU,HBA
Novovolynsk,UA,WAW
Elk Grove Village,US,SJC
Ancaster,CA,YYZ
Lynwood,US,LAX
Subang,ID,SIN
Tongeren,BE,BRU
Vestby,NO,OSL
Kulai,MY,KUL
Jacksonville,US,JAX
Handlová,SK,BTS
Waiblingen,DE,MUC
Gamu,PH,HKG
Granada,NI,MIA
Kalimoni,KE,JNB
Mérida,VE,MIA
Bad Schwalbach,DE,FRA
Ann Arbor,US,ORD
Booysens,ZA,CPT
Ilagan,PH,HKG
Wilton,AU,SYD
Dawsonville,US,ATL
Geraldton,CA,YYZ
Gmina Banie,PL,WAW
Armstrong,CA,SEA
Beindersheim,DE,FRA
Sainte-Agathe-des-Monts,CA,YUL
Durham,US,ATL
Coacalco,MX,QRO
Taranto,IT,FCO
Vratsa,BG,SOF
Schöneck,DE,FRA
Magdeburg,DE,FRA
Ittigen,CH,ZRH
General Villegas,AR,GRU
Bad Neuenahr-Ahrweiler,DE,FRA
Detmold,DE,FRA
Ga-Kgapane,ZA,JNB
Afragola,IT,FCO
Eugene,US,SEA
Cusco,PE,LIM
Székesfehérvár,HU,VIE
Paredes,PT,LIS
Morant Bay,JM,MIA
Kiambu,KE,MBA
Deurne,BE,BRU
Sagae,JP,NRT
Vevey,CH,ZRH
Pieve a Nievole,IT,MXP
Pidie,ID,SIN
Gainesville,US,MIA
Piteå,SE,OSL
Waldshut-Tiengen,DE,ZRH
Iskandar Puteri,MY,SIN
Zdar,CZ,PRG
Kirchhain,DE,FRA
Carcavelos,PT,LIS
Szczecin,PL,WAW
Sarandë,AL,SOF
Hrabyně,CZ,PRG
Depok,ID,SIN
Noordheuwel,ZA,CPT
Rawang,MY,KUL
Moundou,TD,LIS
Karkkila,FI,HEL
Großbeeren,DE,TXL
Bergisch Gladbach,DE,DUS
Bella Vista,AR,EZE
Plasy,CZ,PRG
Schortens,DE,TXL
Los Teques,VE,MIA
Thompson,CA,ORD
Shelburne,CA,YYZ
Adligenswil,CH,ZRH
Lázaro Cárdenas,MX,DFW
Sankt Florian,AT,VIE
Cantanhede,PT,LIS
Skjetten,NO,OSL
Rionegro,CO,MIA
Makuharihongo,JP,NRT
Opština Aranđelovac,RS,BEG
Rådal,NO,OSL
Pamplona,ES,MAD
Muar town,MY,KUL
Mérida,ES,MAD
Kežmarok,SK,VIE
Puerto Cabello,VE,MIA
Lyngdal,NO,OSL
Gmina Studzienice,PL,WAW
Las Cruces,US,DEN
Ensdorf,DE,FRA
Loutsa,GR,ATH
Târgu Jiu,RO,OTP
Spruce Grove,CA,YYC
Grafenstein,AT,VIE
Sagiyama,JP,NRT
Bramsche,DE,FRA
Herrliberg,CH,ZRH
Salaberry-de-Valleyfield,CA,EWR
Takashimadaira,JP,NRT
Skjærhalden,NO,OSL
Zielona Góra,PL,WAW
Irvine,US,SJC
Landau,DE,FRA
Madona,LV,RIX
Senhora da Hora,PT,LIS
Rajagiriya,LK,SIN
Miltenberg,DE,FRA
Spiez,CH,ZRH
Coronel Brandsen,AR,GRU
Paracho de Verduzco,MX,QRO
Evergreen,US,SLC
Lavagna,IT,MXP
La Cañada,MX,QRO
Kóka,HU,VIE
Minnesund,NO,OSL
Engelskirchen,DE,FRA
Miharadai,JP,NRT
Frisco,US,DFW
Amelia Court House,US,IAD
Ishinomaki,JP,NRT
Tubize,BE,BRU
Baden-Baden,DE,FRA
Nishihashimoto,JP,NRT
Benito Juárez,MX,QRO
Herlisberg,CH,ZRH
Nagold,DE,MUC
Houthalen-Helchteren,BE,BRU
Landshut,DE,FRA
Trece Martires City,PH,HKG
Jabbeke,BE,BRU
Gummersbach,DE,DUS
Bolacan,PH,MNL
Saladillo,AR,GRU
Děčín,CZ,PRG
Aarau,CH,ZRH
Turbaco,CO,BOG
Bellmere,AU,SYD
Tampa,US,TPA
Oneşti,RO,OTP
Markłowice,PL,WAW
Lille,FR,CDG
Köngen,DE,MUC
Ansbach,DE,MUC
Yaraichō,JP,NRT
Evere,BE,BRU
Lincoln,AR,SCL
Nyborg,DK,CPH
Vadstena,SE,OSL
Ciudadela,AR,EZE
Tarakan,ID,SIN
Zgorzelec,PL,WAW
Bislig,PH,HKG
Escuinapa,MX,QRO
Serock,PL,WAW
Falkensee,DE,TXL
Ålesund,NO,OSL
Chiquinquirá,CO,BOG
Nishiōizumi,JP,NRT
Zittau,DE,FRA
Iztapalapa,MX,QRO
Nagasaki,JP,KIX
Lakeville,US,MSP
Rudolstadt,DE,FRA
Nueva Esparta,VE,MIA
Millbrook,CA,EWR
Puerto Morelos,MX,DFW
Tijuana,MX,LAX
Jena,DE,DUS
Sengoku,JP,NRT
Ciudad Nezahualcoyotl,MX,QRO
Bormujos,ES,MAD
Nivnice,CZ,PRG
Narita,JP,NRT
Viersen,DE,DUS
Bad Grund,DE,DUS
Valmiera,LV,RIX
Považská Bystrica,SK,VIE
Kaiserslautern,DE,FRA
Épendes,CH,ZRH
Morón,AR,SCL
Kelantan,MY,KUL
Deckenpfronn,DE,FRA
Edwards,US,ORD
Odda,NO,OSL
Coleambally,AU,SYD
Almonte,CA,YUL
Børkop,DK,CPH
Sorong,ID,SIN
Arona,ES,MAD
Milpitas,US,SJC
Kamp-Lintfort,DE,FRA
Żabbar,MT,MXP
Ciudad Evita,AR,GRU
Les Abymes,GP,MIA
Salvaterra de Magos,PT,LIS
Münster,DE,DUS
Rheinberg,DE,FRA
Sztum,PL,WAW
Kota Warisan,MY,SIN
Dortmund,DE,DUS
Laholm,SE,CPH
Sárospatak,HU,VIE
Dörentrup,DE,FRA
Hatsukaichi,JP,KIX
Kells,IE,DUB
Uznach,CH,ZRH
Ocala,US,MIA
Andorra la Vella,AD,AMS
Zaventem,BE,BRU
Vittuone,IT,MXP
Norco,US,LAX
Raleigh,US,IAD
Rudolfstetten,CH,ZRH
Tauragė,LT,VNO
Neustadt an der Weinstraße,DE,FRA
Heffen,BE,BRU
Peñaranda,PH,HKG
Kriens,CH,ZRH
Aizu-wakamatsu Shi,JP,NRT
Westfield,US,ORD
Langenfeld,DE,AMS
Mira,IT,FCO
Sassenberg,DE,DUS
Valjevo,RS,BEG
Palangkaraya,ID,SIN
Barcs,HU,VIE
King,US,EWR
Kuusalu,EE,ARN
Leopoldov,SK,VIE
Eigeltingen,DE,TXL
Edson,CA,YVR
Blaustein,DE,MUC
Ituzaingó,AR,GRU
Åbyhøj,DK,CPH
Aurora,US,DEN
Spišská Nová Ves,SK,BTS
Leskovac,RS,BEG
Kurrajong Heights,AU,SYD
Gällö,SE,ARN
Alitagtag,PH,HKG
Agno,CH,ZRH
Korydallos,GR,ATH
Boll,CH,ZRH
Lodares,PT,LIS
Río Cuarto,AR,GRU
Eupen,BE,BRU
San Javier,ES,MAD
Ohiopyle,US,ORD
Bagnoli di Sopra,IT,MXP
Sacavém,PT,LIS
Hořín,CZ,PRG
Puerto Tirol,AR,GRU
Salinas,ES,MAD
Biedenkopf,DE,FRA
Näfels,CH,ZRH
Dunshaughlin,IE,DUB
Sant'Agata Li Battiati,IT,MXP
Châteauguay,CA,YUL
Hakatachō,JP,KIX
Overland Park,US,MCI
Pomigliano d'Arco,IT,MXP
Shirogane,JP,KIX
Majalengka,ID,SIN
Baku,AZ,GYD
Loznica,RS,BEG
Clanton,US,ATL
Lazarevac,RS,BEG
Bitola,MK,SOF
Gondomar,PT,LIS
Corsico,IT,MXP
Wielgomłyny,PL,WAW
Ōmorikita,JP,NRT
Oshawa,CA,YYZ
Kokemäki,FI,HEL
Maura,NO,OSL
Tepotzotlán,MX,QRO
Kerling,MY,SIN
Seneca,US,ORD
Bayombong,PH,HKG
Roisin,BE,BRU
Saint-Apollinaire,CA,YUL
Rytel,PL,WAW
Abu Dhabi,AE,MRS
Whittier,US,LAX
Fuengirola,ES,MAD
Ospitaletto,IT,MXP
Mina Clavero,AR,EZE
Himeji,JP,KIX
Sainte-Marguerite-du-Lac-Masson,CA,YUL
Madiun,ID,SIN
Aroeira,PT,LHR
Valparaíso,MX,DFW
Valsayn,TT,MIA
Coppet,CH,ZRH
Quesada,CR,SJO
Kitaku,JP,NRT
Rotenburg an der Fulda,DE,FRA
Shinowarahigashi,JP,KIX
Bissendorf,DE,FRA
Kastel,DE,FRA
Saku,JP,NRT
Lomas Country Club,MX,DFW
Schnaittach,DE,FRA
Schwerin,DE,DUS
Abuja,NG,LHR
Taman Prai,MY,KUL
Haslev,DK,CPH
Takarazuka,JP,KIX
Nagano,JP,NRT
Riedlingen,DE,FRA
Independence,US,ORF
Zabrze,PL,WAW
Wunstorf,DE,FRA
Grabouw,ZA,LHR
Flammersfeld,DE,FRA
Hässleholm,SE,CPH
Himberg,AT,VIE
Teisnach,DE,MUC
Konstanz,DE,FRA
Karis,FI,HEL
San Giuseppe Vesuviano,IT,MXP
Waldalgesheim,DE,FRA
Laval,CA,YUL
Wörrstadt,DE,FRA
Simcoe,CA,YYZ
Velten,DE,DUS
Dobele,LV,RIX
Río Grande,PR,MIA
Plainfield,CA,YYZ
Kovin,RS,BUD
Hirakata,JP,KIX
Santo Domingo,PH,HKG
Santiago,PH,HKG
Kure,JP,KIX
Punta Alta,AR,GRU
Kočevje,SI,FRA
Komárom,HU,VIE
Stein,CH,ZRH
Chelsea,CA,YUL
Sarpsborg,NO,OSL
Weggis,CH,ZRH
Woodside,AU,ADL
Logatec,SI,VIE
Nalinnes,BE,BRU
Santa Rosa,PH,MNL
Cavenago di Brianza,IT,FCO
Rimpar,DE,MUC
Vancouver,US,SEA
Nettetal,DE,DUS
Santa Lucía,AR,EZE
Kamiuenochō,JP,KIX
Bad Berleburg,DE,DUS
Koyama,JP,NRT
Wariyapola,LK,SIN
Westwood,US,ORD
Petawawa,CA,YUL
Villa Allende,AR,GRU
Potlogi,RO,FRA
José de San Martín,AR,EZE
Iidabashi,JP,NRT
Sombor,RS,BEG
Liège,BE,BRU
McAllen,US,IAH
Arona,IT,MXP
Grass Valley,US,LAX
Parry Sound,CA,YYZ
Vila Nova de Gaia,PT,LIS
Barrhead,CA,YVR
San Jose del Monte,PH,HKG
Santa María Chimalhuacán,MX,QRO
Quetzaltenango,GT,MIA
Passau,DE,MUC
Eboli,IT,MXP
Trosa,SE,CPH
Liberia,CR,SJO
Buzău,RO,OTP
Rosina,SK,VIE
Murcia,ES,MAD
Ostrowiec Świętokrzyski,PL,WAW
Kadawatha,LK,CMB
Rheinstetten,DE,DUS
Ennis,IE,DUB
Coligny,ZA,JNB
Maldonado,UY,EZE
Montcada i Reixac,ES,MAD
Wieliczka,PL,WAW
Harelbeke,BE,BRU
Asahi,JP,NRT
Niederkassel,DE,DUS
Gundaroo,AU,SYD
Kumamoto,JP,KIX
Mölndal,SE,HEL
Honmachi,JP,KIX
Tamagawa,JP,NRT
Longford,IE,ORK
Borgomanero,IT,MXP
Hudson,CA,YUL
Drøbak,NO,OSL
Naunhof,DE,FRA
Lausanne,CH,LYS
Bunkeflostrand,SE,CPH
Herzebrock,DE,FRA
Winlaw,CA,YVR
Matías Romero,MX,DFW
Smethwick,GB,LHR
Jōsō,JP,NRT
Sëlva,IT,MXP
Urbar,DE,FRA
Huechuraba,CL,MIA
Kanocho,JP,KIX
Skudai,MY,KUL
Quezon City,PH,HKG
Santa Iria da Azóia,PT,LIS
Wismar,DE,TXL
Tagawa,JP,KIX
Pedara,IT,FCO
Saint-Jean-sur-Richelieu,CA,YUL
Grahovo ob Bači,SI,VIE
Mariestad,SE,OSL
San Mateo,US,SJC
Niizo,JP,NRT
Waukee,US,MSP
Castelfidardo,IT,FCO
Boulder,US,DEN
Kristiansand,NO,OSL
Olomouc,CZ,PRG
Tomohon,ID,SIN
Bootawa,AU,SYD
Humlebæk,DK,CPH
Pedro Juan Caballero,PY,GRU
Limburg an der Lahn,DE,FRA
Guadalajara,MX,QRO
Tegata,JP,NRT
Mempawah,ID,SIN
Namur,BE,BRU
Untergriesbach,DE,TXL
Boussu,BE,BRU
Köthen,DE,FRA
Milovice,CZ,PRG
Albignasego,IT,MXP
Camposano,IT,MXP
Canápolis,BR,GRU
Parramatta,AU,SYD
Corsham,GB,MAN
Madrid,CO,MIA
Pozzuolo Martesana,IT,FCO
Oviedo,ES,MAD
100 Mile House,CA,YVR
Trenque Lauquen,AR,EZE
's-Hertogenbosch,NL,BRU
Balangiga,PH,HKG
Somerset,US,LAS
Dunagaha,LK,CMB
Kerava,FI,HEL
Solec Kujawski,PL,WAW
Ehningen,DE,FRA
Nakło nad Notecią,PL,WAW
Kirkkonummi,FI,HEL
Tuguegarao City,PH,MNL
Halle,DE,FRA
Shinjuku,JP,NRT
Drayton Valley,CA,YYC
Herstal,BE,BRU
Morón,AR,GRU
Jinočany,CZ,PRG
Prostějov,CZ,PRG
Monte Grande,AR,GRU
Jelgava,LV,RIX
Oberneuching,DE,MUC
Sfântu Gheorghe,RO,OTP
Fagerstrand,NO,OSL
Brezovica,SK,VIE
Biberist,CH,MXP
Koga,JP,KIX
Schorndorf,DE,FRA
Gotenba Shi,JP,KIX
Osnabrück,DE,FRA
Englewood,US,DEN
Ja Ela,LK,SIN
Stockerau,AT,VIE
Bø,NO,OSL
Linares,ES,MAD
Ylivieska,FI,HEL
Kalix,SE,ARN
Columbia,US,MIA
Pécs,HU,VIE
Carinola,IT,MXP
Cobán,GT,TPA
Kabankalan,PH,HKG
Harestua,NO,OSL
Mabank,US,DFW
Wack Wack,PH,HKG
Dilling,NO,OSL
Viseu,PT,LHR
Ourense,ES,MAD
Möhlin,CH,ZRH
Dülmen,DE,DUS
Honolulu,US,SEA
Siquirres,CR,SJO
Müllheim,DE,FRA
Östersund,SE,AMS
Nishijin,JP,KIX
Aerzen,DE,FRA
Brendola,IT,FCO
Shanghai,CN,NRT
San Antonio la Isla,MX,DFW
Arzachena,IT,MXP
Vejstrup,DK,CPH
Austin,US,DFW
Wiesbaden,DE,FRA
Siófok,HU,VIE
La Paz,MX,QRO
Aarwangen,CH,ZRH
Ástros,GR,ATH
Whangarei,NZ,AKL
Bicske,HU,VIE
Tahlequah,US,DFW
Ternat,BE,BRU
Vélez-Málaga,ES,MAD
Portmore,JM,KIN
Adelsdorf,DE,FRA
Yachiyo,JP,NRT
Norrköping,SE,ARN
Hachenburg,DE,FRA
Antau,AT,VIE
Höchstadt an der Aisch,DE,MUC
Reghin,RO,OTP
Dahn,DE,FRA
Tournai,BE,BRU
Kieselbronn,DE,FRA
Zäziwil,CH,ZRH
Calapan,PH,MNL
Wezembeek-Oppem,BE,BRU
Akranes,IS,AMS
Sonthofen,DE,MUC
Ibaraki,JP,NRT
Plauen,DE,FRA
Necochea,AR,GRU
Zolder,BE,BRU
San Jose Sico,PH,MNL
Tipperary,IE,DUB
Ursviken,SE,ARN
Geilenkirchen,DE,DUS
Fislisbach,CH,ZRH
Scorzè,IT,MXP
San Juan Bautista Tuxtla,MX,DFW
Petite-Île,RE,RUN
Subotica,RS,FRA
Ludwigsmoos,DE,MUC
Nieuwpoort,BE,BRU
Steckborn,CH,ZRH
Ashburn,US,IAD
Wallisellen,CH,ZRH
Como,IT,MXP
Tarxien,MT,MXP
Kävlinge,SE,HEL
Haugesund,NO,OSL
Modica,IT,MXP
Kasama,JP,NRT
Pauanui,NZ,AKL
Warren Township,US,EWR
Pavia,IT,MXP
St. Albert,CA,YYC
Dueville,IT,MXP
Neasden,GB,LHR
Desenzano del Garda,IT,MXP
Mülsen,DE,FRA
Dinslaken,DE,FRA
La Serena,CL,SCL
Gold Coast,AU,SYD
Baveno,IT,MXP
Ruda Śląska,PL,WAW
Higashinarashino,JP,NRT
Saujil,AR,EZE
Brumunddal,NO,OSL
Orange,US,LAX
Glyka Nera,GR,ATH
Balassagyarmat,HU,VIE
Waldkraiburg,DE,MUC
Dragasz,PL,WAW
Bremerhaven,DE,TXL
Bielefeld,DE,FRA
Marikina City,PH,MNL
Nowy Targ,PL,WAW
Amagá,CO,MDE
Kilkenny,IE,DUB
Nasugbu,PH,HKG
Guagua,PH,SIN
Floreşti,RO,OTP
Herpersdorf,DE,MUC
Takatsuki,JP,KIX
Wedderburn,AU,SYD
Oppenheim,DE,FRA
Nishikōjiya,JP,NRT
Billens,CH,ZRH
Morley,CA,YVR
Hilden,DE,FRA
Sarkad,HU,BUD
Santa Cruz Xoxocotlán,MX,DFW
Trogir,HR,SOF
Takaoka,JP,KIX
Gorey,IE,DUB
Årsta,SE,ARN
Askersund,SE,RIX
Cabuntog,PH,HKG
Gose,JP,KIX
Richmond,AU,MEL
Lewisham,GB,LHR
Moreno,AR,EZE
Frankfurt (Oder),DE,TXL
Cipinang,ID,SIN
Haedo,AR,GRU
Nuevo Laredo,MX,QRO
Huaraz,PE,LIM
Otopeni,RO,OTP
Khartoum,SD,NBO
Järfälla Municipality,SE,ARN
Lauf an der Pegnitz,DE,MUC
Vilsbiburg,DE,FRA
Ōtsu,JP,KIX
Iserlohn,DE,FRA
Inveruno,IT,MXP
Hamme,BE,BRU
Duri Pulo,ID,SIN
Terre Haute,US,YYZ
Saint-Josse-ten-Noode,BE,BRU
Svolvær,NO,OSL
Nukui,JP,NRT
Kananaskis,CA,YYC
Dunboyne,IE,LHR
Valledupar,CO,MIA
Prague,CZ,PRG
Seddiner See,DE,TXL
Nilufer,TR,OTP
Albany,US,BOS
Buchloe,DE,MUC
St-Jean-Port-Joli,CA,YUL
Padang,ID,SIN
Seremban,MY,KUL
Łaziska Górne,PL,WAW
Burscheid,DE,FRA
Yōkōdai,JP,NRT
Binmaley,PH,HKG
Limón,CR,MIA
Rotterdam,NL,AMS
Guntersblum,DE,FRA
Strathroy,CA,YYZ
Gronowo Elbląskie,PL,WAW
Utterson,CA,EWR
Randburg,ZA,JNB
Haranomachi,JP,NRT
Kitchener,CA,YYZ
Bad Homburg,DE,FRA
Voznesensk,UA,WAW
Mosbach,DE,FRA
Paola,MT,MXP
Hamilton,NZ,AKL
Bogotá,CO,MIA
Trim,IE,MAN
Yahata,JP,NRT
Harstad,NO,OSL
Cilangkap,ID,SIN
Frogner,NO,OSL
Monaco,MC,FRA
Aqaba,JO,AMM
Lititz,US,EWR
Hohenems,AT,VIE
Nezvěstice,CZ,PRG
Tonalá,MX,QRO
Sipoo,FI,HEL
Peer,BE,BRU
Byczyna,PL,WAW
Biatorbágy,HU,VIE
Edmonton,CA,YYC
Naic,PH,MNL
Winnipeg,CA,ORD
Anderlecht,BE,BRU
Capitán Sarmiento,AR,EZE
Sommerhausen,DE,MUC
Herrenberg,DE,FRA
Invorio,IT,MXP
Martigues,FR,MRS
Galle,LK,CMB
Póvoa de Varzim,PT,LIS
Neuenstadt am Kocher,DE,FRA
Hobart,AU,HBA
Granges,CH,ZRH
Yamba,AU,SYD
Sale,AU,SYD
Nottingham,GB,LHR
Meiningen,DE,FRA
Gilbert,US,DFW
Blantyre,MW,JNB
Santa Catarina,MX,MFE
Fajardo,PR,ATL
Ranheim,NO,OSL
Samarate,IT,MXP
Galmaarden,BE,BRU
Wertheim am Main,DE,MUC
Toulouse,FR,CDG
Mount Pearl,CA,EWR
Mjölby,SE,OSL
Vordorf,DE,TXL
Donauwörth,DE,FRA
San Ildefonso,PH,MNL
Ask,NO,OSL
Nogoyá,AR,SCL
Lakefield,CA,YYZ
Erftstadt,DE,FRA
Province of Ilocos Norte,PH,SIN
Alfena,PT,LIS
Furuichi,JP,KIX
Birkirkara,MT,PMO
Clermont,US,MIA
Minnetonka,US,MSP
Mosonmagyaróvár,HU,BUD
Tula de Allende,MX,QRO
Virsbo Bruk,SE,ARN
Cainta,PH,HKG
Tepatitlán de Morelos,MX,DFW
Mühlacker,DE,FRA
Woodbridge,US,IAD
Arendal,NO,OSL
Rescaldina,IT,MXP
Tanti,AR,GRU
Helsinki,FI,HEL
Papaya,PH,HKG
La Puebla de Cazalla,ES,MAD
Rupelmonde,BE,BRU
Vihti,FI,HEL
Carouge,CH,GVA
Caledon East,CA,YYZ
Villavicencio,CO,MIA
Arcola,IT,MXP
Poperinge,BE,BRU
Valentín Alsina,AR,GRU
Traiskirchen,AT,VIE
Enebyberg,SE,OSL
Garrettsville,US,ORD
Nakao,JP,NRT
Okayama,JP,KIX
Nuevo Vallarta,MX,QRO
Victoriaville,CA,YUL
Soltau,DE,FRA
Baudour,BE,BRU
Tychy,PL,WAW
Skarnes,NO,OSL
Starachowice,PL,WAW
Gothenburg,SE,ARN
Karlskoga,SE,FRA
Apolda,DE,DUS
Acarigua,VE,MIA
North Brunswick Township,US,QRO
El Segundo,US,LAX
Roquetas de Mar,ES,MAD
Nagareyama,JP,NRT
Veszkény,HU,VIE
Pont-à-Celles,BE,BRU
Roskilde,DK,CPH
Naters,CH,LYS
Midland,US,DFW
Wetteren,BE,BRU
Oatley,AU,SYD
Fălticeni,RO,FRA
Sankt Johann im Saggautal,AT,VIE
Lucerne,CH,ZRH
San Ramón,CR,SJO
Canary Wharf,GB,LHR
Bled,SI,VIE
Toluca,MX,QRO
São Joaquim da Barra,BR,GRU
Beaudesert,AU,SYD
Baldham,DE,FRA
Cardiff,GB,LHR
Lancaster,US,ORD
Brønnøysund,NO,OSL
Bački Petrovac,RS,BEG
Florina,GR,ATH
Blora,ID,SIN
Pekalongan,ID,SIN
Aartselaar,BE,BRU
Capas,PH,MNL
Downey,US,ORD
Orahovac,XK,SOF
Villa Adelina,AR,GRU
Kiełczów,PL,WAW
Kashiwa,JP,NRT
Tepic,MX,QRO
Ruwa,ZW,JNB
Stellenbosch,ZA,JNB
Sremska Mitrovica,RS,BEG
Tunari,RO,OTP
Dürnten,CH,ZRH
Leongatha,AU,MEL
Chesterfield,US,ORD
South Maclean,AU,SYD
Hagfors,SE,CPH
Bischofsheim,DE,FRA
Pemalang,ID,SIN
Harigaya,JP,NRT
Fukagawa,JP,NRT
Nannestad,NO,OSL
Mariano Moreno,AR,GRU
Weil am Rhein,DE,MUC
Parchim,DE,TXL
Shiroyama,JP,NRT
Red Bank,US,EWR
Stayner,CA,YYZ
Kempten (Allgäu),DE,FRA
Amatlán de los Reyes,MX,QRO
Purwakarta,ID,SIN
Tarumachi,JP,NRT
Svelvik,NO,OSL
Solbiate Arno,IT,MXP
Zlaté Moravce,SK,BTS
Eheliyagoda,LK,SIN
Blansko,CZ,PRG
Ōzenji-higashi,JP,NRT
Arima,TT,MIA
Montesilvano Marina,IT,MXP
Gyula,HU,VIE
Döbeln,DE,FRA
Christiansted,VI,MIA
Burst,BE,BRU
Chiba,JP,NRT
Deventer,NL,AMS
Dundas,CA,YYZ
Eisenach,DE,FRA
Bollnäs,SE,OSL
Yoshinochō,JP,NRT
Truro,CA,EWR
Tamana,JP,KIX
Varde,DK,CPH
Komjatice,SK,VIE
Davis,US,SJC
Sande,NO,OSL
Neuenkirch,CH,ZRH
Acapulco de Juárez,MX,QRO
Covasna,RO,FRA
St. Moritz,CH,ZRH
Sankt Andrä,AT,VIE
Bucine,IT,FCO
Mörfelden-Walldorf,DE,FRA
Sydenham,CA,YUL
Sakaechō,JP,NRT
Landsberg am Lech,DE,FRA
Linköping,SE,OSL
Lamont,CA,YYC
Waterford,IE,AMS
Lambaré,PY,GRU
Kropáčova Vrutice,CZ,PRG
Bürgstadt,DE,FRA
Slovenj Gradec,SI,VIE
Broussard,US,ATL
Cologne,DE,DUS
Kolonaki,GR,ATH
Río Comayagua,HN,TGU
Benalmádena,ES,MAD
Tanah Sereal,ID,SIN
Jepara,ID,SIN
Gualeguaychú,AR,EZE
Avella,IT,MXP
Kasuga,JP,KIX
Torslanda,SE,CPH
West Kelowna,CA,YVR
Issy-les-Moulineaux,FR,CDG
Zofingen,CH,ZRH
Vestmannaeyjar,IS,KEF
Plano,US,DFW
Calcinaia,IT,MXP
Cadenazzo,CH,ZRH
Manapla,PH,HKG
Werne,DE,DUS
Kostanay,KZ,AKX
Kathmandu,NP,SIN
Caldwell,US,SEA
Newton,US,EWR
Dryden,CA,YYZ
Tafí Viejo,AR,EZE
Moita,PT,LIS
San Cristóbal de las Casas,MX,QRO
Pula,HR,VIE
Coroneo,MX,DFW
Mullhyttan,SE,ARN
Cárdenas Segunda Sección,MX,DFW
Indre Arna,NO,OSL
Keller,US,DFW
Ajacuba,MX,DFW
Imus,PH,MNL
Coimbra,PT,BOD
Clermont,CA,YUL
Santa Pola,ES,MAD
Roncadelle,IT,MXP
South Bend,US,ORD
Chamoson,CH,ZRH
Navan,IE,ORK
Hiroshima,JP,KIX
Moose Jaw,CA,ORD
Sremska Mitrovica,RS,BUD
Segur de Calafell,ES,MAD
Marbella,ES,MAD
Waldeck,DE,FRA
Mühlacker,DE,MUC
Monte Grande,AR,EZE
New Bern,US,ORF
Raisio,FI,OSL
Chiclayo,PE,SCL
Melk,AT,VIE
Kansas City,US,MCI
Pasig-bo,PH,MNL
Castel Maggiore,IT,MXP
Hongō,JP,NRT
Munro,AR,MIA
Saint-Denis,FR,CDG
Albufeira,PT,LIS
Rio Rancho,US,DEN
San Pawl il-Baħar,MT,MRS
Arouca,TT,MIA
Capesterre-Belle-Eau,GP,MIA
Morin-Heights,CA,YUL
Cerro Maggiore,IT,MXP
Schönenwerd,CH,ZRH
Kjellerup,DK,CPH
Kutztown,US,EWR
Collingwood,CA,YYZ
Barntrup,DE,FRA
Rome,IT,FCO
Shukugawara,JP,NRT
Brzeg,PL,WAW
Turnau,AT,VIE
Astana,KZ,WAW
Milwaukee,US,ORD
Wandlitz,DE,TXL
Minamihoncho,JP,NRT
Las Piedras,PR,MIA
Saltsjö-Boo,SE,ARN
Kirchberg an der Pielach,AT,VIE
Brande,DK,CPH
Haacht,BE,BRU
Prajak,ID,SIN
Stawiguda,PL,WAW
Fischerbach,DE,MUC
Howick,ZA,LIS
Tanashichō,JP,NRT
Harxheim,DE,FRA
Recanati,IT,MXP
Marousi,GR,ATH
Canelones,UY,GRU
Saerbeck,DE,FRA
Kifissia,GR,ATH
Salta,AR,GRU
Herlev,DK,CPH
Windisch,CH,ZRH
Karaganda,KZ,ALA
Smolyan,BG,SOF
Luboń,PL,WAW
Quito,EC,LIM
Bätterkinden,CH,ZRH
Ljubečna,SI,FRA
Blumenau,BR,GRU
El Vigía,VE,MIA
Neumarkt in der Oberpfalz,DE,FRA
Tadlak,PH,HKG
Žatec,CZ,PRG
Kellinghusen,DE,TXL
Makassar,ID,SIN
Götene,SE,CPH
Traunreut,DE,MUC
Kaminoyama,JP,NRT
Huauchinango,MX,QRO
Alwernia,PL,WAW
Keszthely,HU,VIE
Noboribetsu,JP,NRT
Paraćin,RS,BEG
Arnprior,CA,YUL
Lomma,SE,CPH
Cherokee Village,US,DFW
Muggia,IT,MXP
Ruma,RS,BUD
Darley,AU,MEL
Apodaca,MX,DFW
Viškovo,HR,ZAG
Pringsewu,ID,SIN
Chirnside Park,AU,MEL
Chilcuautla,MX,DFW
Trujillo,PE,LIM
Herxheimweyher,DE,MUC
Welland,CA,YYZ
Bandele,YT,NBO
Huissen,NL,DUS
Coffs Harbour,AU,SYD
Wakefield,CA,YUL
Río Cuarto,AR,MIA
Urle,PL,WAW
Obrenovac,RS,BEG
Šiaulėnai,LT,VNO
Tbilisi,GE,BEG
Vorselaar,BE,BRU
Laveen,US,LAX
KwaDukuza,ZA,CPT
Hornchurch,GB,LHR
Zárate,AR,EZE
Tullamore,IE,DUB
Krems,AT,VIE
Gånghester,SE,CPH
Titisee-Neustadt,DE,VIE
Tanti,AR,EZE
Prien am Chiemsee,DE,MUC
Santiago Juxtlahuaca,MX,DFW
Tepalcingo,MX,QRO
Yaritagua,VE,MIA
Tlayacapan,MX,QRO
Athenry,IE,DUB
Monzingen,DE,FRA
Glumsø,DK,CPH
Castletown,AU,PER
Egenhofen,DE,FRA
Kingston,CA,YYZ
Radzyń Podlaski,PL,WAW
Kotugoda,LK,CMB
Kōnan,JP,NRT
San Francisco de Yare,VE,MIA
Sandsli,NO,OSL
Hilders,DE,FRA
Konstancin-Jeziorna,PL,WAW
Gerasdorf bei Wien,AT,VIE
Sakaiyama,JP,NRT
Ōnojō,JP,KIX
Bayamón,PR,IAD
Arlington,US,IAD
Salisbury,US,IAD
Zaprešić,HR,VIE
Kolbermoor,DE,FRA
Norwich,GB,LHR
Buchanan,LR,LIS
Lommel,BE,BRU
Lumajang,ID,SIN
La Plata,AR,GRU
Kleinburg Station,CA,YYZ
Gau-Odernheim,DE,FRA
Stony Creek,US,IAD
Qormi,MT,FCO
Suzukichō,JP,NRT
Leipzig,DE,FRA
Trenton,CA,YYZ
Epsom,US,BOS
Pfungstadt,DE,FRA
Ölgii,MN,ULN
Ballymote,IE,DUB
Vynnyky,UA,WAW
Somero,FI,HEL
Nea Liosia,GR,BUD
Savona,IT,MXP
Stuttgart,DE,FRA
Chioggia,IT,FCO
Schaffhausen,CH,ZRH
Escalante,PH,HKG
Charata,AR,SCL
Rida`,YE,MCT
Monument,US,DEN
Rivne,UA,WAW
Dundalk,IE,ORK
Tequixquiac,MX,DFW
Utzigen,CH,ZRH
Brzeg Dolny,PL,WAW
Lennestadt,DE,DUS
Bad Windsheim,DE,MUC
Delphos,US,ORD
Cuveglio,IT,FCO
Ratoath,IE,DUB
Rogans Hill,AU,SYD
Wakaf Bharu,MY,KUL
Gniezno,PL,HAM
Pagalungan,PH,MNL
Angus,CA,YYZ
Novara,IT,MXP
Brabrand,DK,CPH
Finnsnes,NO,OSL
Husum,DE,TXL
Thembisa,ZA,JNB
Pannawonica,AU,PER
Holbæk,DK,CPH
Mallow,IE,DUB
Mutsu,JP,NRT
Ciudad Obregón,MX,QRO
Rossland,CA,YVR
Sesto San Giovanni,IT,MXP
Hamina,FI,ARN
Slane,IE,ORK
Ruhmannsfelden,DE,FRA
Brzeźnio,PL,WAW
Karben,DE,FRA
Calverton,US,IAD
Rajagiriya,LK,CMB
Oberengstringen,CH,ZRH
Sahuayo de Morelos,MX,DFW
Boca Toma,AR,EZE
Ohkola,FI,HEL
Tegucigalpa,HN,MIA
Chiari,IT,MXP
Altamira,MX,QRO
Embrach,CH,ZRH
Kemi,FI,HEL
Jettenbach,DE,FRA
Alytus,LT,VNO
Berwyn,US,EWR
Älvsjö,SE,OSL
Pérez Zeledón,CR,SJO
Cernusco sul Naviglio,IT,MXP
Whistler,CA,YVR
Poza Rica,MX,QRO
Leicester,GB,LHR
Strausberg,DE,TXL
Stirling,CA,EWR
Tulum,MX,QRO
Zvolen,SK,VIE
Kavadarci,MK,SOF
Miguel Hidalgo,MX,QRO
Wakazono,JP,KIX
Gundelsheim,DE,FRA
Nakuru,KE,MRS
Altenburg,DE,FRA
Durban,ZA,LHR
Kent,US,SEA
Oberdorf,CH,ZRH
Tettnang,DE,TXL
Huhmari,FI,HEL
Leopardstown,IE,ORK
Deidesheim,DE,FRA
Cayenne,GF,MIA
Potsdam,DE,TXL
Neuss,DE,DUS
Kampung Batu Kikir,MY,KUL
Lichtenburg,ZA,JNB
Eschborn,DE,FRA
Rexburg,US,SEA
Malabon,PH,NRT
Chur,CH,GVA
Kahl am Main,DE,FRA
Weihenzell,DE,TXL
Hinatuan,PH,HKG
Neuenhagen,DE,TXL
Eagle,US,SEA
Ogura,JP,NRT
Novalja,HR,ZAG
Guiguinto,PH,HKG
Bayreuth,DE,FRA
Banská Bystrica,SK,VIE
Baal,BE,BRU
Sokolov,CZ,PRG
Vöcklabruck,AT,VIE
Vohburg an der Donau,DE,FRA
Antiguo Cuscatlán,SV,MIA
Sint-Truiden,BE,BRU
Bullaren,SE,CPH
Higashiurawa,JP,NRT
Noblesville,US,ORD
Ocoyoacac,MX,DFW
Kamen’-Kashirskiy,UA,WAW
Lüdinghausen,DE,DUS
Woodside,AU,SYD
Turramurra,AU,SYD
Luxembourg,LU,LUX
Chemainus,CA,YVR
Dotechō,JP,NRT
Kuppenheim,DE,MUC
Kudus,ID,SIN
Wolfenbüttel,DE,FRA
Bünde,DE,DUS
Sambas,ID,SIN
Verdun,CA,YUL
Berettyóújfalu,HU,VIE
Vári,GR,ATH
Charleroi,BE,BRU
Saint-Aubin,CH,ZRH
Roßbach,DE,MUC
Juana Díaz,PR,MIA
Sydney,AU,SYD
Shibasaki,JP,NRT
San Martino in Rio,IT,FCO
Hartbeespoort,ZA,LHR
Hněvošice,CZ,PRG
Haliburton,CA,YYZ
Oslo,NO,OSL
Fellbach,DE,FRA
Suwa,JP,KIX
Bayog,PH,HKG
Smederevska Palanka,RS,BEG
Gasport,US,ORD
Noe,JP,KIX
Kōyōdai,JP,NRT
Feios,NO,OSL
Hnátnice,CZ,PRG
Gelsenkirchen,DE,DUS
Sacile,IT,MXP
Fonyód,HU,VIE
Hanyū,JP,NRT
Hurbanovo,SK,BTS
Nashville,US,ATL
Ljubanci,MK,SOF
Cempaka Putih Barat,ID,SIN
Wollongong,AU,SYD
Pylaia,GR,ATH
Martorell,ES,AMS
Sundbyberg,SE,AMS
Gersthofen,DE,MUC
San Cristóbal,VE,BOG
Garson,CA,YYZ
Mińsk Mazowiecki,PL,WAW
Mimuro,JP,NRT
Snina,SK,BTS
Årnes,NO,OSL
Yoshizuka,JP,KIX
Rensselaer,US,ORD
Thurles,IE,MAN
Kongsvinger,NO,OSL
São Gonçalo,BR,GIG
Chernivtsi,UA,WAW
Rimsting,DE,MUC
Fenelon Falls,CA,YYZ
Kōkandōri,JP,NRT
Hamlet,US,ATL
Bad Mergentheim,DE,FRA
Cuenca,ES,MAD
Lizzanello,IT,MXP
Montelíbano,CO,MIA
Åndalsnes,NO,OSL
Szombathely,HU,VIE
Nelson,CA,YVR
Azzano Decimo,IT,MXP
Dumai,ID,SIN
Oberhausen,DE,DUS
Tokyo,JP,NRT
Milan,IT,MXP
Porvoo,FI,HEL
Prienai,LT,VNO
Haßfurt,DE,FRA
Wörth am Rhein,DE,MUC
Pietermaritzburg,ZA,JNB
Falmouth,JM,MIA
Kajang,MY,KUL
Kota Damansara,MY,KUL
Portlaoise,IE,ORK
Brugg,CH,ZRH
Thalwil,CH,ZRH
Canungra,AU,SYD
Ternate,PH,HKG
Nepean,CA,YUL
Slagelse,DK,CPH
Roriz,PT,LIS
Vorovești,RO,FRA
Araguari,BR,GRU
Candiac,CA,YUL
Evosmos,GR,ATH
San Giovanni la Punta,IT,MXP
Kamikodanaka,JP,NRT
Freiberg am Neckar,DE,FRA
Kamiokachō-yamada,JP,KIX
Famalicão,PT,LIS
Bad Dürkheim,DE,FRA
Eriksmåla,SE,CPH
El Salto,MX,QRO
Haren,DE,MUC
Manises,ES,MAD
Netabi,JP,KIX
Bryn Mawr,US,EWR
Aleksinac,RS,BEG
Kortenberg,BE,BRU
Kangasala,FI,ARN
Bettystown,IE,DUB
Kiryū,JP,NRT
St. George,US,SLC
Breitenworbis,DE,FRA
Feldkirchen,DE,FRA
Tsubame,JP,NRT
São João da Talha,PT,LIS
Marietta,US,JAX
Fawkner,AU,MEL
Springs,ZA,JNB
Meedhoo,MV,MLE
Frattamaggiore,IT,FCO
Bischberg,DE,FRA
Rehburg-Loccum,DE,FRA
Albstadt,DE,MUC
Yukuhashi,JP,KIX
Dăneasa,RO,OTP
Queens,US,EWR
Fürstenfeldbruck,DE,MUC
Yanaka,JP,NRT
Kysucké Nové Mesto,SK,BTS
Bautzen,DE,FRA
Waltershausen,DE,FRA
Atotonilco el Alto,MX,QRO
Weira,DE,FRA
Rocky Mountain House,CA,YYC
Volkach,DE,FRA
Springe,DE,FRA
Tauranga,NZ,AKL
Spikkestad,NO,OSL
Rohrbach,DE,MUC
San Luis,PH,HKG
Tiaong,PH,MNL
Merzenich,DE,DUS
Hinunangan,PH,HKG
Choibalsan,MN,ULN
Lich,DE,FRA
Al Jabīn,YE,MCT
Draguignan,FR,MRS
Braila,RO,OTP
General Roca,AR,EZE
Bracebridge,CA,YYZ
Root,CH,ZRH
Bahía Blanca,AR,EZE
Kuroishi,JP,NRT
La Rioja,AR,GRU
Griže,SI,VIE
Guaymas,MX,QRO
St Francis Bay,ZA,DUR
Ingelmunster,BE,BRU
Tönning,DE,TXL
Metzingen,DE,MUC
Minuwangoda,LK,CMB
Nisshinchō,JP,NRT
Odžaci,RS,BUD
Asahikawa,JP,NRT
Elmshorn,DE,TXL
Nagyatád,HU,VIE
Tvedestrand,NO,OSL
Silvan,AU,MEL
Svätý Jur,SK,VIE
Musson,BE,BRU
Sincelejo,CO,BAQ
Ayer Itam,MY,YYZ
Indramayu,ID,SIN
Brooklyn,US,LAS
Reinheim,DE,FRA
Nordhorn,DE,DUS
Kragujevac,RS,BEG
Yoyogi,JP,NRT
Schwindegg,DE,FRA
Slave Lake,CA,YVR
Springbok,ZA,JNB
Reinfeld,DE,TXL
Sándorfalva,HU,VIE
Kawaminami,JP,KIX
Lučenec,SK,VIE
Ciudad Choluteca,HN,MIA
Großkrotzenburg,DE,FRA
Emmen,CH,ZRH
Vero Beach,US,MIA
Vitoria-Gasteiz,ES,MAD
Amstetten,AT,VIE
Kalawa,DE,TXL
Weston,US,ATL
Suva,FJ,SUV
Sayama,JP,NRT
Ōbuke,JP,NRT
Newmarket,CA,YYZ
Lomas del Mirador,AR,EZE
Princeton,US,EWR
Sandy Springs,US,ATL
Berndorf,AT,VIE
Mitterteich,DE,FRA
Gosford,AU,SYD
Spring,US,DFW
Benidorm,ES,MAD
Karlstad,SE,ARN
Meißner,DE,FRA
Jeffersonton,US,IAD
Rjukan,NO,OSL
Rockingham,AU,PER
Schlieren,CH,ZRH
Port Moody,CA,YVR
Kitashinagawa,JP,NRT
Pierzchnica,PL,WAW
Córdoba,MX,QRO
Burgas,BG,SOF
Heinsberg,DE,DUS
Eningen unter Achalm,DE,MUC
Saalbach,AT,VIE
Metairie,US,DFW
Eichenzell,DE,FRA
Forest,BE,BRU
Hendersonville,US,ATL
San Fernando,AR,SCL
Cantley,CA,YUL
Lanaken,BE,BRU
Prešov,SK,VIE
Rottenburg an der Laaber,DE,FRA
Bremervörde,DE,TXL
Surigao City,PH,HKG
Kamata,JP,NRT
Embrun,CA,YUL
Bornheim,DE,FRA
Akashi,JP,KIX
Parede,PT,LIS
Kulmbach,DE,FRA
Oral,KZ,HKG
Bali,ID,SIN
McDonough,US,ATL
Skovlunde,DK,CPH
Bad Tölz,DE,MUC
Nacka,SE,HEL
Korosten,UA,WAW
Markt Piesting,AT,VIE
Naga,PH,SIN
Rýmařov,CZ,PRG
Lacombe,CA,YYC
Lutsk,UA,WAW
Tenancingo de Degollado,MX,QRO
Lech,AT,VIE
Independencia,MX,DFW
Banfield,AR,EZE
Omiš,HR,BUD
Germering,DE,FRA
Werdau,DE,FRA
Korçë,AL,MXP
Casselman,CA,YUL
Ixtapan de la Sal,MX,QRO
St. Gallen,CH,ZRH
Maturín,VE,MIA
Zipaquirá,CO,MIA
Kundasale,LK,CMB
Derby,GB,MAN
Lewis Center,US,CMH
Ransbach-Baumbach,DE,MUC
Molde,NO,OSL
Gorzów Wielkopolski,PL,WAW
Burgthann,DE,FRA
Dunmore,CA,YVR
Toritto,IT,MXP
Nikkō,JP,NRT
Kloten,CH,ZRH
Ballincollig,IE,DUB
Osek,CZ,PRG
Corozal,CO,BOG
Kagoshima,JP,KIX
Toyohashi,JP,KIX
Colombes,FR,CDG
Santa Barbara,PH,HKG
Saint Augustine,US,MIA
Bucharest,RO,OTP
Fira,GR,ATH
Weybridge,GB,MAN
Upper Hutt,NZ,AKL
Glostrup Municipality,DK,CPH
Auckland,NZ,AKL
Koga,JP,NRT
Gambettola,IT,MXP
Shimorenjaku,JP,NRT
Weißenthurm,DE,FRA
Lębork,PL,WAW
Porirua,NZ,AKL
Fredensborg,DK,CPH
Vélizy-Villacoublay,FR,CDG
Sandhausen,DE,FRA
Cabudare,VE,MIA
Whitecourt,CA,YYC
Regen,DE,MUC
Eggenfelden,DE,MUC
Hoofddorp,NL,AMS
Kōka,JP,KIX
Rae Parish,EE,OSL
Târgu Mureş,RO,OTP
Weichs,DE,MUC
Unna,DE,FRA
Zushi,JP,NRT
NIA Valencia,PH,HKG
Ajka,HU,VIE
Wald,DE,FRA
Akaa,FI,RIX
Bethlehem,US,IAD
Szentendre,HU,VIE
Vacy,AU,SYD
Bernartice,CZ,PRG
Port Dickson,MY,KUL
Binz,CH,ZRH
Vyškov,CZ,PRG
Mahibadhoo,MV,MLE
Klavestadhaugen,NO,OSL
Sagbayan,PH,HKG
Villa Ballester,AR,SCL
Sinsheim,DE,MUC
St. Marys,CA,YYZ
Karawang,ID,SIN
New Westminster,CA,SEA
Agios Nikolaos,GR,ATH
Senovo,SI,VIE
Nienburg,DE,FRA
Apache Junction,US,LAX
Mutare,ZW,HRE
Węgliniec,PL,WAW
Donostia / San Sebastian,ES,MAD
Campbell River,CA,YVR
Schlüchtern,DE,FRA
Nordhavn,DK,CPH
Sereď,SK,VIE
Pinetops,US,IAD
Dobroszyce,PL,WAW
Gossau,CH,ZRH
Tinaquillo,VE,MIA
Longford,IE,DUB
Hemhofen,DE,MUC
Pilar,PH,HKG
San Antonio de Areco,AR,GRU
Numazu,JP,KIX
Lupburg,DE,MUC
Pirna,DE,FRA
Val d'Illiez,CH,ZRH
Katowice,PL,WAW
Gummersbach,DE,TXL
Zero Branco,IT,FCO
Manheim,US,EWR
Barrancabermeja,CO,MIA
Deining,DE,FRA
Urdaneta,PH,MNL
Shimotsuruma,JP,NRT
Teltow,DE,FRA
Brebes,ID,SIN
Bandele,YT,JNB
Louth,IE,ORK
Bad Frankenhausen,DE,FRA
Richmond,US,IAD
Jacó,CR,SJO
Aicurzio,IT,MXP
Vorau,AT,VIE
Nukuiminamicho,JP,NRT
San Lorenzo,PR,MIA
Neckarsulm,DE,FRA
Rønde,DK,CPH
Burdell,AU,BNE
Creemore,CA,EWR
Karmsund,NO,OSL
Buenos Aires,AR,GRU
Monserrato,IT,MXP
Heidelberg,DE,FRA
Gückingen,DE,DUS
Itakano,JP,KIX
East Java,ID,SIN
Calaocan District,PH,HKG
Emerald,AU,SYD
Ottawa,CA,YUL
Kumla,SE,ARN
Yotsukaidō,JP,NRT
Borlänge,SE,OSL
Eglisau,CH,ZRH
Kyustendil,BG,SOF
New Brunswick,US,EWR
Selargius,IT,MXP
Neustadt an der Orla,DE,FRA
Higashiosaka,JP,KIX
Santa Cruz Atizapán,MX,QRO
Frammersbach,DE,MUC
Neuwied,DE,DUS
Geilenkirchen,DE,FRA
Tochigi,JP,NRT
Pincourt,CA,YUL
San Cristóbal Acasaguastlán,GT,SJO
Giurgiu,RO,OTP
Befu,JP,KIX
Trissino,IT,MXP
Manzini,SZ,JNB
Kyritz,DE,TXL
Frösö,SE,ARN
Kebumen Satu,ID,SIN
Předboj,CZ,PRG
Guldental,DE,FRA
Poing,DE,FRA
Charlesbourg,CA,YUL
Delbrück,DE,FRA
Shūnan Shi,JP,KIX
Amadeo,PH,HKG
Weingarten,DE,VIE
Lousada,PT,LIS
Kigali,RW,KGL
Fürth,DE,FRA
Huy,BE,BRU
Valley Village,US,LAX
Mishima,JP,KIX
Dilbeek,BE,BRU
Ezeiza,AR,GRU
Döttingen,CH,ZRH
Ebensfeld,DE,MUC
Plasnica,MK,SOF
Baguio City,PH,HKG
Jerseyville,CA,YYZ
Accra,GH,LIS
Domašinec,HR,ZAG
Buenaventura,CO,MIA
Mrzezino,PL,WAW
Albisola Superiore,IT,FCO
Langhus,NO,OSL
Tomter,NO,OSL
Bad Kreuznach,DE,FRA
Kingsport,US,ATL
Guagua,PH,HKG
Ulefoss,NO,OSL
Oberrohrdorf,CH,ZRH
Lipa City,PH,HKG
Muri,CH,ZRH
Carúpano,VE,MIA
New Plymouth,NZ,AKL
Bochum,DE,DUS
Bontang,ID,SIN
Cairns,AU,SYD
Pantelimon,RO,OTP
Waterford,CA,YYZ
Niel,BE,BRU
Mariano Moreno,AR,EZE
Kangar,MY,KUL
Haslach im Kinzigtal,DE,MUC
Peipohja,FI,HEL
Coimbra,PT,LIS
Bago,MM,SIN
Castelar,AR,SCL
Pomborneit,AU,SYD
Pueblo Libre,PE,SCL
Balashikha,RU,DME
Rørvik,NO,OSL
Pohlheim,DE,FRA
Taysan,PH,HKG
Rivière-du-Loup,CA,YUL
L'Épiphanie,CA,YUL
Renningen,DE,FRA
Björköby,SE,GOT
Iwamizawa,JP,NRT
Emmendingen,DE,FRA
Cypress,US,DFW
Mornico al Serio,IT,MXP
Maricopa,US,LAX
Teizandori,JP,NRT
Seoul,KR,NRT
Żyrardów,PL,WAW
Maran,MY,KUL
Olpe,DE,DUS
Esch-sur-Alzette,LU,LUX
Norsborg,SE,ARN
Subotica,RS,SOF
Mosjøen,NO,OSL
Cajamarca,PE,GRU
Luján,AR,EZE
Lviv,UA,WAW
Parsippany,US,EWR
Psáry,CZ,PRG
Setagaya-ku,JP,NRT
Matamata,NZ,AKL
Meda,IT,FCO
Fgura,MT,PMO
Kendari,ID,SIN
Katherine,AU,ADL
Makarska,HR,BUD
Hawkesbury,CA,YUL
Karlshamn,SE,CPH
Asperg,DE,MUC
Kiskőrös,HU,VIE
Garbsen,DE,FRA
Tenjin,JP,KIX
Graz,AT,VIE
Adlikon,CH,ZRH
Shah Alam,MY,SIN
Paarl,ZA,LHR
Paterna,ES,MAD
Lahug,PH,HKG
Pozzomaggiore,IT,MXP
Aabenraa,DK,CPH
Kápolnásnyék,HU,VIE
Oftringen,CH,ZRH
Kreuzlingen,CH,ZRH
Monteroni di Lecce,IT,MXP
Wolfratshausen,DE,MUC
Fukuoka,JP,NRT
Rheinböllen,DE,FRA
Takamatsu,JP,KIX
Eichen,DE,FRA
Reda,PL,WAW
Kōshienchō,JP,KIX
Hitachi-Naka,JP,NRT
Bad Endorf,DE,FRA
Fonthill,CA,YYZ
Bergen,NO,OSL
General Roca,AR,GRU
Elsinore,DK,CPH
Ruhengeri,RW,KGL
Hopkins,US,MSP
Frýdek-Místek,CZ,PRG
Heroica Matamoros,MX,DFW
Allen,AR,EZE
Hasselager,DK,CPH
Guimba,PH,HKG
Cipolletti,AR,EZE
Obritzberg,AT,VIE
Bua,SE,CPH
North Coogee,AU,PER
Mem Martins,PT,LIS
Hirasawa,JP,NRT
Översundom,FI,HEL
Bezau,AT,VIE
Arecibo,PR,IAD
Gitega,BI,NBO
Minamishitauramachi-kikuna,JP,NRT
La Barca,MX,DFW
Sulzberg,DE,FRA
Mühldorf,DE,MUC
Christiansfeld,DK,FRA
Bridgetown,BB,BGI
Nieder-Olm,DE,FRA
Parksville,CA,YVR
Avondale,US,SLC
Grottaglie,IT,MXP
Grellingen,CH,ZRH
Düren,DE,FRA
Pannipitiya,LK,CMB
Langnau am Albis,CH,ZRH
Kamnik,SI,VIE
Esbjerg,DK,CPH
Rawa Barat,ID,SIN
Durango,MX,QRO
Baras-Baras,PH,MNL
Rangewood,AU,BNE
Sofiemyr,NO,OSL
Falkenberg,SE,CPH
Lindlar,DE,DUS
Puerto Barrios,GT,MIA
Louny,CZ,PRG
Aura an der Saale,DE,MUC
Vacaville,US,SJC
Liedekerke,BE,BRU
San Miguel de Tucumán,AR,GRU
Iesi,IT,MXP
Maiolati Spontini,IT,MXP
Burbank,US,LAX
Tultepec,MX,QRO
Beccar,AR,GRU
Saku,EE,TLL
Port-de-Bouc,FR,MXP
Borken,DE,FRA
Petaling Jaya,MY,SIN
Somerville,US,EWR
Boksburg,ZA,CPT
Futtsu,JP,NRT
Taraz,KZ,ALA
Mito,JP,NRT
Malambe,LK,CMB
Bad Kissingen,DE,FRA
Kyzylorda,KZ,AKX
Armenia,CO,MIA
Viimsi,EE,TLL
Sacramento,US,SJC
Cassano Magnago,IT,MXP
Algeciras,ES,MAD
Distrito Federal,VE,MIA
Newcastle,CA,YYZ
Pioltello,IT,FCO
Beckum,DE,FRA
Bryan,US,DFW
Borgosesia,IT,MXP
Mont-Tremblant,CA,YUL
Ibusuki,JP,KIX
Tultitlán de Mariano Escobedo,MX,QRO
Kaduwela,LK,CMB
Suchy Las,PL,WAW
Maumere,ID,SIN
East Hartford,US,ATL
San Pedro,MX,QRO
La Guaira,VE,MIA
Ichtegem,BE,BRU
Onex,CH,ZRH
Chastre,BE,BRU
Érd,HU,VIE
Misinto,IT,MXP
Malu Spart,RO,FRA
Chikusei,JP,NRT
Treviolo,IT,MXP
Fürstenwalde,DE,TXL
Odawara,JP,NRT
Twickenham,GB,MAN
Meissen,DE,FRA
Novate Milanese,IT,MXP
Nishiharachō,JP,NRT
Vicente López,AR,SCL
Mering,DE,MUC
Gärtringen,DE,FRA
Kalocsa,HU,VIE
Manoppello,IT,MXP
Pergamino,AR,EZE
Amadora,PT,LIS
Vlasotince,RS,SOF
Botoșani,RO,OTP
Avellaneda,AR,SCL
Parques de La Herradura,MX,DFW
Wiernsheim,DE,MUC
Bariloche,AR,EZE
Toronto,CA,YYZ
Gevelsberg,DE,DUS
Štoky,CZ,PRG
Rosate,IT,FCO
Vineland,CA,YYZ
Brilon,DE,DUS
San Felice sul Panaro,IT,MXP
Kani,JP,NRT
Ixtlahuaca de Rayón,MX,DFW
Tomakomai,JP,NRT
Vadum,DK,CPH
Buzau,RO,OTP
Los Alamos,US,DEN
Tczew,PL,WAW
Eberbach,DE,FRA
Bodelshausen,DE,FRA
Bawley Point,AU,SYD
Danao,PH,MNL
Skänninge,SE,ARN
Egersund,NO,OSL
Krupka,CZ,PRG
Heidenheim,DE,FRA
Kuala Terengganu,MY,SIN
Midori,JP,NRT
Salzgitter,DE,FRA
Yamagata,JP,NRT
Luton,GB,LHR
Wilnsdorf,DE,DUS
Salfīt,PS,ZDM
Nowy Sącz,PL,WAW
Hadamar,DE,FRA
Tlaquiltenango,MX,QRO
Bremerton,US,SEA
Saint-Bruno,CA,YUL
Lohne,DE,TXL
Chantilly,US,IAD
Pulilan,PH,SIN
Lakewood,US,EWR
Burns Lake,CA,YVR
Sakata,JP,NRT
Ecatepec,MX,QRO
Nagyvenyim,HU,VIE
Ft Saskatchewan,CA,YYC
Oberhasli / Oberhasli (Dorf),CH,ZRH
Ciudad Acuña,MX,DFW
Rennerod,DE,DUS
Rawicz,PL,WAW
Aveiro,PT,LHR
Tecate,MX,QRO
Gornji Milanovac,RS,SOF
Lehrte,DE,FRA
Warsaw,PL,WAW
San Juan Bautista,AR,MIA
Hartswater,ZA,JNB
Aichwald,DE,MUC
Haldensleben I,DE,FRA
Ciudad Guayana,VE,MIA
Wissen,DE,FRA
Abbotsford,CA,YVR
Paraná,AR,EZE
Halmstad,SE,CPH
Yabechō,JP,NRT
Kiama,AU,SYD
Kemachō,JP,KIX
Falun,SE,CPH
Sint-Niklaas,BE,BRU
Morong,PH,HKG
Cotabato City,PH,HKG
Panabo,PH,HKG
Zawadzkie,PL,VIE
Front Royal,US,ORF
Renko,FI,ARN
Timika,ID,SIN
Magetan,ID,SIN
Chios,GR,ATH
Cochrane,CA,YYC
Wattala,LK,CMB
Decatur,US,ATL
Bagong Silang,PH,MNL
Nyköping,SE,ARN
Hoboken,BE,BRU
Eitorf,DE,DUS
Immensee,CH,ZRH
St. Cloud,US,MIA
Viborg,DK,CPH
Ibbenbueren,DE,FRA
Juliaca,PE,LIM
Pfedelbach,DE,FRA
Lingayen,PH,HKG
Dayton,US,YYZ
Rautalampi,FI,ARN
Martellago,IT,MXP
Mettmenstetten,CH,ZRH
Rafah,PS,ZDM
Freiberg,DE,FRA
Neuenhof,CH,ZRH
Honjō,JP,NRT
San Juan de los Lagos,MX,QRO
Matfors,SE,CPH
Hino,JP,NRT
Wellington,NZ,AKL
Studio City,US,LAX
San Juan,TT,MIA
Vilanova i la Geltrú,ES,MAD
Holmestrand,NO,OSL
Cooroy Mountain,AU,SYD
Tau,NO,OSL
Gräsmark,SE,ARN
Rasta,NO,OSL
Puerto Boyacá,CO,BOG
Dili,TL,SYD
Kitzingen,DE,MUC
Tizayuca,MX,QRO
Tetovo,MK,SOF
Erfurt,DE,FRA
Neuquén,AR,SCL
Santo Domingo de los Colorados,EC,JAX
Oostrozebeke,BE,BRU
Elblag,PL,WAW
Waghäusel,DE,FRA
Triptis,DE,FRA
Lanark,CA,EWR
Hammond Park,AU,PER
Barrie,CA,YYZ
Tuczno,PL,WAW
Andechs,DE,FRA
Braine-l'Alleud,BE,BRU
Mardi,AU,MEL
Undervelier,CH,ZRH
Kanagawa,JP,NRT
Tengah,ID,SIN
Ballinasloe,IE,DUB
Arnstorf,DE,FRA
Fabbrico,IT,MXP
San Juan,AR,GRU
Heitersheim,DE,FRA
Legazpi,PH,SIN
Orpund,CH,ZRH
Waco,US,DFW
Tahitótfalu,HU,VIE
Gilly,BE,BRU
Krefeld,DE,DUS
Sarstedt,DE,FRA
Damme,DE,FRA
Daitō,JP,KIX
Lomas de Zamora,AR,GRU
Apan,MX,QRO
Handenberg,AT,VIE
Besnyő,HU,VIE
Taytay,PH,SIN
Port Elgin,CA,YUL
Negombo,LK,CMB
Tulcea,RO,OTP
Echuca,AU,MEL
Sala Consilina,IT,MXP
Villeneuve,CH,ZRH
Heuchlingen,DE,FRA
Peristeri,GR,ATH
Ambon City,ID,SIN
Dazaifu,JP,NRT
Saint-Joseph,RE,RUN
Campulung Muscel,RO,OTP
Borås,SE,ARN
Loppi,FI,RIX
Richmond,CA,YVR
Aix-en-Provence,FR,CDG
Stadtsteinach,DE,MUC
Lima,PE,GRU
Meilen,CH,ZRH
Culpeper,US,IAD
Dobroeşti,RO,OTP
Freeport,TT,MIA
Stralsund,DE,TXL
Aarschot,BE,BRU
Kitazawa,JP,NRT
Bondorf,DE,FRA
Minamiarupusu,JP,NRT
Moroleón,MX,QRO
Temperley,AR,EZE
Wheatley,CA,YYZ
Ramos Mejía,AR,GRU
Kehrsiten,CH,ZRH
Nitra,SK,BTS
Kildare,IE,ORK
Haracho,JP,KIX
Šentjur pri Celju,SI,FRA
Incheon,KR,ICN
Longmont,US,DEN
Ochsenhausen,DE,MUC
Vibo Valentia,IT,MXP
Nayoro,JP,NRT
Dorchester,US,BOS
Waregem,BE,BRU
Motoasakusa,JP,NRT
Xalapa,MX,QRO
Kirchseeon,DE,FRA
Wölfersheim,DE,FRA
Korneuburg,AT,VIE
Alimos,GR,ATH
Manassas,US,IAD
Russell,CA,YUL
Yokohama,JP,NRT
Sevlievo,BG,SOF
Budy Brodzkie,PL,WAW
Kode,SE,CPH
Satigny,CH,ZRH
Norra Vallgrund,FI,HEL
Murtoa,AU,MEL
Playa del Carmen,MX,QRO
Hückelhoven,DE,TXL
Budaörs,HU,VIE
Windsor,US,MCI
Castromediano,IT,FCO
Langenzenn,DE,MUC
San Luis,AR,EZE
Dasmariñas,PH,HKG
Hørsholm,DK,CPH
Effretikon,CH,ZRH
Futako,JP,NRT
Brisbane,AU,SYD
Sulechów,PL,WAW
Agoo,PH,SIN
Reynosa,MX,DFW
Dierikon,CH,GVA
Sentul,MY,KUL
Zossen,DE,TXL
Sainte-Julie,CA,YUL
Wavre,BE,BRU
Boston,US,BOS
Notodden,NO,OSL
San Paolo Bel Sito,IT,MXP
Skövde,SE,CPH
Iași,RO,OTP
Wasserburg am Inn,DE,FRA
Haedo,AR,EZE
Linz,AT,VIE
Vossem,BE,BRU
Elkenroth,DE,FRA
Wil,CH,ZRH
Battaramulla,LK,SIN
Tagbilaran,PH,MNL
Managua,NI,MIA
Ate,PE,LIM
Tavarnuzze,IT,MXP
Maipú,AR,SCL
Grand Forks,CA,YVR
Caseros,AR,GRU
Jilava,RO,OTP
Quarteira,PT,LIS
Lara,AU,MEL
Presicce,IT,MXP
Honkomagome,JP,NRT
Morley,GB,LHR
Youngstown,US,ORD
Milton Keynes,GB,LHR
Ängelholm,SE,CPH
Lomas de Vista Hermosa,MX,QRO
Berkeley,US,SJC
Tebet Barat,ID,SIN
Cuernavaca,MX,QRO
Shirakabe,JP,KIX
George Town,KY,MIA
Rocky Mount,US,ATL
Dutse,NG,LHR
San Gavino Monreale,IT,MXP
Tlalpan,MX,DFW
Volla,IT,FCO
Ljutomer,SI,VIE
Willebroek,BE,BRU
Riniken,CH,ZRH
Aden,YE,MCT
Unterschleissheim,DE,FRA
Mravince,HR,SOF
Adrogué,AR,SCL
Owings Mills,US,IAD
Bulawayo,ZW,JNB
Vantaa,FI,HEL
Brüttisellen,CH,ZRH
Lillehammer,NO,OSL
Skokie,US,ORD
Municipality of Strathfield,AU,SYD
Riederich,DE,MUC
Coleman,CA,YVR
Aubonne,CH,ZRH
Fujioka,JP,NRT
Ōnodai,JP,NRT
Châtelet,BE,BRU
Jokela,FI,HEL
Kiruna,SE,ARN
Santa Maria del Aguila,ES,MAD
Nürtingen,DE,FRA
Tönisvorst,DE,FRA
Keratsini,GR,ATH
Lake Mary,US,MIA
Biloxi,US,ATL
Maldonado,UY,GRU
Weilerbach,DE,FRA
Bristol,US,EWR
Tricesimo,IT,MXP
Sölvesborg,SE,CPH
Tennevollen,NO,OSL
Warri,NG,LHR
Wyee Point,AU,SYD
St. John's,CA,EWR
Daly City,US,SJC
Sebring,US,MIA
Essen,DE,DUS
Bocholt,DE,FRA
Scafati,IT,FCO
Yuto,AR,SCL
Karlskoga,SE,ZRH
Rüschlikon,CH,ZRH
Perugia,IT,MXP
Torun,PL,WAW
Sangonera la Verde,ES,MAD
Valbo,SE,OSL
Kungälv,SE,CPH
Akasaka,JP,NRT
Nugegoda,LK,CMB
Concón,CL,MIA
Düsseldorf,DE,DUS
Plettenberg Bay,ZA,JNB
Shymkent,KZ,ALA
Burghausen,DE,FRA
Rees,DE,DUS
Upper Parklands Estate,KE,MBA
Ystad,SE,CPH
Albox,ES,MAD
Spanish Point,IE,DUB
Titel,RS,BEG
Männedorf,CH,ZRH
Cayuga,CA,YYZ
Fagersta,SE,ARN
Trujillo Alto,PR,ATL
Johor Bahru,MY,KUL
Lysekil,SE,CPH
Cottesloe,AU,PER
San Miguel de Cozumel,MX,DFW
Brig,CH,ZRH
North Park,CA,YYZ
Diepenbeek,BE,BRU
New York,US,EWR
Reykjanesbaer,IS,KEF
Palikir,FM,NRT
Wonosobo,ID,SIN
Podnart,SI,FRA
Brannenburg,DE,MUC
Hikari,JP,KIX
Gressvik,NO,OSL
Tosu,JP,KIX
Sävedalen,SE,GOT
Lerum,SE,CPH
Halstenbek,DE,TXL
Chrzanów,PL,WAW
Cidade Velha,CV,LIS
Fajardo,PR,SJU
The Oaks,AU,SYD
L'Assomption,CA,YUL
Freiburg im Breisgau,DE,MUC
San Nicolás Totolapan,MX,QRO
Uelzen,DE,FRA
Putte,BE,BRU
Újkenéz,HU,VIE
Masaya,NI,MIA
Vermilion,US,ORD
Malé,MV,MLE
Yverdon-les-Bains,CH,ZRH
Melle,DE,FRA
Meßstetten,DE,MUC
Marco de Canaveses,PT,LIS
Bussnang,CH,ZRH
Filderstadt,DE,MUC
Ketsch,DE,FRA
Villa del Totoral,AR,EZE
Caserta,IT,MXP
Mosta,MT,MRS
Ichihara,JP,NRT
Temixco,MX,QRO
Hude,DE,DUS
Yarrabilba,AU,SYD
Ávila,ES,MAD
Cunit,ES,MAD
Manchester,GB,MAN
Butgenbach,BE,BRU
Chapelle-lez-Herlaimont,BE,BRU
Comox,CA,YVR
Altusried,DE,FRA
Isleworth,GB,DUB
Hardenberg,NL,AMS
Rovaniemi,FI,CPH
Masala,FI,HEL
Vennesla,NO,OSL
Bientina,IT,MXP
Atlanta,US,MIA
Mechelen,BE,BRU
Gurabo,PR,SJU
Penzberg,DE,FRA
Kokstad,ZA,JNB
Gazzo,IT,FCO
Parasznya,HU,FRA
Cardona,PH,HKG
Sutton,CA,YUL
Hausen,CH,ZRH
Eger,HU,VIE
Butuan,PH,HKG
Hokksund,NO,OSL
Spreitenbach,CH,ZRH
Rajec,SK,VIE
Dällikon / Dällikon (Dorf),CH,ZRH
Muhen,CH,ZRH
Karlskrona,SE,CPH
Charneca de Caparica,PT,LIS
Umeå,SE,ARN
Marigot,MF,MIA
Ballymena,GB,DUB
Quibdó,CO,MIA
Münchenstein,CH,ZRH
Sant'Antonio Abate,IT,MXP
Catawissa,US,EWR
Goulds,CA,EWR
Cobeja,ES,MAD
Inzago,IT,MXP
Kamunting,MY,SIN
Nybro,SE,CPH
Arthurs Creek,AU,MEL
Tavelsjö,SE,ARN
Ulm,DE,FRA
Elche,ES,MAD
Trelleborg,SE,CPH
Meppen,DE,DUS
Caronno Pertusella,IT,MXP
Stoneybatter,IE,DUB
Newhaven,AU,SYD
San Lorenzo,AR,EZE
Bendigo,AU,MEL
Santa Cruz,JM,MIA
Kyuchu,JP,NRT
Schwetzingen,DE,FRA
Risskov,DK,CPH
Piteå,SE,ARN
Blonay,CH,ZRH
Thabazimbi,ZA,JNB
Beaconsfield,CA,YUL
Markranstädt,DE,TXL
Serravalle Pistoiese,IT,MXP
Vedbæk,DK,CPH
Inverell,AU,PER
Pieterlen,CH,ZRH
Suita,JP,KIX
Katsuragi,JP,NRT
Zama,JP,NRT
Toyonaka,JP,KIX
Ahome,MX,DFW
Ado-Ekiti,NG,FRA
Steilacoom,US,SEA
Izmail,UA,WAW
Burgwedel,DE,FRA
Waubaushene,CA,YYZ
Tiszabura,HU,BUD
Podkowa Leśna,PL,WAW
Kanata,CA,YUL
Southaven,US,ATL
Hatton,LK,SIN
Tigre,AR,SCL
Warren,US,ORD
Ensenada,AR,GRU
Kirchheim unter Teck,DE,FRA
Höxter,DE,FRA
Guelders,DE,DUS
Hawangen,DE,FRA
Ballyconnell,IE,DUB
Steyregg,AT,VIE
Barueri,BR,GRU
Landquart,CH,ZRH
Tsuru Shi,JP,NRT
Bretzfeld,DE,FRA
Żejtun,MT,PMO
San Fernando,PH,SIN
Greifenstein,DE,MUC
Wernigerode,DE,FRA
Järveotsa,EE,TLL
Ekerö,SE,CPH
Doral,US,MIA
Randers,DK,CPH
Anselmo Llorente,CR,SJO
Marburg,DE,FRA
Graben-Neudorf,DE,FRA
Ilmenau,DE,FRA
Quillota,CL,MIA
Hrastnik,SI,VIE
Andover,US,BOS
Siivikkala,FI,HEL
Gijón,ES,MAD
Hershey,US,ORD
Nambucca Heads,AU,SYD
Yishun New Town,SG,SIN
Pagani,IT,MXP
Klädesholmen,SE,CPH
Langenthal,CH,ZRH
Wickliffe,US,YYZ
Straubing,DE,FRA
Ixtaczoquitlán,MX,DFW
Giessen,DE,FRA
Nakatsu,JP,KIX
Eckartsau,AT,VIE
Letterkenny,IE,DUB
Hajmáskér,HU,VIE
Montebelluna,IT,MXP
Milanówek,PL,WAW
Brandýs nad Labem-Stará Boleslav,CZ,PRG
Trstené pri Hornáde,SK,VIE
Diepenau,DE,FRA
Fürigen,CH,ZRH
Neuhof,DE,FRA
San Gregorio di Catania,IT,MXP
Lammi,FI,HEL
Villaz-Saint-Pierre,CH,ZRH
Canas,CR,MIA
Cumberland,CA,YUL
Qormi,MT,MXP
Drumbo,CA,YYZ
La Oliva,ES,MAD
Mascouche,CA,YUL
Piacenza,IT,PMO
Pavas,CR,ATL
Yantzaza,EC,MIA
Prospect,US,ORD
Saint-Marc-des-Carrieres,CA,YUL
Bandhagen,SE,OSL
Tolosa,PH,HKG
Athenry,IE,MAN
Mysłowice,PL,WAW
Kraljevo,RS,BEG
Didymóteicho,GR,ATH
Česká Lípa,CZ,PRG
Curinga,IT,MXP
General Pacheco,AR,GRU
Oelde,DE,DUS
Ahlen,DE,FRA
Blagoevgrad,BG,SOF
Sistov,BG,IST
Utsunomiya,JP,NRT
Masbate,PH,HKG
Abiko,JP,NRT
Naka,JP,NRT
Futatsubashichō,JP,NRT
Eaton Rapids,US,LAX
Arklow,IE,DUB
Saiwaichō,JP,NRT
Ostfildern,DE,FRA
Celaya,MX,QRO
Klaten,ID,SIN
Malacca,MY,KUL
Sedona,US,LAX
Odorheiu Secuiesc,RO,OTP
Timișoara,RO,OTP
Regenstauf,DE,FRA
Jōyō,JP,NRT
Umm Slal Ali,QA,DOH
Auenwald,DE,FRA
Porta Westfalica,DE,FRA
Minatomirai,JP,NRT
Bydgoszcz,PL,WAW
Štúrovo,SK,BTS
Axams,AT,VIE
Gjøvik,NO,OSL
Turner Valley,CA,YYC
San Juan Nepomuceno,CO,SJO
Praha 12,CZ,PRG
Tangará da Serra,BR,GIG
Manresa,ES,MAD
Okazaki,JP,KIX
Orani,PH,SIN
Conselve,IT,FCO
Bad Urach,DE,FRA
Tumba,SE,ARN
Clearwater,CA,YVR
Ibagué,CO,BAQ
Ząbki,PL,WAW
Joba Arriba,DO,STI
Gönnheim,DE,FRA
Corroios,PT,LIS
Strømmen,NO,OSL
Chikuma,JP,NRT
Vallejo,US,SJC
Ellsworth,US,BOS
San Pablo,PH,NRT
Purépero de Echáiz,MX,QRO
Malabrigo,AR,SCL
Caloocan City,PH,HKG
Desio,IT,FCO
Kyiv,UA,WAW
Modena,IT,MXP
Smorumnedre,DK,CPH
Kavala,GR,ATH
Alajuela,CR,SJO
Rače,SI,VIE
Meise,BE,BRU
Joliette,CA,YUL
Nkpor,NG,LHR
Rosemount,US,MSP
Kretinga,LT,VNO
Motoyamaminamimachi,JP,KIX
Euskirchen,DE,DUS
Butte,US,DEN
Jingūmae,JP,NRT
Kokshetau,KZ,SIN
Tanvald,CZ,PRG
Colombo,LK,CMB
Mannheim,DE,FRA
Sector 6,RO,OTP
Las Pintitas,MX,QRO
Maracaibo,VE,MIA
Lula,US,JAX
Taidera,JP,KIX
Sandton,ZA,DUR
North Richland Hills,US,DFW
Casa Grande,US,LAX
Charlottesville,US,IAD
Wetaskiwin,CA,YYC
San Lorenzo,PY,GRU
Löhne,DE,FRA
Sogamoso,CO,MIA
Bruchköbel,DE,FRA
Palenque/Temp,MX,QRO
Feldkirchen in Kärnten,AT,VIE
Sankt Martin am Ybbsfelde,AT,VIE
Waldkirchen,DE,MUC
Freital,DE,DUS
Sharjah,AE,DXB
Balamban,PH,HKG
Cananea,MX,DFW
Birsfelden,CH,ZRH
Maribor,SI,VIE
Gapan,PH,MNL
Chilpancingo,MX,QRO
Os,NO,OSL
Cancún,MX,QRO
Moszczenica,PL,WAW
Bagnolo Mella,IT,MXP
Göd,HU,VIE
Santo Domingo Este,DO,MIA
Boischatel,CA,EWR
Libramont,BE,BRU
Langley,CA,YVR
Meuselwitz,DE,FRA
Stadtroda,DE,FRA
Petrel,ES,MAD
Ojo de Agua,AR,SCL
Kwinana,AU,MEL
Ciudad de Nanacamilpa,MX,DFW
Bregenz,AT,VIE
Pohnpei State,FM,GUM
Pati,ID,SIN
Lincoln,NZ,AKL
Neunkirchen,DE,FRA
Houma,US,DFW
Paliseul,BE,BRU
Waterloo,CA,YYZ
Bruchsal,DE,FRA
Porza,CH,ZRH
Miklavž na Dravskem Polju,SI,VIE
Tottenham,CA,YYZ
Punat,HR,BUD
Bled,SI,FRA
Johor Bahru,MY,SIN
Kochchikade,LK,CMB
Freudenstadt,DE,MUC
La Grita,VE,MIA
Maesawa,JP,NRT
East Fremantle,AU,ADL
Karet,ID,SIN
Junction City,US,MCI
Villa Eduardo Madero,AR,GRU
Jesús María,AR,GRU
Casier,IT,FCO
Kościerzyna,PL,WAW
Ikegami,JP,NRT
Campinas,BR,GRU
Torrance,US,LAX
Grobogan,ID,SIN
Billings,US,DEN
Mandaue City,PH,MNL
Volos,GR,ATH
Altdorf bei Nürnberg,DE,FRA
Solidaridad,MX,QRO
Dessau,DE,FRA
León,NI,MIA
Klang,MY,KUL
Barth,DE,TXL
Pirmasens,DE,DUS
San Miguel de Tucumán,AR,SCL
Saiki,JP,KIX
Sector 4,RO,OTP
Izola,SI,FRA
Ciwidey,ID,SIN
Vicente López,AR,EZE
Ebikon,CH,ZRH
Deinze,BE,BRU
San Juan,PR,TLH
Riverview,US,TPA
Skotselv,NO,OSL
Quillota,CL,SCL
Wilhermsdorf,DE,FRA
Nishigokenchō,JP,NRT
Hanau,DE,DUS
Ozamiz,PH,HKG
Sarajevo,BA,ZAG
Gontazaka,JP,NRT
Toride,JP,NRT
Königstein im Taunus,DE,FRA
Dolores,AR,GRU
Yopal,CO,MIA
Santiago de Surco,PE,SCL
Hakodate,JP,NRT
Aspropyrgos,GR,ATH
Paros,GR,ATH
Joensuu,FI,HEL
Mejiro,JP,NRT
Palmerston North,NZ,AKL
Miami,US,LAX
Nova Milanese,IT,MXP
Hünfelden,DE,DUS
Seeb,OM,MCT
Ceppaloni,IT,MXP
Perg,AT,VIE
Sikatuna,PH,MNL
Temanggung,ID,SIN
Oestrich-Winkel,DE,FRA
Arlon,BE,BRU
Fort Frances,CA,ORD
Hattersheim,DE,FRA
Herndon,US,ORF
Amakusa,JP,KIX
Penig,DE,FRA
Langenlonsheim,DE,FRA
Ørje,NO,OSL
Renton,US,SEA
Koper,SI,FRA
Gerbstedt,DE,FRA
Temoaya,MX,QRO
Arta,GR,ATH
Penticton,CA,SEA
Herzogenaurach,DE,FRA
Guayaquil,EC,GYE
Durach,DE,DUS
Haninge,SE,OSL
Nittedal,NO,OSL
Diamond Point,US,EWR
Reşiţa,RO,OTP
Champlin,US,MSP
Rösrath,DE,DUS
Senftenberg,DE,TXL
Bad Dürrenberg,DE,FRA
Giroc,RO,FRA
Oliveira do Bairro,PT,LIS
Corral de Bustos,AR,GRU
Francavilla al Mare,IT,MXP
Kemigawa,JP,NRT
Kuantan,MY,KUL
Hermosillo Sahuaripa,MX,LAX
Vilvoorde,BE,BRU
Aci Catena,IT,MXP
Bancroft,CA,YUL
Rockdale,AU,SYD
Baldwin Park,US,LAX
Różnowo,PL,WAW
Oberkirch,DE,MUC
Pasto,CO,MIA
Martin,SK,BTS
Bad Rappenau,DE,MUC
Lippstadt,DE,DUS
Rivera,UY,SCL
DeLand,US,MIA
Aguascalientes,MX,QRO
Schofields,AU,SYD
Sanremo,IT,MXP
La Paz,HN,TLH
Toamasina,MG,TNR
Võru,EE,TLL
Rio de Janeiro,BR,GIG
Camiling,PH,MNL
Westlake,US,ORD
Suhr,CH,ZRH
Dottignies,BE,BRU
Ravne na Koroškem,SI,FRA
Brighton,CA,YYZ
Gauting,DE,FRA
Noda,JP,NRT
Mindelheim,DE,FRA
Taguig,PH,HKG
Wattwil,CH,ZRH
Miyayama,JP,NRT
Faulconbridge,AU,SYD
Kreuzau,DE,DUS
Aigen im Mühlkreis,AT,VIE
Ichikawa-minami,JP,NRT
Flawil,CH,ZRH
Freetown,SL,LHR
Pacific Palisades,US,SJC
Lohja,FI,HEL
Tondo,PH,HKG
Canegrate,IT,FCO
Tapachula,MX,DFW
Carleton Place,CA,YUL
Matsudo,JP,NRT
Smithville,CA,YYZ
Rosario,AR,MIA
Letterkenny,IE,ORK
Søgne,NO,OSL
Staten Island,US,ORD
Raleigh,US,ATL
Hochdorf,CH,ZRH
Vernon,CA,YVR
Kebon Jeruk,ID,SIN
Morioka,JP,NRT
Günzburg,DE,MUC
San Felipe,MX,DFW
Herzogenburg,AT,VIE
Puyo,EC,MIA
Gorišnica,SI,VIE
Komoka,CA,YYZ
Tsukure,JP,KIX
Lindlar,DE,TXL
Orem,US,SLC
Barceloneta,PR,MIA
Freudenberg,DE,VIE
Nakanobu,JP,NRT
Corozal,CO,MIA
East Barre,US,EWR
Smržice,CZ,PRG
Carrollton,US,DFW
Akatsuka,JP,NRT
Bujumbura,BI,NBO
Batumi,GE,ATH
Pirot,RS,BUD
Stouffville,CA,YYZ
Fyzabad,TT,MIA
Plettenberg Bay,ZA,LHR
Arad,RO,OTP
Malem Village,FM,GUM
Xochitepec,MX,QRO
Worcester,US,BOS
Grafenau,DE,FRA
Zákamenné,SK,VIE
Colón,MX,DFW
Neufahrn bei Freising,DE,MUC
Norderney,DE,FRA
Leopoldsdorf,AT,VIE
Fortville,US,ORD
Florence,IT,MXP
Moyobamba,PE,SCL
Marijampolė,LT,VNO
Muramatsu,JP,NRT
Techirghiol,RO,OTP
Pierrefonds,CA,YUL
Backnang,DE,FRA
Torgau,DE,FRA
Stephanskirchen,DE,FRA
Higashinaganuma,JP,NRT
Lindenberg,DE,FRA
González Catán,AR,GRU
Orillia,CA,YYZ
Mukwonago,US,ORD
Salou,ES,MAD
Liloan Norte,PH,SIN
Künzell,DE,FRA
Sundbyberg,SE,ARN
Hortolândia,BR,GRU
Kingscourt,IE,DUB
Riobamba,EC,GYE
Apia,WS,AKL
Tamura,JP,KIX
Nakamaruko,JP,NRT
Telgte,DE,DUS
Havelberg,DE,FRA
Leinefelde-Worbis,DE,FRA
Kluisbergen,BE,BRU
Rolvsøy,NO,OSL
Wonogiri,ID,SIN
Sagamigaoka,JP,NRT
Alor Gajah,MY,KUL
Bondowoso,ID,SIN
Petroúpolis,GR,ATH
Harrisburg,US,EWR
Großen Buseck,DE,VIE
Pontianak,ID,SIN
Thessaloniki,GR,SKG
La Mirada,US,LAX
Kakogawa,JP,KIX
Pinneberg,DE,DUS
Bierbeek,BE,BRU
Höfen an der Enz,DE,DUS
Hornbæk,DK,CPH
Collado Villalba,ES,MAD
Prilep,MK,VIE
Bergkamen,DE,DUS
Ikoma,JP,KIX
Tenambit,AU,SYD
Popeşti-Leordeni,RO,OTP
Kolárovo,SK,VIE
Lucca,IT,MXP
Illingen,DE,FRA
Hausmannstätten,AT,VIE
Springfield,US,SEA
Grose Wold,AU,SYD
Trušeliai,LT,VNO
Larnaca,CY,LCA
Dvůr Králové nad Labem,CZ,PRG
Suceava,RO,OTP
Cainta,PH,MNL
Morrisville,US,ATL
Corfu,GR,ATH
Irving,US,DFW
Kamienica,PL,WAW
Banjul,GM,DKR
Geraardsbergen,BE,BRU
Harringay,GB,LHR
Aigáleo,GR,ATH
Ottaviano,IT,MXP
Madison,US,ORD
Valencia,US,SEA
Abakaliki,NG,JNB
Winchester,US,IAD
Athy,IE,AMS
Versmold,DE,MUC
Aktobe,KZ,ALA
Ruutana,FI,HEL
Valby,DK,CPH
La Tablada,AR,SCL
Grolley,CH,ZRH
Auma,DE,FRA
Raymond Terrace,AU,SYD
Tolleson,US,LAX
Bradenton,US,MIA
Basey,PH,MNL
Arboga,SE,ARN
Fgura,MT,MXP
Conway,US,DFW
Koidu,SL,CDG
Cloquet,US,MSP
Guadalajara,MX,DFW
Lennestadt,DE,FRA
Dzierżoniów,PL,WAW
Gandia,ES,MAD
Karachi,PK,SIN
Tanumshede,SE,ARN
Bremgarten,CH,ZRH
Buresjön,SE,ARN
Hofbieber,DE,FRA
Kinrooi,BE,BRU
Reading,GB,LHR
Summerfield,US,MIA
Lana,IT,MXP
Montcalm,CA,YYZ
Cehu Silvaniei,RO,OTP
Deva,RO,OTP
Cumaná,VE,MIA
Glade Valley,US,IAD
Sibu,MY,KUL
Sankt Lorenzen im Mürztal,AT,VIE
Groß-Umstadt,DE,FRA
Nottwil,CH,ZRH
Guelph,CA,YYZ
Akureyri,IS,KEF
Gland,CH,ZRH
Kokuryōchō,JP,NRT
Ocotlán,MX,QRO
Springton,CA,EWR
Flen,SE,ARN
Netphen,DE,DUS
Poděbrady,CZ,PRG
Cerro Veronese,IT,MXP
Kastav,HR,VIE
Ukishima,JP,NRT
Botkyrka,SE,ARN
Seya,JP,NRT
Poprad,SK,VIE
Viernheim,DE,FRA
Comodoro Rivadavia,AR,EZE
Westfield,US,EWR
Oroslavje,HR,BUD
Calima,CO,MIA
Herzogenrath,DE,DUS
Kimitsu,JP,NRT
Clayton,US,IAD
Siegen,DE,DUS
Blender,DE,FRA
Nadarzyn,PL,WAW
South Portland,US,EWR
North Rothbury,AU,SYD
Kirchheim unter Teck,DE,MUC
Hennigsdorf,DE,TXL
Williams Lake,CA,YVR
Worb,CH,ZRH
Castellví de Rosanes,ES,MAD
Banjarbaru,ID,SIN
Warneet East,AU,MEL
Yanagawa,JP,KIX
Portland,US,SEA
Mérida,MX,QRO
Pacho,CO,MIA
Bodenmais,DE,MUC
Ramsau am Dachstein,AT,VIE
Cunduacán,MX,LAX
Niederuzwil,CH,ZRH
Hawkesbury,CA,YYZ
Tielt-Winge,BE,BRU
Pulsnitz,DE,FRA
Loosdorf,AT,VIE
Bascharage,LU,LUX
Kingsholme,AU,SYD
Vinkovci,HR,VIE
Bad Aussee,AT,VIE
Iglesias,IT,MXP
Pittsburg,US,SJC
Camporotondo Etneo,IT,MXP
Knokke,BE,BRU
Angeles City,PH,MNL
Marshall,US,LAX
Wielsbeke,BE,BRU
Calaocan District,PH,MNL
San Rafael,CR,SJO
Lomas de Las Palmas,MX,DFW
Naifaru,MV,MLE
Leutkirch,DE,MUC
Orléans,CA,YUL
Veymandoo,MV,MLE
Frederiksberg,DK,CPH
Espoo,FI,HEL
Ålgård,NO,OSL
Schaarbeek,BE,BRU
Santos Lugares,AR,GRU
Tampere,FI,HEL
Aiterhofen,DE,MUC
Ytre Enebakk,NO,OSL
Plaridel,PH,MNL
League City,US,DFW
Montebello,US,LAX
Salgótarján,HU,VIE
Mestrino,IT,MXP
Tecuci,RO,OTP
Monastir,IT,MXP
Ciudad Guadalupe Victoria,MX,QRO
Cravinhos,BR,GRU
Luján de Cuyo,AR,GRU
Hamamatsu,JP,KIX
Presidencia Roque Sáenz Peña,AR,EZE
Kuching,MY,SIN
Fayetteville,US,ATL
Stäfa,CH,ZRH
Rottweil,DE,MUC
Ciudad Ojeda,VE,MIA
Endingen,DE,MUC
Onaga,JP,KIX
Ravenna,IT,FCO
Lepsény,HU,VIE
Domnești,RO,OTP
Magalang,PH,HKG
Zarnesti,RO,OTP
Southwark,GB,LHR
Toyotamanaka,JP,NRT
Stettler,CA,YVR
Vrútky,SK,VIE
San Fernando,CL,SCL
Blaker,NO,OSL
Zhangaözen,KZ,ALA
Isesaki,JP,NRT
Stavanger,NO,OSL
Jerusalem,AU,ADL
Vancouver,CA,YVR
Dingolfing,DE,FRA
Charlotte,US,ATL
Monthey,CH,ZRH
Debar,MK,SOF
Freinsheim,DE,FRA
Skarpnäck,SE,ARN
Liestal,CH,ZRH
Böhl-Iggelheim,DE,FRA
Hilliard,US,ORD
Dürnkrut,AT,VIE
Ambato,EC,GYE
Lamar,US,IAD
Nora,SE,CPH
Zinacantepec,MX,LAX
Farnham,CA,YUL
Grande Prairie,CA,SEA
Dverberg,NO,OSL
Miyota,JP,NRT
Ichinomiya,JP,KIX
Saint-Alphonse-Rodriguez,CA,YUL
Esperance,AU,PER
Chase,CA,YVR
St John Island,VI,MIA
Waynesville,US,ATL
Razgrad,BG,SOF
Morlanwelz-Mariemont,BE,BRU
Concepción del Uruguay,AR,SCL
Buduran,ID,SIN
Kongens Lyngby,DK,CPH
Mörlenbach,DE,FRA
Zalău,RO,OTP
Bacolor,PH,HKG
Long Sault,CA,YUL
Cape Coral,US,MIA
Sutton Coldfield,GB,MAN
Albury,AU,SYD
Runkel,DE,FRA
Pfalzfeld,DE,FRA
Hennef (Sieg),DE,DUS
Akhalk'alak'i,GE,SOF
Dillingen an der Donau,DE,FRA
Galliate,IT,MXP
Bovezzo,IT,MXP
Bergem,LU,LUX
Seesen,DE,FRA
Lubang Buaya,ID,SIN
Iława,PL,WAW
Martjanci,SI,FRA
Lewisville,US,DFW
Ruma,RS,VIE
Napanee,CA,YYZ
Dengkil,MY,SIN
Koper,SI,BUD
Mettenheim,DE,FRA
West Kempsey,AU,SYD
Tanza,PH,SIN
Osasco,BR,GRU
Chêne-Bougeries,CH,ZRH
Grenå,DK,CPH
Lecce,IT,FCO
Santa Maria La Carità,IT,MXP
Bottmingen,CH,ZRH
Saga,JP,KIX
Lennik,BE,BRU
Saint-Sulpice,CH,ZRH
Geneva,CH,GVA
St. Thomas,CA,YYZ
Saltillito,MX,IAH
Sasso Marconi,IT,FRA
El Carmen de Bolívar,CO,BOG
Swords,IE,DUB
Odžaci,RS,BEG
Eschweiler,DE,DUS
Tukwila,US,SEA
Rheinfelden,CH,ZRH
Rijkevorsel,BE,BRU
Pförring,DE,FRA
Lindsay,CA,YYZ
Podbořany,CZ,PRG
King,CA,YYZ
Lahnstein,DE,FRA
Mislinja,SI,VIE
Sankt Johann,DE,FRA
Vilamarxant,ES,MAD
Kawagoe,JP,NRT
Feucht,DE,MUC
Makilala,PH,MNL
Moravská Třebová,CZ,PRG
Pandi,CO,MIA
Naumburg,DE,FRA
Uddevalla,SE,CPH
Hidalgo y Cortez,MX,DFW
Higashiyamato,JP,NRT
Stolzenau,DE,FRA
Bad Königshofen im Grabfeld,DE,MUC
West Kelowna,CA,SEA
Hainburg,DE,FRA
Lesce,SI,VIE
Grevenbroich,DE,DUS
Pallini,GR,ATH
Cambridge,CA,YYZ
Progreso de Alvaro Obregon,MX,DFW
Heide,DE,TXL
Nellis Air Force Base,US,LAS
Lilio,PH,MNL
Åmot,NO,OSL
Gori,GE,TBS
Smiths Falls,CA,YUL
San Cesario di Lecce,IT,MXP
Neu Wulmstorf,DE,TXL
Starzach,DE,MUC
Boca del Rio,MX,DFW
Azeitão,PT,LIS
Ragalna,IT,MXP
Cesano Maderno,IT,FCO
Vega Alta,PR,SJU
Leknes,NO,OSL
Webster,US,MIA
Jerusalem,IL,FRA
Ghent,BE,BRU
Aalborg,DK,CPH
Montevideo,UY,GRU
Untersiggenthal,CH,ZRH
Greifensee,CH,ZRH
Haapsalu,EE,ARN
Arizona City,US,LAX
Seevetal,DE,TXL
Queenstown,ZA,MAN
Moers,DE,DUS
Delmenhorst,DE,FRA
Carleton-sur-Mer,CA,YUL
Herrenberg,DE,MUC
Nicosia,CY,LCA
Kandy,LK,CMB
Flémalle,BE,BRU
Costa Mesa,US,LAX
Deerlijk,BE,BRU
Tsukazan,JP,KIX
Bellaria-Igea Marina,IT,MXP
Chomutov,CZ,PRG
Villa María,AR,EZE
Krobia,PL,WAW
Babakangarut,ID,SIN
Berlaar,BE,BRU
Ebisu,JP,NRT
Surrey,CA,SEA
Bad Salzungen,DE,FRA
Rottenstuben,DE,FRA
Mowe,NG,LHR
Cinco Saltos,AR,EZE
Chía,CO,MIA
Ancona,IT,MXP
Motta di Livenza,IT,MXP
Rockwall,US,DFW
Itapira,BR,GRU
Hermée,BE,BRU
Peñablanca,PH,HKG
Berazategui,AR,SCL
Arai,JP,NRT
Kujō,JP,NRT
Sakurachō,JP,NRT
Evansville,US,ORD
Pezinok,SK,VIE
Chislehurst,GB,LHR
Helmstedt,DE,FRA
Plottier,AR,EZE
Suzaka,JP,KIX
Mons,BE,BRU
Shimoichida,JP,NRT
České Budějovice,CZ,PRG
Vohenstrauß,DE,MUC
Kilkenny,IE,ORK
Aguadilla,PR,IAD
Sahagún,CO,BAQ
Laurel,US,ORF
Selong,ID,SIN
Grand Junction,US,DEN
Westport,CA,EWR
Intervale,CA,YUL
Daisen,JP,NRT
Santurtzi,ES,MAD
Piscataway,US,EWR
Thurles,IE,DUB
Courtice,CA,YYZ
Kleinandelfingen,CH,ZRH
Boralesgamuwa South,LK,SIN
Neubulach,DE,FRA
Malang,ID,SIN
Rudersberg,DE,FRA
Dartmouth,CA,YUL
Ibaraki,JP,KIX
Levoča,SK,VIE
Senden,DE,FRA
Orivesi,FI,HEL
Hersbruck,DE,MUC
Trier,DE,FRA
Holter,NO,OSL
Kenmore,US,SEA
Haiger,DE,FRA
Dragash,XK,SOF
Alzey,DE,FRA
Hamburg,DE,FRA
Fort Erie,CA,YYZ
Conifer,US,DEN
Palo Alto,US,SJC
Rockland,CA,YUL
Amadora,PT,LHR
Bocas del Toro,PA,MIA
Scarborough,TT,MIA
Montgomery,US,ATL
River Falls,US,MSP
Simmern,DE,FRA
Mosterhamn,NO,OSL
Uxbridge,CA,YYZ
Debrecen,HU,VIE
Tigbauan,PH,HKG
Tržič,SI,VIE
Bremen,DE,FRA
Nishiwaseda,JP,NRT
Agugliano,IT,MXP
Hunedoara,RO,OTP
Colborne,CA,EWR
Ciudad Madero,MX,QRO
Oskarshamn,SE,CPH
Plattling,DE,MUC
Ebeltoft,DK,CPH
Grahamstown,ZA,LIS
Hatvan,HU,VIE
Lucas González,AR,EZE
Curitiba,BR,GRU
Terralba,IT,MXP
Scotland,CA,YYZ
Oswego,US,IAD
Rambukkana,LK,CMB
Oedelem,BE,BRU
Windsor,CA,YYZ
Dorfen,DE,MUC
Bath,CA,YYZ
Clark,PH,SIN
Pattensen,DE,MUC
Soledad de Graciano Sánchez,MX,QRO
Le Lamentin,MQ,MIA
Unión de Crédito Agrícola de Hermosillo,MX,QRO
Wangen,CH,ZRH
Tienen,BE,BRU
Baguio City,PH,MNL
Saint-Imier,CH,ZRH
Üröm,HU,VIE
Mouscron,BE,BRU
Diespeck,DE,FRA
Fussa,JP,NRT
Corindi,AU,SYD
Casamassima,IT,FCO
Cohuna,AU,SYD
Seri Kembangan,MY,KUL
Ploieşti,RO,OTP
Sorocaba,BR,GRU
Hutthurm,DE,FRA
Zuchwil,CH,ZRH
East York,CA,YYZ
Santos,BR,GRU
Chajarí,AR,GRU
Völs,AT,VIE
San Pedro Sula,HN,JAX
Solčava,SI,FRA
Vicenza,IT,MXP
Zrenjanin,RS,BUD
Sävsjö,SE,ARN
Bilbao,ES,MAD
Belleville,CA,YYZ
Mirna,SI,FRA
Kuala Lumpur,MY,KUL
Apartadó,CO,MIA
Villa Dolores,AR,GRU
Langen,DE,FRA
Santa Monica,US,LAX
Tarnów,PL,WAW
St John's,AG,MIA
Dulce Nombre,CR,MIA
Crailsheim,DE,FRA
Johanneshov,SE,ARN
Lüchow,DE,FRA
Dunmore,AU,SYD
San Marcos,US,DFW
Mombasa,KE,CDG
Egilsstaðir,IS,LHR
Biberist,CH,ZRH
Nairobi,KE,NBO
Blackrock,IE,DUB
Maquinchao,AR,EZE
Siemianowice Śląskie,PL,WAW
Mixco,GT,MIA
Køge,DK,CPH
Rakke,EE,HEL
Puchong Batu Dua Belas,MY,KUL
Tuchów,PL,WAW
Hermosa,PH,HKG
Sainte-Adèle,CA,YUL
Yokkaichi,JP,KIX
Murakami,JP,NRT
Waldkirchen,DE,FRA
Narvacan,PH,HKG
Casalecchio di Reno,IT,MXP
Solsona,ES,MAD
Akaho,JP,NRT
Jelenia Góra,PL,WAW
Kingston,NF,SYD
Virum,DK,CPH
Hudiksvall,SE,RIX
Froideville,CH,ZRH
Klaukkala,FI,HEL
Suzuka,JP,KIX
Hachiōji,JP,NRT
Gaithersburg,US,IAD
Bramming,DK,CPH
Buxtehude,DE,TXL
Blovice,CZ,PRG
Loma Hermosa,AR,GRU
Batu Ampar,ID,SIN
Etobicoke,CA,YYZ
Monrovia,LR,ASK
Molenbeek-Saint-Jean,BE,BRU
Hamina,FI,HEL
Encarnación,PY,GRU
Hückelhoven,DE,DUS
Marcinelle,BE,BRU
Trenque Lauquen,AR,GRU
Strullendorf,DE,MUC
Boyolali,ID,SIN
Zwijndrecht,BE,BRU
Kapolei,US,SEA
Kunimigaoka,JP,NRT
Wiehl,DE,MUC
Queluz,PT,LIS
Greußen,DE,FRA
Ukiah,US,SJC
Ayr,CA,YYZ
Lobos,AR,SCL
Rickenbach,DE,ZRH
Veszprém,HU,VIE
Xicotepec de Juárez,MX,QRO
Dumaguete,PH,SIN
Dunaharaszti,HU,VIE
Vizela,PT,LIS
Tlaxcoapan,MX,DFW
Zenica,BA,AMS
Alsfeld,DE,FRA
Mexico City,MX,QRO
General Juan Madariaga,AR,EZE
Balanga,PH,HKG
Candelaria,PH,HKG
Paso de los Libres,AR,GRU
Berching,DE,MUC
Nauheim,DE,FRA
Fideris,CH,ZRH
Toshima,JP,NRT
Lodz,PL,WAW
Baden,CA,YYZ
Oakville,CA,YYZ
Krian,ID,SIN
Djursholm,SE,HEL
Tlalnepantla,MX,QRO
Talavera,PH,SIN
Põltsamaa,EE,ARN
Straumsjøen,NO,OSL
Pretoria,ZA,JNB
Fuji,JP,KIX
Santiago Apóstol,CO,SCL
Roswell,US,ATL
Kuzumotochō,JP,KIX
La Villa del Rosario,VE,MIA
Liverpool,AU,SYD
Winnipeg,CA,YYZ
Paks,HU,VIE
Isfjorden,NO,OSL
Parepare,ID,SIN
Mission,US,IAH
Hohen Neuendorf,DE,FRA
Aschaffenburg,DE,MUC
Herzberg am Harz,DE,FRA
Sindelfingen,DE,MUC
Quarrata,IT,MXP
Tábor,CZ,PRG
Opava,CZ,PRG
Lauterbach/Schwarzwald,DE,FRA
Dagupan,PH,MNL
Toyokawa,JP,KIX
Shchūchīnsk,KZ,AKX
Ierapetra,GR,ATH
Mandurah,AU,PER
Zalakaros,HU,VIE
Gelnhausen,DE,FRA
Kamiyabechō,JP,NRT
Ujście,PL,WAW
Mesa,US,DFW
Tautenhain,DE,FRA
Altdorf,DE,FRA
Recife,BR,GRU
City of Westminster,GB,LHR
Minamimotomachi,JP,NRT
Paços de Ferreira,PT,LIS
Nisshin,JP,KIX
Castelfranco Veneto,IT,FCO
Amagasaki,JP,KIX
Drolshagen,DE,DUS
Azzano San Paolo,IT,MXP
Leleque,AR,SCL
Armilla,ES,MAD
Malaybalay,PH,HKG
Weilheim an der Teck,DE,FRA
Lubuklinggau,ID,SIN
Ungheni,MD,KIV
Dhamār,YE,MCT
Kåge,SE,OSL
Miwa,JP,NRT
Valera,VE,MIA
Tsu,JP,KIX
Toulouse,FR,MRS
Ashton,ZA,JNB
Iggesund,SE,ARN
Bujumbura,BI,DAR
Bad Lauchstädt,DE,FRA
Warburton,AU,SYD
D'Abadie,TT,MIA
Payerne,CH,ZRH
Hausach,DE,FRA
St Leonards,AU,MEL
Woking,GB,LHR
Rödermark,DE,FRA
Langhirano,IT,MXP
Santa Marinella,IT,MXP
Belfast,GB,CDG
San Felipe del Progreso,MX,QRO
Charallave,VE,MIA
Palembang,ID,SIN
Michałowice,PL,WAW
Tanjung,ID,SIN
Isulan,PH,HKG
Ajdovščina,SI,FRA
Gladenbach,DE,FRA
Traralgon,AU,MEL
Dehiwala,LK,CMB
Sherbrook,AU,MEL
Riegel,DE,FRA
Pointe-à-Pitre,GP,MIA
Warrnambool,AU,SYD
Beelitz,DE,TXL
Kochinda,JP,KIX
Mandaluyong,PH,MNL
Wädenswil,CH,ZRH
Prévost,CA,YUL
Jablonec nad Nisou,CZ,PRG
Huon Creek,AU,SYD
Klosterneuburg,AT,VIE
Erlenbach,CH,ZRH
Huancayo,PE,SCL
Karlovy Vary,CZ,PRG
Dolo,IT,FCO
Semarang,ID,SIN
San Pedro,AR,SCL
Ube,JP,KIX
Leverkusen,DE,DUS
Pfarrkirchen,DE,MUC
San Francisco,AR,GRU
Uster,CH,ZRH
Piliyandala,LK,AMS
Maho,LK,CMB
Wodonga,AU,MEL
Mhlume,SZ,JNB
Roseville,US,SJC
Korsholm,FI,HEL
Ragama,LK,CMB
Melville,CA,YUL
Schenefeld,DE,FRA
Bodeștii de Jos,RO,FRA
Gudensberg,DE,FRA
High River,CA,YVR
Dublin,US,ATL
Duitama,CO,MIA
Amersfoort,NL,DUS
Blankenburg,DE,FRA
Dinant,BE,BRU
Mölln,DE,TXL
Winnenden,DE,FRA
Bergkirchen,DE,FRA
Carora,VE,MIA
Nassau,BS,MIA
Manila,PH,MNL
Stara Zagora,BG,SOF
Kuala Kangsar,MY,SIN
Furth bei Göttweig,AT,VIE
Magelang,ID,SIN
Rødovre Municipality,DK,CPH
Obercunnersdorf,DE,TXL
Malahide,IE,DUB
Tezoyuca,MX,QRO
Rohr AG,CH,ZRH
Bukit Mertajam,MY,KUL
Strängnäs,SE,ARN
Atsugi,JP,NRT
Okinawa,JP,KIX
Theunissen,ZA,JNB
Donneloye,CH,ZRH
Panama City,PA,MIA
Ampang,MY,KUL
Mendoza,AR,GRU
Martínez de la Torre,MX,QRO
General Pinto,AR,GRU
Wauchula,US,MIA
Broomfield,US,DEN
Pont-Rouge,CA,YUL
Markkleeberg,DE,FRA
Amberg,DE,MUC
Kentville,CA,EWR
Svrljig,RS,BEG
Puerto Juárez,MX,QRO
Wolsztyn,PL,WAW
Râşnov,RO,OTP
Goslar,DE,FRA
Alcala,PH,HKG
Iruma,JP,NRT
Großebersdorf,AT,VIE
Sligo,IE,DUB
Herbolzheim,DE,MUC
Svätý Jur,SK,PRG
Ivanka pri Dunaji,SK,VIE
Cholula,MX,DFW
Vrbas,RS,SOF
Battersea,CA,YYZ
Flensburg,DE,TXL
Mundolsheim,FR,DUS
Puerto Cruz,VE,MIA
Heroldsberg,DE,FRA
Ibadan,NG,LHR
Medgidia,RO,OTP
Wonthaggi,AU,MEL
Rorbas,CH,GVA
Lüdenscheid,DE,DUS
Karben,DE,DUS
Turtle Creek,CA,EWR
Galati,RO,OTP
Alpharetta,US,JAX
Kungsängen,SE,ARN
Wichtrach,CH,ZRH
Summerland,CA,YVR
Miyamachi,JP,NRT
Nelson Bay,AU,SYD
Concepción Las Minas,GT,MIA
Żmigród,PL,WAW
Galatone,IT,MXP
Sungai Petani,MY,KUL
Moravská Nová Ves,CZ,PRG
Sunnyvale,US,SJC
Macerata,IT,MXP
Andria,IT,MXP
Ottestad,NO,OSL
Rüsselsheim am Main,DE,FRA
Meinerzhagen,DE,DUS
Frauenfeld,CH,ZRH
Vanadzor,AM,EVN
Kleve,DE,DUS
Wasaga Beach,CA,YYZ
Versalles,CO,MIA
Kirchberg,DE,DUS
Höhenkirchen-Siegertsbrunn,DE,MUC
Tokorozawa,JP,NRT
Barranquilla,CO,MIA
Sylvan Lake,CA,YVR
Lake Country,CA,YVR
Asaka,JP,NRT
Pullach im Isartal,DE,MUC
Asagayakita,JP,NRT
Gravenhurst,CA,YYZ
Kaizuka,JP,KIX
Radom,PL,WAW
Phoenix,US,LAX
Aleksandrovac,RS,SOF
Moncton,CA,EWR
Telese,IT,MXP
Oberá,AR,SCL
Kisaran,ID,SIN
Flagstaff,US,LAX
Salto,BR,GRU
Leeds,GB,MAN
Teotihuacán,MX,QRO
Nathalia,AU,MEL
Capilla del Señor,AR,EZE
Blitar,ID,SIN
Casablanca,MA,MAD
Augsburg,DE,FRA
Sankt Michael in Obersteiermark,AT,VIE
Berceni,RO,OTP
Lenzburg,CH,ZRH
Kågeröd,SE,OSL
Los Reyes de Salgado,MX,LAX
Lingen,DE,DUS
Monte Porzio,IT,MXP
Rimini,IT,MXP
Nový Bor,CZ,PRG
Brixlegg,AT,VIE
Cartoceto,IT,MXP
Fujiyoshida,JP,NRT
Marcos Juárez,AR,EZE
Seelze,DE,DUS
Heusden-Zolder,BE,BRU
Wildhaus,CH,ZRH
Nobleford,CA,YYC
Moyvane,IE,ORK
Leszno,PL,WAW
Troy,US,YYZ
Roding,DE,MUC
Terlizzi,IT,MXP
Galatina,IT,FCO
Lohr a. Main,DE,FRA
Wördern,AT,VIE
Nes,NO,OSL
Pitt Meadows,CA,YVR
Selce,SK,VIE
Spittal an der Drau,AT,VIE
Tamási,HU,VIE
Tarumichō,JP,KIX
Slatina,RO,OTP
Shirako,JP,NRT
Cikarang Satu,ID,SIN
Strullendorf,DE,VIE
Basseterre,KN,MIA
Žužemberk,SI,VIE
Ingarö,SE,HEL
Kisumu,KE,NBO
Santa Marta,CO,MIA
Avesta,SE,ARN
Greeley,US,DEN
Iskandar Puteri,MY,KUL
Peru,US,ORD
Ronse,BE,BRU
Silkeborg,DK,CPH
Pula,HR,ZAG
Eisleben Lutherstadt,DE,FRA
Snagov,RO,OTP
Almada,PT,LIS
Memphis,US,ATL
Lier,NO,OSL
Felipe Carrillo Puerto,MX,IAH
San Giovanni Valdarno,IT,MXP
Ginowan,JP,KIX
Brampton,CA,YYZ
Atotonilco de Tula,MX,DFW
Highlands,US,ATL
Lübbecke,DE,FRA
Trostberg an der Alz,DE,MUC
General Juan Madariaga,AR,SCL
Varna,BG,SOF
Rengsdorf,DE,DUS
Kortrijk,BE,BRU
Neunkirchen,DE,DUS
Birmingham,GB,LHR
Škofja Loka,SI,FRA
Rende,IT,MXP
San Pedro One,PH,SIN
Isabela,PR,IAD
Focşani,RO,OTP
Würenlos,CH,ZRH
Gleisdorf,AT,VIE
Aldo Bonzi,AR,SCL
Michelfeld,DE,FRA
Hallsberg,SE,ARN
Neubrandenburg,DE,TXL
Paide,EE,WAW
Västra Frölunda,SE,CPH
El Puerto de Santa María,ES,MAD
Batang,ID,SIN
Konin,PL,WAW
Zlín,CZ,PRG
Tullow,IE,DUB
Arroyo de la Luz,ES,MAD
Hostivice,CZ,PRG
Aars,DK,CPH
Benedita,PT,BOD
Muldestausee,DE,MUC
Ardea,IT,FCO
Most pri Bratislave,SK,VIE
Mürzzuschlag,AT,VIE
Vaudreuil-Dorion,CA,YUL
Diósd,HU,VIE
Ramos Mejía,AR,EZE
Hallbergmoos,DE,MUC
Skara,SE,OSL
Campbelltown,AU,SYD
Serramanna,IT,MXP
Albenga,IT,MXP
Kranj,SI,BEG
Buala,SB,SYD
Urundel,AR,EZE
Ciudad Mendoza,MX,QRO
Higashigotanda,JP,NRT
Ranica,IT,MXP
Härryda,SE,CPH
Vallentuna,SE,ARN
Ixtapaluca,MX,QRO
Åstorp,SE,CPH
Miyamae Ku,JP,NRT
Bad Segeberg,DE,VIE
Steinach,CH,ZRH
Cerklje na Gorenjskem,SI,VIE
Jericho,PS,ZDM
Biot,FR,MRS
Gardanne,FR,CDG
Kiel,DE,MUC
Gallarate,IT,MXP
St-Légier-La Chiésaz,CH,ZRH
Paspebiac,CA,YUL
Gaborone,BW,GBE
Meguro-ku,JP,NRT
Nugegoda,LK,SIN
Lugo,ES,MAD
Clonmany,IE,DUB
Ōbu,JP,KIX
Kernen,DE,FRA
Konstantynów Łódzki,PL,WAW
Cebu City,PH,MNL
Milltown Malbay,IE,DUB
Lügde,DE,FRA
Rovinj,HR,VIE
Walnut Cove,US,ORD
San Jose,PH,HKG
Carrefour,HT,MIA
Nibong Tebal,MY,KUL
Uberlândia,BR,GRU
Stupava,SK,AMS
Kaposvár,HU,VIE
Ingolstadt,DE,FRA
Skurup,SE,CPH
Negishi,JP,NRT
San Pedro,PH,SIN
Póvoa de Santo Adrião,PT,LIS
Hounslow,GB,MAN
Ejido San Jerónimo,MX,LAX
Tlaquepaque,MX,QRO
Chalco,MX,QRO
Großen Buseck,DE,MUC
Cyberjaya,MY,KUL
Komotini,GR,ATH
Valenza,IT,MXP
Kamenz,DE,FRA
Mount Brydges,CA,ORD
Ekeby,SE,CPH
Oberau,DE,MUC
Opglabbeek,BE,BRU
Glis,CH,ZRH
Atitalaquia,MX,LAX
Strathmore,CA,YVR
Oldenburg,DE,TXL
Ichinazaka,JP,NRT
Nishisugamo,JP,NRT
Lincoln,GB,MAN
Kalývia Thorikoú,GR,ATH
Budapest,HU,BUD
Frederickstadt,VI,MIA
Roßtal,DE,MUC
Yamate,JP,KIX
Sainte-Aurelie,CA,YYZ
Wabern,CH,LYS
Weistrach,AT,VIE
Uppsala,SE,ARN
Lørenskog,NO,OSL
Schermbeck,DE,FRA
Kelheim,DE,FRA
Bernolákovo,SK,VIE
Pori,FI,ARN
Encs,HU,VIE
Ashiya,JP,KIX
Cappelle sul Tavo,IT,MXP
San Isidro,AR,SCL
Bahía Blanca,AR,SCL
Boca Nueva,DO,STI
Makó,HU,BUD
Reston,US,IAD
Niš,RS,BEG
Baja,HU,BUD
Aachen,DE,DUS
Ojodu,NG,LHR
Steyr,AT,VIE
Hlohovec,SK,VIE
Rio Tinto,PT,LIS
Herdorf,DE,FRA
Raisio,FI,ARN
Schwerin,DE,AMS
Castelldefels,ES,MAD
Niigata,JP,NRT
Oeiras,PT,LIS
Buenavista Tomatlán,MX,QRO
Alpthal,CH,ZRH
Hesseng,NO,OSL
Branson,US,ORD
Kidapawan,PH,HKG
Quilmes Oeste,AR,EZE
Arnstadt,DE,FRA
Fossambault-sur-le-Lac,CA,YUL
Ravenna,IT,MXP
Ōya,JP,NRT
Sakuragawa,JP,KIX
Eberswalde,DE,TXL
Zweibrücken,DE,FRA
Tarawa,KI,AKL
Lutayan,PH,MNL
Jokioinen,FI,HEL
Weilburg,DE,FRA
Dalkey,IE,DUB
La Matanza,AR,EZE
Seengen,CH,ZRH
Dautphetal,DE,FRA
Kasina Wielka,PL,WAW
Wesel,DE,FRA
Tama,JP,NRT
Shimokodanaka,JP,NRT
Selat Panjang,ID,SIN
Montevideo,UY,EZE
Blicquy,BE,BRU
Colac,AU,MEL
Dawson Creek,CA,YVR
Kirkfield,CA,YYZ
Veronella,IT,FCO
Podgorica,ME,BEG
Ushiku,JP,NRT
Bobingen,DE,MUC
Ruiselede,BE,BRU
Cantù,IT,MXP
Horsens,DK,CPH
Minamiyukigaya,JP,NRT
Pchelnik,BG,SOF
Lepsämä,FI,HEL
Púchov,SK,BTS
Reykjavik,IS,KEF
La Calera,AR,SCL
Orange City,US,MIA
Hadibu,YE,MCT
Loerrach,DE,FRA
Mohács,HU,VIE
"Leibnitz, Styria",AT,VIE
Huntingdon,CA,YUL
Phoenix,US,SLC
Bantul,ID,SIN
Langdon Hills,GB,LHR
Aschersleben,DE,FRA
Sankt Georgen im Schwarzwald,DE,MUC
Feteşti,RO,OTP
San Miguel,SV,MIA
Calvillo,MX,QRO
Quepos,CR,MIA
La Victoria,VE,MIA
Barili,PH,HKG
Chiajna,RO,OTP
Glen Iris,AU,MEL
Pender Island,CA,SEA
Sredets,BG,SOF
Waconia,US,MSP
Anjo,JP,KIX
Otegem,BE,BRU
Stadthagen,DE,FRA
St Peter Port,GG,LHR
Sankt Margrethen,CH,ZRH
Michelstadt,DE,FRA
Taufkirchen,DE,FRA
Salatiga,ID,SIN
Huamantla,MX,DFW
Saipan,MP,GUM
Waren,DE,TXL
Verl,DE,DUS
Santa Cruz,PH,HKG
Arakawaokihigashi,JP,NRT
Paderno Dugnano,IT,MXP
Brecht,BE,BRU
Câmpina,RO,OTP
Neuss,DE,TXL
Mariglianella,IT,MXP
Frontera,MX,IAH
Kozłów,PL,WAW
Ciudad Fernández,MX,QRO
Osoyoos,CA,SEA
Sukoharjo,ID,SIN
L'Islet,CA,YUL
Ansbach,DE,FRA
Sanda Shi,JP,KIX
Ponikva pri Žalcu,SI,FRA
Camiling,PH,HKG
Stockheim,DE,MUC
Abasár,HU,VIE
Ciudad Juárez,MX,DFW
Malnate,IT,MXP
Slaughter,US,DFW
Puerto Morelos,MX,QRO
Turnov,CZ,PRG
Radovljica,SI,FRA
la Vall d'Uixó,ES,MAD
La Paz,BO,MIA
Kehl,DE,FRA
Saalfeld,DE,FRA
Belvaux,LU,LUX
Kista,SE,OSL
Tongaat,ZA,LIS
Radeberg,DE,FRA
Thalfingen,DE,TXL
Centennial,US,DEN
City of Muntinlupa,PH,HKG
Brasília,BR,GRU
Kløfta,NO,OSL
Holešov,CZ,PRG
Zaječar,RS,BEG
Gryfice,PL,WAW
Gisborne,AU,MEL
Zola Predosa,IT,MXP
Wiscasset,US,ORD
Gatton,AU,SYD
Villepinte,FR,CDG
Saint-Nicolas,BE,BRU
Neunkirchen,AT,VIE
Azpeitia,ES,MAD
Holíč,SK,VIE
Missoula,US,MCI
Paranaque City,PH,SIN
Rogers,US,MSP
Msida,MT,PMO
Garmisch-Partenkirchen,DE,FRA
Puerto Boyacá,CO,MIA
Châtel-Saint-Denis,CH,ZRH
Bad Laer,DE,FRA
Kitimat,CA,SEA
Amomolulco,MX,DFW
Horten,NO,OSL
Rotorua,NZ,AKL
Baras-Baras,PH,HKG
Ferizaj,XK,SOF
Hoisdorf,DE,FRA
Langenhagen,DE,FRA
Tuchín,CO,BOG
Bytom,PL,WAW
Markgröningen,DE,MUC
Będzin,PL,WAW
Aktau,KZ,SIN
Poissy,FR,CDG
Banjar Pacung,ID,SIN
Ketsch,DE,TXL
Voluntari,RO,OTP
Barcelos,PT,LIS
Puerto Ordaz and San Felix,VE,MIA
Albergaria,PT,LIS
Dubnica nad Váhom,SK,VIE
Sault Ste. Marie,CA,YYZ
Karlsruhe,DE,FRA
Clark,US,EWR
Błonie,PL,WAW
Toledo,ES,MAD
Antananarivo,MG,TNR
Discovery Bay,JM,MIA
Dänischenhagen,DE,DUS
Marktredwitz,DE,FRA
Katzenelnbogen,DE,FRA
Puszczykowo,PL,WAW
Giżycko,PL,WAW
Victoria,PH,HKG
Vejle,DK,CPH
Nganjuk,ID,SIN
Prince George,CA,YVR
Kristinehamn,SE,FRA
Fort Liberté,HT,MIA
Leopoldshöhe,DE,FRA
Vodskov,DK,CPH
Brattvåg,NO,OSL
Santiago de Cali,CO,MIA
Cabuyao,PH,HKG
Ninokuchichō,JP,KIX
Sunshine Coast,AU,SYD
Yūki,JP,NRT
Nishinaniwachō,JP,NRT
Ojo de Agua,AR,GRU
Iwata,JP,KIX
Gardelegen,DE,FRA
Lince,PE,SCL
Dunajská Streda,SK,BTS
Koszalin,PL,WAW
Daet,PH,HKG
Messina,IT,FCO
Tacurong,PH,HKG
Duisburg,DE,DUS
Thisted,DK,CPH
Sengenchō,JP,NRT
Grigno,IT,MXP
Vienna,AT,VIE
Crailsheim,DE,MUC
Stolberg,DE,FRA
Wauwil,CH,ZRH
Golden,US,DEN
Ganderkesee,DE,FRA
Turnhout,BE,BRU
Ski,NO,OSL
Huimanguillo,MX,QRO
Brăila,RO,OTP
Likavka,SK,AMS
Büren,DE,FRA
Ludwigsfelde,DE,TXL
Las Vegas,US,LAX
Gustavo Adolfo Madero,MX,QRO
Christchurch,NZ,AKL
Sarny,UA,WAW
Gibsons,CA,YVR
Janjanbureh,GM,MXP
Kofu,JP,NRT
Bangsar,MY,KUL
Navotas,PH,HKG
Beveren,BE,BRU
Iida,JP,NRT
Karlshuld,DE,DUS
San Pietro a Maida,IT,MXP
Bodø,NO,OSL
Tillsonburg,CA,YYZ
Ixelles-Elsene,BE,BRU
Duren Tiga,ID,SIN
Paramus,US,EWR
Katubedda,LK,SIN
Zapotlán el Grande,MX,LAX
Laage,DE,TXL
Santa Rosa de Copán,HN,TGU
Tsuzuki Ku,JP,NRT
Kamiuenochō,JP,NRT
Maxhütte-Haidhof,DE,FRA
Jonkowo,PL,WAW
Eperjeske,HU,VIE
Płochocin,PL,WAW
Paderno Dugnano,IT,FCO
Matosinhos Municipality,PT,LHR
Ramsen,DE,FRA
Manokwari,ID,SIN
Lehigh Acres,US,TPA
Enfield,AU,SYD
Vialonga,PT,LIS
Valencia,PR,MIA
Budenheim,DE,DUS
Hurden,CH,ZRH
Battaramulla,LK,CMB
Thornton,US,DEN
Liberty,US,ATL
Hinwil,CH,ZRH
Enugu-Ukwu,NG,LHR
Lillooet,CA,YVR
Newark,US,EWR
Shawinigan,CA,YUL
Somerton,US,LAX
Roth,DE,FRA
Veľké Šúrovce,SK,VIE
Heroica Caborca,MX,QRO
Strazhitsa,BG,SOF
Kitakyushu,JP,KIX
Fort Lauderdale,US,MIA
Hannoversch Münden,DE,FRA
Horana South,LK,CMB
Baden,CH,ZRH
Ebes,HU,VIE
Profondeville,BE,BRU
Salt Lake City,US,SLC
Ijebu Ode,NG,LHR
Goonellabah,AU,SYD
Kanomatsu,JP,KIX
Denver,US,DEN
Estoril,PT,LIS
Ames,US,DEN
Kropyvnytskyi,UA,WAW
Bandar Lampung,ID,SIN
Dąbrowa Górnicza,PL,TXL
Zarraga,PH,HKG
Zapote,CR,SJO
Herne,DE,DUS
Nagykanizsa,HU,VIE
Korbach,DE,FRA
Geel,BE,BRU
Hikone,JP,KIX
Gdynia,PL,WAW
Hulshout,BE,BRU
Taverny,FR,MRS
Swieqi,MT,MXP
Radenci,SI,FRA
Milnerton,ZA,LHR
Vestskogen,NO,OSL
Sinaai,BE,BRU
Santiago de Compostela,ES,MAD
Hiddenhausen,DE,FRA
Kochi,JP,KIX
Bad Ems,DE,FRA
Pisa,IT,MXP
Kicin,PL,WAW
Sorel-Tracy,CA,YYZ
Jõhvi,EE,TLL
Pärnu,EE,TLL
Abovyan,AM,EVN
San Juan,PH,HKG
Casavatore,IT,FCO
Kluczbork,PL,WAW
Burnaby,CA,YVR
Havraň,CZ,PRG
Willow Grove,US,EWR
Shirane,JP,NRT
Amanumachō,JP,NRT
Huejutla de Reyes,MX,QRO
Itoman,JP,KIX
Tunja,CO,MIA
Stratford,CA,YYZ
Sevan,AM,FRA
Walddorfhäslach,DE,MUC
Castlerea,IE,DUB
Segrate,IT,MXP
Il-Madliena,MT,FRA
Frederiksværk,DK,CPH
Türkenfeld,DE,MUC
Adelschlag,DE,FRA
Incourt,BE,BRU
Paraparaumu,NZ,AKL
Sant'Arpino,IT,MXP
Rudkøbing,DK,CPH
Turgi,CH,ZRH
Nishi-Tokyo-shi,JP,NRT
Bottrop,DE,DUS
Czerwińsk Nad Wisłą,PL,WAW
Kurihama,JP,NRT
Lignum,US,IAD
Wicklow,IE,DUB
Buchloe,DE,FRA
Zwickau,DE,FRA
Pietà,MT,MRS
Punta del Este,UY,EZE
Bruchhausen,DE,FRA
Córdoba,ES,MAD
Cranbrook,CA,YVR
Karanganyar Wetankali,ID,SIN
Nicotera,IT,MXP
Pontecagnano,IT,FCO
Beit Sahur,PS,ZDM
Bad Pyrmont,DE,FRA
Vigía,VE,BOG
Kuřim,CZ,PRG
Peist,CH,ZRH
Požega,HR,VIE
Springfield,US,ORD
Lima,PE,MIA
Eskilstuna,SE,RIX
Spenge,DE,TXL
Oroquieta,PH,HKG
Henstedt-Ulzburg Municipality,DE,FRA
Takaishi,JP,NRT
Nanton,CA,YYC
Mannersdorf am Leithagebirge,AT,VIE
Kaufbeuren,DE,TXL
Samos,GR,ATH
Indjija,RS,BUD
Huejutla de Reyes,MX,DFW
Celbridge,IE,DUB
New Castle,US,IAD
Colfontaine,BE,BRU
Wajirogaoka,JP,KIX
Ardrossan,CA,YYC
Canlaon,PH,HKG
Rafaela,AR,GRU
Vaihingen an der Enz,DE,FRA
Bålsta,SE,CPH
Croydon,AU,SYD
Sambir,UA,WAW
Velenje,SI,VIE
Hürth,DE,DUS
Acireale,IT,MXP
Jojutla,MX,DFW
Santa Ana Nextlalpan,MX,DFW
Lummen,BE,BRU
Kronberg,DE,TXL
Emmerthal,DE,FRA
Uruma,JP,KIX
Brescia,IT,MXP
Izumi-honchō,JP,NRT
Reggio Emilia,IT,MXP
Enzachō,JP,KIX
Vercelli,IT,MXP
Villarsel-le-Gibloux,CH,ZRH
Polonnaruwa,LK,CMB
South Tangerang,ID,SIN
Eldorado Park,ZA,LIS
Edogawa,JP,NRT
Westlock,CA,YYC
Irrel,DE,FRA
Dollard-des-Ormeaux,CA,YUL
Hötensleben,DE,FRA
Amora,PT,LIS
Borovo,BG,SOF
Lubao,PH,MNL
Großröhrsdorf,DE,FRA
General Mariano Alvarez,PH,HKG
Shymkent,KZ,AKX
Hämeenlinna,FI,HEL
Motala,SE,ARN
Elefsina,GR,ATH
Berlevåg,NO,OSL
Wevelgem,BE,BRU
Rhaunen,DE,FRA
Serang,ID,SIN
Kilrush,IE,DUB
Hörbranz,AT,VIE
Facatativá,CO,MIA
Tattendorf,AT,VIE
Talisay,PH,HKG
Aesch,CH,ZRH
Valle Salimbene,IT,MXP
Kikawahigashi,JP,KIX
Tomisato,JP,NRT
Kitaibaraki,JP,NRT
Chiconcuac,MX,QRO
Hanamidai,JP,NRT
Topoľčany,SK,VIE
Yasu,JP,KIX
Blairmore,CA,YVR
Vrilissia,GR,ATH
Føvling,DK,CPH
Donaueschingen,DE,MUC
Kamiwada,JP,NRT
Hedingen,CH,ZRH
Fritzlar,DE,FRA
Tuxtla Gutiérrez,MX,QRO
Dunaharaszti,HU,BUD
Uusikaupunki,FI,HEL
Obihiro,JP,NRT
Genk,BE,BRU
Dipolog City,PH,MNL
Fujimichō,JP,NRT
Bustos,PH,HKG
Zinjibār,YE,MCT
Rubano,IT,MXP
Kirchweyhe,DE,FRA
Launonen,FI,HEL
Valencia,VE,MIA
Dunedin,NZ,AKL
Beerse,BE,BRU
Sigli,ID,SIN
Sinnai,IT,MXP
Dawson Creek,CA,YYC
Minokamo,JP,KIX
Tallinn,EE,TLL
Te Teko,NZ,AKL
Vallda,SE,CPH
Chandler,US,LAX
Ikebukuro,JP,NRT
Antigua Guatemala,GT,MIA
Chorvátský Grob,SK,VIE
Ariss,CA,EWR
Mariano H. Alfonzo,AR,SCL
Huntsville,CA,EWR
Machelen,BE,BRU
Boca Raton,US,IAD
Regensburg,DE,MUC
Soignies,BE,BRU
Fredericia,DK,CPH
Kingsville,CA,YYZ
Handen,SE,ARN
Kokkedal,DK,CPH
Cabusao,PH,MNL
Fort Worth,US,DFW
Kyoto,JP,KIX
Cumberland,US,IAD
Rheineck,CH,ZRH
Santomera,ES,MAD
Sułkowice,PL,WAW
Malabrigo,AR,EZE
Geeste,DE,DUS
Malahide,IE,AMS
Imus,PH,HKG
Henderson,US,ORD
Yamanashi,JP,NRT
Muttenz,CH,ZRH
Cardinal,CA,YUL
Kincardine,CA,YYZ
Beroun,CZ,PRG
Barlinek,PL,WAW
Sant Boi de Llobregat,ES,MAD
Schrobenhausen,DE,FRA
Lehmo,FI,HEL
Keerbergen,BE,BRU
Tatebayashi,JP,NRT
Nussbaumen,CH,ZRH
Peristerion,GR,ATH
Kornwestheim,DE,MUC
Osterhofen,DE,MUC
Shtip,MK,SOF
Kangasala,FI,HEL
"Sosua, Cabarete",DO,STI
Thohoyandou,ZA,JNB
Värnamo,SE,OSL
Guaynabo,PR,SJU
City of London,GB,LHR
North York,CA,YYZ
Pontypool,CA,EWR
Bolesławiec,PL,WAW
Nabari,JP,KIX
Făgăraș,RO,OTP
Sona,IT,MXP
Rosario del Tala,AR,GRU
Hanover,DE,FRA
Kibogora,RW,KGL
La Chaux-de-Fonds,CH,ZRH
Cebu City,PH,HKG
Jesenice,SI,FRA
Niederkassel,DE,FRA
Inwil,CH,ZRH
Vlotho,DE,FRA
Overpelt,BE,BRU
Princes Town,TT,MIA
Legnica,PL,WAW
Cañuelas,AR,EZE
Sortland,NO,OSL
New-Richmond,CA,YUL
Kitajima,JP,NRT
Viljandi,EE,TLL
Haag (Rheintal),CH,ZRH
San Juan,AR,EZE
Torhout,BE,BRU
Haseldorf,DE,FRA
Chincha Alta,PE,SCL
Queanbeyan,AU,CBR
Phan Thong,TH,SIN
Thunder Bay,CA,ORD
Ashikaga,JP,NRT
Brzeszcze,PL,WAW
Alfeld,DE,FRA
Wolfsberg,AT,VIE
Grythyttan,SE,OSL
Izumo,JP,KIX
Hvidovre,DK,CPH
Freeport,BS,MIA
Lefroy,CA,YYZ
Olympia,US,SEA
Philippeville,BE,BRU
Wiarton,CA,ORD
Westrozebeke,BE,BRU
Maple Ridge,CA,YVR
Franklin Park,US,ORD
Rathdrum,US,SEA
Takasaki,JP,NRT
Rüti,CH,ZRH
San Juan Nepomuceno,CO,MIA
Wemmel,BE,BRU
Kempten (Allgäu),DE,MUC
Tuttlingen,DE,FRA
Paracale,PH,HKG
Sekizawa,JP,NRT
Nakatsugawa,JP,KIX
Forchheim,DE,FRA
Fortín de las Flores,MX,QRO
Santiago del Estero,AR,GRU
Biyagama,LK,SIN
Yonashiro-miyagi,JP,KIX
Higashirinkan,JP,NRT
Merzig,DE,FRA
Tripoli,GR,ATH
Leinfelden-Echterdingen,DE,MUC
Dornstetten,DE,TXL
Kego,JP,KIX
Perth,AU,PER
Girona,ES,MAD
Nenagh,IE,DUB
Melbeck,DE,TXL
Querétaro,MX,QRO
Pangkalpinang,ID,SIN
Esslingen am Neckar,DE,MUC
Dacono,US,DEN
Cheseaux-sur-Lausanne,CH,ZRH
Mörschwil,CH,ZRH
Moormerland,DE,FRA
Newberg,US,ORD
Veľké Úľany,SK,VIE
Nelspruit,ZA,CPT
Lazzate,IT,MXP
Sesvete,HR,VIE
Tayug,PH,HKG
Acton,CA,YYZ
Enniscorthy,IE,DUB
General Rodríguez,AR,SCL
Würzburg,DE,FRA
Yuimachi,JP,NRT
Narva,EE,TLL
Taytay,PH,MNL
Galliera Veneta,IT,FCO
Empangeni,ZA,JNB
Castelletto Monferrato,IT,MXP
Yoshida,JP,NRT
Maldegem,BE,BRU
Osijek,HR,ZAG
Breganze,IT,MXP
Grocka,RS,BUD
Ealing,GB,LHR
Carbonia,IT,MXP
Healesville,AU,MEL
Lucan,IE,DUB
Fulham,GB,LHR
Gislaved,SE,CPH
Holland,US,ORD
Babimost,PL,WAW
Colognola ai Colli,IT,MXP
Kempton Park,ZA,JNB
Nyon,CH,ZRH
Loreto,MX,QRO
Dunakeszi,HU,VIE
Tirana,AL,SOF
Welzheim,DE,MUC
Masuda,JP,KIX
Prüm,DE,FRA
Ayabe,JP,KIX
Singapore,SG,SIN
Seregno,IT,MXP
Pruszcz Gdański,PL,WAW
Alta Gracia,AR,GRU
Uruapan,MX,QRO
Schönbühl,CH,ZRH
Burgersfort,ZA,JNB
Kamimizo,JP,NRT
Plettenberg,DE,DUS
Deux-Montagnes,CA,YUL
San Carlos,PH,MNL
Hemer,DE,DUS
Rellingen,DE,TXL
Laufen,CH,ZRH
Resistencia,AR,EZE
Saint-Lambert,CA,YUL
Río Ceballos,AR,EZE
Heuchelheim bei Frankenthal,DE,MUC
Xonacatlán,MX,QRO
Romont,CH,ZRH
Bubikon,CH,ZRH
Paracuellos de Jarama,ES,MAD
Södra Sunderbyn,SE,ARN
La Resolana,MX,IAH
Park City,US,SLC
Bruchsal,DE,MUC
St. Catharines,CA,YYZ
Clifton Grove,AU,SYD
Saint-Constant,CA,YUL
Carlow,IE,DUB
Monschau,DE,DUS
Verchères,CA,YUL
Obertraubling,DE,FRA
Doha,QA,DOH
Eernegem,BE,BRU
Unnan Shi,JP,KIX
Gstaad,CH,ZRH
Ebina,JP,NRT
Siyambalape,LK,SIN
Perote,MX,QRO
Tsukamoto,JP,KIX
Rubiera,IT,FCO
Highland,US,SJC
Braunschweig,DE,FRA
Finspång,SE,CPH
Sankt Veit an der Glan,AT,VIE
El Barrio de la Soledad,MX,DFW
Crispano,IT,MXP
Rudna,PL,WAW
Niederrohrdorf,CH,ZRH
Tōgane,JP,NRT
Thun,CH,ZRH
Adelsheim,DE,FRA
Ishioka,JP,NRT
Kasukabe,JP,NRT
Offenburg,DE,FRA
Leobersdorf,AT,VIE
Daajing Giids,CA,YVR
Seeheim-Jugenheim,DE,TXL
Gebenstorf,CH,ZRH
Basauri,ES,MAD
Jyväskylä,FI,HEL
Atlanta,US,ATL
Esztergom,HU,VIE
Lucban,PH,MNL
Alajuela,CR,MIA
Oborniki Śląskie,PL,WAW
Hasselt,BE,BRU
Wolfsburg,DE,MUC
Greely,CA,YUL
Pinetown,ZA,LHR
Wuelfrath,DE,FRA
Galten,DK,CPH
Antwerp,BE,BRU
Bukittinggi,ID,SIN
Brøndby,DK,CPH
Polgár,HU,VIE
Tsuzureko,JP,NRT
Veľké Blahovo,SK,BTS
Burzaco,AR,SCL
Gooderham,CA,EWR
Volkegem,BE,BRU
Loznica,RS,SOF
Caloocan City,PH,SIN
Katy,US,DFW
Bandar Puncak Alam,MY,SIN
Skerries,IE,DUB
Komárno,SK,VIE
Biržai,LT,VNO
Moutier,CH,ZRH
Kannō,JP,NRT
Metamorfosi,GR,ATH
Tralee,IE,DUB
Dubňany,CZ,PRG
Anini-y,PH,HKG
Xochimilco,MX,QRO
Chihuahua City,MX,QRO
Chiautla,MX,QRO
Stranorlar,IE,DUB
Flaktveit,NO,OSL
Velbert,DE,DUS
La Ventana (Josefa Ortiz de Domínguez),MX,DFW
Žalec,SI,PRG
Revelstoke,CA,YVR
Rupperswil,CH,ZRH
Muswellbrook,AU,SYD
Bad Säckingen,DE,FRA
Staufen im Breisgau,DE,MUC
Sæby,DK,CPH
Tualatin,US,SEA
Hamilton,US,MCI
Seveso,IT,MXP
Tonno,JP,KIX
Cartago,CR,SJO
Narangba,AU,SYD
Pine Grove,US,DEN
Selvazzano Dentro,IT,MXP
Chacabuco,AR,EZE
Palo Negro,VE,MIA
Santiago Norte,PH,CRK
Friedrichsthal,DE,FRA
Umkirch,DE,MUC
Boyland,AU,SYD
Larena,PH,HKG
Okegawa,JP,NRT
Tasikmalaya,ID,SIN
Houston,US,IAH
Xàtiva,ES,MAD
Cotacachi,EC,JAX
San Salvador de Jujuy,AR,EZE
Bauska,LV,RIX
Bacolod City,PH,HKG
Giubiasco,CH,ZRH
Oberding,DE,FRA
Shannon,IE,DUB
Rijeka,HR,BUD
Moolap,AU,MEL
Brussels,BE,AMS
Miragoâne,HT,TPA
Laferrere,AR,GRU
Griesheim,DE,FRA
Bradford,CA,YYZ
Chiquimula,GT,MIA
Ubstadt-Weiher,DE,FRA
Huntsville,CA,YYZ
Blankenfelde,DE,TXL
Sarrat,PH,MNL
Nettersheim,DE,DUS
Pegnitz,DE,MUC
Zwickau,DE,MUC
Kleinlangheim,DE,FRA
Glinde,DE,TXL
Minamiogikubo,JP,NRT
Cartersville,US,IAD
Strengelbach,CH,ZRH
Niepołomice,PL,WAW
Orimattila,FI,ARN
Oshiage,JP,NRT
The Valley,AI,MIA
Tagara,JP,NRT
Kastellaun,DE,FRA
Bishkek,KG,AMS
Erstfeld,CH,ZRH
Ed,SE,CPH
Alzenau in Unterfranken,DE,FRA
Røyken Municipality,NO,OSL
King of Prussia,US,LAS
Aichach,DE,FRA
Wald,CH,ZRH
Ibri,OM,MCT
Hampton,CA,YYZ
Akron,US,ORD
Isahaya,JP,KIX
Maddaloni,IT,MXP
Concord,US,SJC
Borowa,PL,WAW
Sonobe,JP,KIX
José C. Paz,AR,SCL
Imagōchō,JP,KIX
Sargans,CH,ZRH
Hull,CA,YUL
Basse-Terre,GP,MIA
Novi Pazar,RS,BEG
Khartoum,SD,JNB
Wöllstein,DE,FRA
Kuala Pilah,MY,KUL
Valledupar,CO,BOG
Hasune,JP,NRT
Freden,DE,FRA
Tower Hamlets,GB,LHR
Mattaomiya,JP,KIX
Mynämäki,FI,HEL
Ajax,CA,YYZ
Schramberg,DE,DUS
Maldonado,UY,SCL
Nagold,DE,FRA
Pescara,IT,MXP
Obfelden,CH,ZRH
Sheffield,GB,MAN
Holstebro,DK,CPH
Tafers,CH,ZRH
Owen Sound,CA,YYZ
Pulsano,IT,MXP
Wittlich,DE,FRA
Częstochowa,PL,WAW
Wada,JP,NRT
Glienicke,DE,TXL
Tallahassee,US,ATL
San Francisco,US,SJC
Osthofen,DE,FRA
Consolacion,PH,MNL
Botosani,RO,OTP
Bragado,AR,EZE
Poggiomarino,IT,MXP
Padangbai,ID,SIN
Königsbrunn,DE,FRA
Peterborough,CA,YYZ
Rumbek,SS,MBA
Overijse,BE,BRU
Lilydale,AU,SYD
Neutraubling,DE,DUS
Třebíč,CZ,PRG
Kamakura,JP,NRT
Santa María,AR,EZE
Feusisberg,CH,ZRH
Vinnytsia,UA,WAW
Vega Baja,PR,TLH
Wallan,AU,MEL
Schüpfheim,CH,ZRH
San Genaro,AR,EZE
Fryštát,CZ,FRA
Bellevue,US,SEA
Maharashtra,IN,MRS
Älandsbro,SE,ARN
Saitama,JP,NRT
Strasshof an der Nordbahn,AT,VIE
Nesodden,NO,OSL
Riverside,US,SJC
Plymouth,US,MSP
Ludwigsburg,DE,FRA
Meda,IT,MXP
Ōita,JP,KIX
Bernkastel-Kues,DE,FRA
Jyllinge,DK,CPH
Wiesloch,DE,FRA
Wellcamp,AU,SYD
Townsville,AU,PER
Gavà,ES,MAD
Muggensturm,DE,MUC
La Lucila,AR,SCL
Vadsø,NO,OSL
Roseto degli Abruzzi,IT,MXP
Wallington,US,EWR
Sankt Goar,DE,FRA
San Juan,PR,IAD
Fryštát,CZ,PRG
Zwettl Stadt,AT,VIE
Fukushima,JP,NRT
Kupiškis,LT,VNO
Puerto Juárez,MX,DFW
Aihara,JP,NRT
Bray,IE,DUB
Unterkulm,CH,ZRH
Raymond,CA,SEA
Ingelheim,DE,FRA
Ahome,MX,QRO
Canberra,AU,CBR
Asbach,DE,FRA
Sherwood Park,CA,YYC
Yeles,ES,MAD
San Francisco,AR,EZE
La Libertad,PH,HKG
Beloeil,BE,BRU
Algés,PT,LIS
Newark,US,ORF
Langsa,ID,SIN
Grafenau,DE,MUC
Kiel,DE,TXL
Churuguara,VE,MIA
Villa María,AR,GRU
Rosario,PH,HKG
Stella,ZA,JNB
Rakvere,EE,TLL
Veracruz,MX,DFW
West Palm Beach,US,MIA
Bad Vilbel,DE,FRA
Falconara Marittima,IT,MXP
Lemvig,DK,CPH
Waidhofen an der Thaya,AT,VIE
Oamaru,NZ,AKL
Nogales,MX,QRO
Brastad,SE,CPH
Ostseebad Zinnowitz,DE,TXL
Georgetown,GY,GEO
Ashland,US,IAD
Schalksmühle,DE,DUS
Ikejiri,JP,NRT
Kato Synoikia Trikalon,GR,ATH
Caledon,CA,YYZ
Vilnius,LT,VNO
Villawood,AU,SYD
Summerside,CA,YUL
La Louvière,BE,BRU
West Lafayette,US,ORD
Georgsmarienhütte,DE,FRA
Koshigaya,JP,NRT
Vestnes,NO,OSL
Iligan,PH,MNL
Alice Springs,AU,ADL
Gatineau,CA,YUL
Maple Valley,US,SEA
Zacatecas City,MX,QRO
Miltach,DE,FRA
Kasumigaura,JP,NRT
Lower Hutt,NZ,AKL
Sønderborg,DK,CPH
Kazincbarcika,HU,VIE
Pickering,CA,YYZ
Biri,NO,OSL
Drnovice,CZ,PRG
Beloeil,CA,YUL
Carbury,IE,MAN
Kingston,JM,KIN
Heiligenstedten,DE,DUS
Zamora,MX,DFW
Petaling Jaya,MY,KUL
Indianapolis,US,ORD
Vänersborg,SE,CPH
San Jerónimo Zacualpan,MX,QRO
Huddinge,SE,CPH
Kitzbühel,AT,VIE
Glendale,US,LAX
Tegucigalpa,HN,TGU
Liloan,PH,HKG
Itapevi,BR,GRU
Burgos,ES,MAD
Ishøj,DK,CPH
Neston,GB,LHR
Santo Domingo,DO,MIA
Hallstadt,DE,TXL
Peseux,CH,ZRH
Keswick,CA,YYZ
Carrick on Shannon,IE,DUB
Beira,MZ,JNB
Mšeno,CZ,PRG
Asbach-Bäumenheim,DE,MUC
Sawohan,ID,SIN
Sleman,ID,SIN
Gladbeck,DE,FRA
Alsdorf,DE,DUS
Venado Tuerto,AR,SCL
Reconquista,AR,EZE
Ayutuxtepeque,SV,MIA
Concepción,AR,GRU
Vigo,ES,MAD
Wola Gołkowska,PL,WAW
Berhida,HU,VIE
Batu Caves,MY,KUL
Lindesberg,SE,ARN
Battonya,HU,VIE
Alken,BE,DUS
Culiacán,MX,QRO
Fröndenberg,DE,FRA
Asamadai,JP,NRT
Mittenwalde,DE,FRA
Surakarta,ID,SIN
Masterton,NZ,AKL
Vargön,SE,CPH
Great Falls,US,ATL
Morofuku,JP,KIX
Aprilia,IT,FCO
Amos,CA,YUL
Miramichi,CA,EWR
Chascomús,AR,GRU
Unterhaching,DE,FRA
Maple Ridge,CA,SEA
Panadura,LK,CMB
Bowral,AU,SYD
Bromont,CA,YUL
Vouvry,CH,ZRH
Wollert,AU,MEL
Angered,SE,ARN
Kruševac,RS,BEG
Austins Ferry,AU,HBA
Belén de Escobar,AR,EZE
Kobeliarovo,SK,AMS
Reichenbach/Vogtland,DE,MUC
Pfinztal,DE,MUC
Senago,IT,MXP
Trail,CA,YVR
Fairfax,US,EWR
Cornellà de Llobregat,ES,MAD
Twin Waters,AU,SYD
Tultepec,MX,DFW
Katano Shi,JP,KIX
Thousand Oaks,US,LAX
Antipolo City,PH,SIN
Cabimas,VE,MIA
Lodwar,KE,NBO
Red Deer,CA,YYC
Wels,AT,VIE
Trnava,SK,BTS
Marigliano,IT,FCO
Slobozia,RO,OTP
Tibro,SE,OSL
Round Lake,US,EWR
Bad Soden am Taunus,DE,FRA
Puerto Eldorado,AR,GRU
Havlíčkův Brod,CZ,PRG
Differdange,LU,LUX
Biche,TT,MIA
Sri Jayewardenepura Kotte,LK,CMB
Naic,PH,HKG
Dosquebradas,CO,MIA
Wiener Neudorf,AT,VIE
Gembloux,BE,BRU
Manado,ID,SIN
Eskilstuna,SE,ARN
Guadalupe,MX,QRO
Barrio Sur,UY,EZE
Hvalstad,NO,OSL
Lethbridge,CA,YYC
Noisy-le-Grand,FR,CDG
Boppard,DE,FRA
Temse,BE,AMS
Ursviken,SE,OSL
Gotse Delchev,BG,SOF
Litija,SI,FRA
Ekeren,BE,BRU
Lumezzane,IT,MXP
Şag,RO,FRA
Norath,DE,FRA
Munster,DE,FRA
Feldkirch,AT,VIE
Maramag,PH,HKG
Enger,DE,FRA
Sosnowiec,PL,WAW
Álamo,MX,QRO
Hundested,DK,CPH
Neuendettelsau,DE,FRA
Cuautitlán Izcalli,MX,QRO
Central Coast,AU,SYD
La Chorrera,PA,MIA
Caluso,IT,MXP
Mandeville,JM,MIA
Istanbul,TR,FRA
Heiligenhaus,DE,DUS
Chinchiná,CO,MIA
Studen,CH,ZRH
Mayagüez,PR,IAD
Gränichen,CH,ZRH
Clarence-Rockland,CA,YUL
Áno Liósia,GR,ATH
Lendava,SI,VIE
Glumsø,DK,ARN
Machida,JP,NRT
Södertälje,SE,ARN
Bagong Silang,PH,HKG
Saint-Leu,RE,RUN
Gitokumachi,JP,KIX
Merklingen,DE,MUC
Duncan,CA,YVR
Cardigan Village,AU,MEL
Tulungagung,ID,SIN
Fernando de la Mora,PY,GRU
Las Vegas,US,LAS
Yavoriv,UA,WAW
Šarišské Dravce,SK,VIE
Innsbruck,AT,VIE
Muscat,OM,MCT
Calamba,PH,HKG
Fürstenfeld,AT,VIE
Franklin,US,ATL
Weiler-Simmerberg,DE,FRA
Saint-Bruno-de-Montarville,CA,YUL
Chemnitz,DE,FRA
Shiroi,JP,NRT
Kassel,DE,FRA
Altötting,DE,MUC
San Antonio,US,DFW
Allerød Municipality,DK,CPH
La Matanza,AR,SCL
Dresano,IT,MXP
Rockwood,CA,YYZ
Neuhausen auf den Fildern,DE,FRA
Wiener Neustadt,AT,VIE
Monheim am Rhein,DE,DUS
Commerce City,US,DEN
Belmont,US,ATL
Limanu,RO,FRA
Kohtla-Järve,EE,OSL
Gronau,DE,DUS
Skattkärr,SE,CPH
Teterow,DE,TXL
Möhrendorf,DE,FRA
Spillern,AT,VIE
Roxboro,CA,EWR
Sandviken,SE,HEL
Saint-Lazare,CA,YUL
Salzburg,AT,VIE
Buenaventura,CO,SCL
Dorfen,DE,FRA
Ota,JP,NRT
Actopan,MX,DFW
San Diego,US,LAX
Stockton-on-Tees,GB,BRU
Sainte-Anne-des-Plaines,CA,YUL
Preddvor,SI,VIE
Östersund,SE,RIX
Immenstadt im Allgäu,DE,FRA
Ramon,PH,HKG
Moosburg,DE,FRA
Lucea,JM,MIA
Hammerfest,NO,OSL
Desenzano del Garda,IT,FCO
Raahe,FI,HEL
Barbosa,CO,BOG
Batumi,GE,TBS
Rothenburg upon Tauber,DE,FRA
Paris,T1,CDG
Bánovce nad Bebravou,SK,VIE
Sankt Augustin,DE,DUS
Shintera,JP,NRT
Videm pri Ptuju,SI,VIE
Kreuztal,DE,FRA
Banyuwangi,ID,SIN
Oberursel,DE,FRA
Brossard,CA,YUL
Hoeilaart,BE,BRU
Nurmijärvi,FI,HEL
Shimohōya,JP,NRT
Apizaco,MX,QRO
Vinkovci,HR,ZAG
Palma Campania,IT,MXP
Hoyerswerda,DE,TXL
Mahajanga,MG,TNR
Meckenbeuren,DE,FRA
Villa Cañás,AR,SCL
Ribeirão das Neves,BR,GRU
Willingen,DE,FRA
Castro Valley,US,SJC
Bahau,MY,KUL
Lichtenfels,DE,MUC
Oxie,SE,CPH
Kokkola,FI,HEL
Velden,DE,FRA
Veľký Krtíš,SK,VIE
Bardovci,MK,VIE
Algiers,DZ,MAD
Villahermosa,MX,LAX
Balangoda,LK,SIN
Muston,AU,ADL
Midland,CA,YYZ
Rimouski,CA,YUL
Lidköping,SE,OSL
Danderyd,SE,TLL
Canmore,CA,YVR
La Palma del Condado,ES,MAD
Shimonoseki,JP,KIX
Remseck am Neckar,DE,MUC
Spanish Town,JM,MIA
Elizabeth,US,DEN
Sochaczew,PL,WAW
Thar Si Lay,MM,SIN
Kramatjati,ID,SIN
Kamisu,JP,NRT
La Hulpe,BE,BRU
Mirabel,CA,YUL
Campo de Carabobo,VE,MIA
Villa Giardino,AR,EZE
Sparti,GR,ATH
Nema,FM,SYD
Whanganui,NZ,AKL
Karditsa,GR,ATH
Shōjaku,JP,KIX
Oracle,US,LAX
Kashiwazaki,JP,NRT
Ōmura,JP,KIX
La Lucila,AR,EZE
Basildon,GB,LHR
Geretsried,DE,MUC
Giengen an der Brenz,DE,MUC
Goya,AR,SCL
Rosenheim,DE,FRA
Sunadabashi,JP,KIX
Villa Elisa,PY,GRU
Turbenthal,CH,ZRH
Kozłów Biskupi,PL,WAW
Xalisco,MX,DFW
Wasserburg am Inn,DE,MUC
Siedliszcze,PL,WAW
Jena,DE,FRA
San José,CR,SJO
Chesney Vale,AU,SYD
Valenzuela,PH,HKG
José C. Paz,AR,GRU
Freilassing,DE,FRA
Pfaeffikon,CH,ZRH
Weisenbach,DE,FRA
Malý Újezd,CZ,PRG
Junction View,AU,SYD
Chambly,CA,YUL
Civitanova Marche,IT,MXP
Aulnay-sous-Bois,FR,CDG
Mykonos,GR,ATH
Erkrath,DE,DUS
Bad Doberan,DE,TXL
Ełk,PL,WAW
Gräfenhainichen,DE,DUS
Schlüsselfeld,DE,FRA
Staranzano,IT,MXP
Riihimäki,FI,HEL
Mapastepec,MX,DFW
Henley on Thames,GB,LHR
Gernsbach,DE,MUC
Baiersdorf,DE,FRA
Ühlingen-Birkendorf,DE,FRA
Itako,JP,NRT
Charlotte Amalie,VI,MIA
Pruszków,PL,WAW
Celina,US,DFW
Hagi,JP,KIX
Cham,CH,GVA
Mercer Island,US,SEA
Haltern am See,DE,DUS
Talisay,PH,MNL
Glasgow,GB,MAN
Wauwatosa,US,ORD
Georgetown,CA,YYZ
Leduc,CA,YYC
Rinchoa,PT,LIS
Słupca,PL,WAW
Mossel Bay,ZA,JNB
Illertissen,DE,FRA
Dürrenäsch,CH,ZRH
Iguala de la Independencia,MX,QRO
Sumedang,ID,SIN
Sector 1,RO,OTP
Goshogawara,JP,NRT
Greven,DE,FRA
Angat,PH,HKG
Chicoutimi,CA,YUL
Mqanduli,ZA,JNB
Barnes,GB,LHR
Chabás,AR,SCL
Palo,PH,HKG
Saint-Antoine-sur-Richelieu,CA,EWR
Osterholz-Scharmbeck,DE,DUS
Lathen,DE,FRA
Helsingborg,SE,CPH
Pineville,US,CLT
Minamishinagawa,JP,NRT
Gŭlŭbovo,BG,SOF
Castellalto,IT,MXP
New Amsterdam,GY,MIA
Fogliano Redipuglia,IT,MXP
Kecskemét,HU,VIE
Mezdra,BG,ATH
Bertsdorf-Hörnitz,DE,FRA
Tsukubamirai,JP,NRT
Ivančna Gorica,SI,FRA
Scottsdale,US,LAX
Herford,DE,FRA
Leeds,GB,LHR
Tairua,NZ,AKL
Rabča,SK,VIE
La Carlota,VE,MIA
Balwyn North,AU,MEL
Vårsta,SE,OSL
Olivos,AR,GRU
Woodridge,AU,SYD
Weisenheim am Sand,DE,MUC
Paranaque City,PH,MNL
São José do Rio Preto,BR,GRU
Crosia,IT,MXP
Pineville,US,ATL
Rietberg,DE,FRA
Wawa,CA,YYZ
Wentorf bei Hamburg,DE,TXL
Ostra Vetere,IT,FCO
Löhne,DE,DUS
Tønsberg,NO,OSL
Clifton,US,EWR
Emskirchen,DE,MUC
Wertheim am Main,DE,FRA
Utrecht,NL,AMS
Bad Lausick,DE,FRA
Târgu Neamţ,RO,OTP
Lakeland,US,MIA
Hebertshausen,DE,FRA
Årup,DK,CPH
Lachine,CA,YUL
Jimboomba,AU,SYD
Gitarama,RW,JNB
Dyssegård,DK,CPH
Kamloops,CA,YVR
Izumidai,JP,KIX
Arroyo Seco,AR,EZE
Nesoddtangen,NO,OSL
Gdansk,PL,WAW
Melsdorf,DE,MUC
Varaždin,HR,VIE
Orangeville,CA,YYZ
La Jagua de Ibirico,CO,MIA
La Saline les Bains,RE,RUN
Vaslui,RO,OTP
Mataram,ID,SIN
Vedavågen,NO,OSL
Moratuwa,LK,CMB
Aue,DE,FRA
San Felipe,VE,MIA
Morisset East,AU,SYD
Cajamarca,PE,SCL
Küsnacht,CH,ZRH
Pago Pago,AS,PDX
Tocancipá,CO,BOG
Ål,NO,OSL
Urundel,AR,GRU
Bragadiru,RO,OTP
Marikina City,PH,HKG
Kampong Rantau Panjang,MY,KUL
Calimaya,MX,QRO
Daet,PH,SIN
Postbauer-Heng,DE,MUC
Valladolid,ES,MAD
Lidingö,SE,OSL
Hunndalen,NO,OSL
Rhodes,GR,ATH
Tecámac,MX,DFW
Nordhausen,DE,FRA
Puerto Iguazú,AR,GRU
Weißwasser,DE,TXL
Araure,VE,MIA
Černošín,CZ,PRG
Ikast,DK,CPH
Hackensack,US,EWR
Male,MV,MLE
Duffel,BE,BRU
Melito di Porto Salvo,IT,MXP
White Plains,US,EWR
Kitakaruizawa,JP,NRT
Montreux,CH,ZRH
Venterstad,ZA,JNB
Letenye,HU,VIE
Esztergom,HU,BUD
Zakopane,PL,VIE
Eppelheim,DE,FRA
Dilsen-Stokkem,BE,BRU
Hakusan Shi,JP,KIX
Saint Venera,MT,PMO
Sellebakk,NO,OSL
Dobra,PL,WAW
Ras al-Khaimah,AE,SIN
Polomolok,PH,HKG
Mitejima,JP,KIX
Wetzikon,CH,ZRH
Tembleque,ES,MAD
Bad Köstritz,DE,FRA
Zamora Nuevo,EC,JAX
Elko,US,SLC
Panamá,CR,MIA
Tepeapulco,MX,QRO
Pfarrkirchen,DE,FRA
Sakawa,JP,NRT
Bogo,PH,HKG
Bratislava,SK,BTS
San Basilio,AR,GRU
Cubatão,BR,GRU
Clonmel,IE,DUB
Huaral,PE,SCL
Kupang,ID,SIN
Tepoztlán,MX,QRO
Zuoz,CH,ZRH
Dębno,PL,WAW
Horntown,US,IAD
Corinth,GR,ATH
Dachau,DE,MUC
Villa José León Suárez,AR,SCL
Col. Bosques de las Lomas,MX,QRO
Melton,AU,MEL
Värmdö,SE,CPH
Vienna,US,IAD
Ternate,ID,SIN
Poznan,PL,WAW
Buchholz in der Nordheide,DE,TXL
Dražkovce,SK,VIE
Riddells Creek,AU,MEL
Villa de Almoloya de Juárez,MX,DFW
Dingelstädt,DE,FRA
Gödöllő,HU,BUD
Oyumino,JP,NRT
Bern,CH,ZRH
Lefkada,GR,ATH
Mudau,DE,AMS
Dili,TL,SIN
Limón,CR,SJO
Isidro Casanova,AR,EZE
Straubenhardt,DE,FRA
Guatemala City,GT,SJO
Écublens,CH,ZRH
Moriya,JP,NRT
Otterndorf,DE,TXL
Fetsund,NO,OSL
Sinzig,DE,FRA
Estenfeld,DE,FRA
Memmingen,DE,MUC
Walldürn,DE,FRA
Cootamundra,AU,SYD
Annapolis,US,BOS
Tavros,GR,ATH
Mutsuura-minami,JP,NRT
Kemmern,DE,FRA
Yauhquemehcan,MX,DFW
Samtredia,GE,SOF
Alberton,ZA,JNB
El Bolsón,AR,GRU
Bubendorf,CH,ZRH
Rapla,EE,RIX
Kontich,BE,BRU
Toeicho,JP,NRT
Środa Wielkopolska,PL,WAW
San Juan de Sabinas,MX,DFW
Steinheim an der Murr,DE,MUC
Blainville,CA,YUL
Escazú,CR,SJO
Fort McMurray,CA,YYC
Pottsville,AU,SYD
Miesbach,DE,FRA
Solothurn,CH,ZRH
Dragomirești-Deal,RO,OTP
Don Torcuato,AR,GRU
Tartagal,AR,SCL
Mbabane,SZ,JNB
Höör,SE,CPH
Cheb,CZ,VIE
Flowery Branch,US,ATL
Poljčane,SI,VIE
Metro Manila,PH,MNL
Frattamaggiore,IT,MXP
Valkeakoski,FI,HEL
Salonta,RO,OTP
Tarxien,MT,PMO
Lerma de Villada,MX,DFW
Walsrode,DE,FRA
Carrizal,VE,MIA
Urdorf,CH,ZRH
Nablus,PS,ZDM
Iesi,IT,FCO
Kartal,HU,VIE
Předboj,CZ,FRA
Wanderup,DE,TXL
Conshohocken,US,EWR
Nesttun,NO,OSL
Jeddah,SA,MCT
Hillscheid,DE,FRA
Matalom,PH,HKG
Les Cèdres,CA,YUL
Yerba Buena,AR,MIA
Ludwigsburg,DE,MUC
Camerino,IT,FCO
Frankford,CA,EWR
Bad Schussenried,DE,MUC
Bel Air,US,IAD
Funes,AR,SCL
Palmi,IT,MXP
Akishima,JP,NRT
Nokia,FI,HEL
Harsewinkel,DE,FRA
Brockville,CA,YUL
Maardu,EE,TLL
Meix-devant-Virton,BE,BRU
Guamote,EC,GYE
Tōkamachi,JP,NRT
Lauterach,AT,VIE
Harper Woods,US,ORD
Bruckneudorf,AT,VIE
Bamberg,DE,FRA
Vääksy,FI,OSL
Sundbyberg,SE,RIX
Kamen,DE,DUS
Vallåkra,SE,TLL
Cresevo,MK,SOF
Pornainen,FI,HEL
Lake Orion,US,ORD
Karasawa,JP,NRT
Manaus,BR,FOR
Morinville,CA,YVR
Warendorf,DE,DUS
Strövelstorp,SE,ARN
Spinea,IT,FCO
Tolimán,MX,QRO
Jessen,DE,FRA
Hamar,NO,OSL
Lahr,DE,MUC
Fukuyama,JP,KIX
Mont-Saint-Hilaire,CA,YUL
Fort Collins,US,DEN
Lieto,FI,HEL
Palanga,LT,VNO
Albion Park Rail,AU,SYD
Reggio Calabria,IT,FCO
Bekasi,ID,SIN
Carrickmacross,IE,DUB
Eibau,DE,FRA
Manizales,CO,MIA
Kokubunji,JP,NRT
Newburyport,US,EWR
Hellerup,DK,CPH
Ariogala,LT,VNO
Leopoldsburg,BE,BRU
Buxtehude,DE,DUS
Palayan,PH,SIN
Villamuriel de Cerrato,ES,MAD
Almaty,KZ,AKX
Ezeiza,AR,EZE
Sidney,CA,YVR
Erquelinnes,BE,BRU
Los Banos,US,SJC
Schwarzach am Main,DE,FRA
Coburg,DE,FRA
Bischofswerda,DE,FRA
Remagen,DE,FRA
Ubay,PH,HKG
Ramallah,PS,MRS
Èze,FR,LYS
Hinode,JP,KIX
Kråkerøy,NO,OSL
Edison,US,YYZ
Hradec Králové,CZ,PRG
Lemgo,DE,FRA
Medicine Hat,CA,YYC
Trbovlje,SI,VIE
Braga,PT,LIS
Sulików,PL,WAW
Uelzen,DE,DUS
Cameron Park,AU,SYD
Hohenlinden,DE,MUC
West Yarmouth,US,BOS
Järvenpää,FI,HEL
Curve Lake,CA,YYZ
Queen Creek,US,LAX
Gómez Palacio,MX,QRO
Coesfeld,DE,DUS
Nishio,JP,KIX
Trenčín,SK,VIE
Søreide,NO,OSL
Seiryodai,JP,KIX
Jundiaí,BR,GRU
Germantown,US,IAD
Mellerud,SE,OSL
Zadar,HR,SOF
Bog Walk,JM,MIA
Perozinho,PT,LIS
Goulburn,AU,CBR
Pietrasanta,IT,MXP
Slough,GB,MAN
Godalming,GB,LHR
Planegg,DE,MUC
Gyál,HU,BUD
Strzegocice,PL,WAW
San Pedro,PH,NRT
Ladenburg,DE,FRA
Struga,MK,SOF
Højbjerg,DK,CPH
Osakidai,JP,NRT
Donaueschingen,DE,FRA
Antipolo,PH,HKG
Sherwood,US,DFW
Bonn,DE,DUS
Grindsted,DK,OSL
Guar Chempedak,MY,KUL
Aversa,IT,MXP
Caldas da Rainha,PT,LIS
Oschatz,DE,DUS
Interlomas,MX,DFW
San Luis de Sincé,CO,MIA
Pilar,AR,EZE
Vila Nova de Gaia,PT,LHR
Sülysáp,HU,VIE
Mārupe,LV,RIX
Wyk auf Föhr,DE,TXL
Bebra,DE,FRA
Piteşti,RO,OTP
Nobleton,CA,YYZ
Kematen in Tirol,AT,VIE
Nuremberg,DE,MUC
Espanola,CA,YYZ
Ribe,DK,CPH
El Paso,US,DFW
Essex,CA,YYZ
Cambridge,US,BOS
Hörsching,AT,VIE
Heidenrod,DE,MUC
Gianyar,ID,SIN
Nocera Superiore,IT,MXP
Pakenham,AU,MEL
Ath,BE,BRU
Villa Bosch,AR,MIA
Kelaniya,LK,CMB
Großenkneten,DE,TXL
Gars am Kamp,AT,VIE
Gitega,BI,JNB
Westport,IE,LHR
Holte,DK,CPH
Berchem,BE,BRU
Sunīši,LV,RIX
Kandel,DE,DUS
Pocatello,US,SLC
Heldenstein,DE,FRA
Noro,SB,SYD
Beiuș,RO,OTP
Neuenhaus,DE,DUS
Bryson City,US,ATL
Nagoya,JP,KIX
Enschede,NL,AMS
Kobe,JP,KIX
Riga,LV,RIX
Westbury,AU,HBA
Sōsa,JP,NRT
Chinandega,NI,MIA
Beccar,AR,EZE
Luckenwalde,DE,TXL
Sabadell,ES,MAD
Bicesse,PT,LIS
Pedroso,PT,BOD
Cowansville,CA,YUL
Marghita,RO,OTP
Mamburao,PH,MNL
Ward,US,MSP
San Sebastián de los Reyes,ES,MAD
Höhr-Grenzhausen,DE,FRA
Glyfáda,GR,ATH
Empalme San Vicente,AR,SCL
East London,ZA,JNB
Nijlen,BE,BRU
Ameca,MX,QRO
Izvoru,RO,FRA
Demir Hisar,MK,SOF
Sion,CH,ZRH
Camden,GB,LHR
Hohen Neuendorf,DE,TXL
Neyruz,CH,ZRH
San Justo,AR,EZE
Iloilo City,PH,HKG
KwaDukuza,ZA,LIS
Mexico,PH,HKG
Sântandrei,RO,OTP
Handewitt,DE,TXL
Chatham,GB,LHR
Garín,AR,GRU
Ilkeston,GB,MAN
Bireun,ID,SIN
Funchal,PT,BOD
Islington,GB,LHR
Chagrin Falls,US,PIT
Minamiuonuma,JP,NRT
Trebnje,SI,FRA
Yamaga,JP,KIX
Sarnia,CA,YYZ
Roeselare,BE,BRU
Orizaba,MX,QRO
Wierzonka,PL,WAW
Valmojado,ES,MAD
Tiaong,PH,HKG
Marsa,MT,PMO
Rakkestad,NO,OSL
Omaha,US,DEN
Pratteln,CH,ZRH
Brits,ZA,CPT
Luzzi,IT,MXP
Rieschweiler-Mühlbach,DE,FRA
Victoria,CA,YYZ
San Vicente,MX,QRO
Radebeul,DE,FRA
Ballina,AU,SYD
Bielany Wrocławskie,PL,WAW
Vác,HU,VIE
Daimon,JP,NRT
Polgasowita,LK,CMB
Mure,JP,NRT
Eutin,DE,TXL
Kauniainen,FI,HEL
El Tigre,VE,MIA
Pereira,CO,MIA
Trieste,IT,MXP
Dacula,US,ATL
Ashford,GB,MAN
Azusawa,JP,NRT
Marsaxlokk,MT,MXP
Tomobuchichō,JP,KIX
Cape Town,ZA,JNB
Jenin,PS,MRS
Santa María del Oro,MX,DFW
Ciudad Valles,MX,QRO
Baronissi,IT,MXP
Vårgårda,SE,CPH
Manolo Fortich,PH,HKG
Pelmadulla,LK,AMS
Marugame,JP,KIX
Limassol,CY,LCA
Snina,SK,VIE
Otava,FI,HEL
Uttran,SE,ARN
Teluk Panglima Garang,MY,KUL
Råholt,NO,OSL
La Criolla,AR,EZE
Fort-de-France,MQ,MIA
Kinuta,JP,NRT
Gaza,PS,ZDM
Cabuntog,PH,MNL
Beverly Hills,US,LAX
Batu Pahat,MY,KUL
Łomża,PL,WAW
Guilhufe,PT,BOD
Kalmar,SE,ARN
Talisay City,PH,HKG
Montego Bay,JM,MIA
Cootehill,IE,MAN
Maffra,AU,MEL
Lierskogen,NO,OSL
Tomihisachō,JP,NRT
La Pobla de Vallbona,ES,MAD
Bowen Island,CA,YVR
Höchberg,DE,FRA
Matara,LK,CMB
Carate Brianza,IT,FCO
Kalutara,LK,CMB
Veles,MK,VIE
Waikato Region,NZ,AKL
San Benedetto del Tronto,IT,MXP
Bytów,PL,WAW
Hiramatsu,JP,KIX
Kavala,GR,SKG
Lillestrøm,NO,OSL
Bülach,CH,ZRH
Bancal,PH,MNL
Garðabaer,IS,AMS
Ybbs an der Donau,AT,VIE
Püttlingen,DE,FRA
Minamiōta,JP,NRT
Balikpapan,ID,SIN
Kawanishi,JP,KIX
Froland,NO,OSL
Santa Eulàlia de Ronçana,ES,MAD
Buckhorn,CA,YUL
Lage,DE,FRA
Sorsogon,PH,HKG
Villa Carlos Paz,AR,GRU
Fjellhamar,NO,OSL
Zamora Nuevo,EC,BOG
Zaragoza,ES,MAD
Girifalco,IT,MXP
Ermesinde,PT,LIS
Mjøndalen,NO,OSL
Napier City,NZ,AKL
Devonport,AU,HBA
Kall,DE,DUS
Mexicali,MX,DFW
Meco,ES,MAD
Amsterdam,NL,AMS
Gampola,LK,SIN
Higashimukōjima,JP,NRT
Tezze sul Brenta,IT,FCO
Röhrnbach,DE,FRA
Quickborn,DE,TXL
Baltinglass,IE,DUB
Chouteau,US,DFW
Ludwigsmoos,DE,VIE
Kantvik,FI,HEL
Kostelec nad Orlicí,CZ,PRG
Cairate,IT,MXP
Barre,US,EWR
Santa Marta de Tormes,ES,MAD
Arnsberg,DE,FRA
Lanús,AR,SCL
Marbach am Neckar,DE,TXL
Orotina,CR,SJO
Málaga,ES,MAD
Pasuruan,ID,SIN
Lobatse,BW,GBE
Gerringong,AU,SYD
San Fernando City,PH,HKG
San Ildefonso,ES,MAD
Aubrey,US,DFW
Lund,SE,CPH
Huatulco,MX,QRO
Mülheim,DE,DUS
Breisach,DE,FRA
Lilongwe,MW,NBO
Esmeraldas,EC,MIA
Dinalupihan,PH,HKG
Grabs,CH,ZRH
Parma,IT,MXP
Segni,IT,MXP
Capilla del Señor,AR,SCL
Villa Nueva,AR,MIA
Tres Arroyos,AR,GRU
Bückeburg,DE,FRA
Ōhashi,JP,KIX
Esperanza,AR,SCL
Tyringe,SE,CPH
Friedrichsdorf,DE,FRA
Catanzaro,IT,MXP
Ankenes,NO,OSL
Ponsacco,IT,MXP
Sköllersta,SE,ARN
Nakuru,KE,MBA
Luque,PY,GRU
Omdurman,SD,LHR
Cluj-Napoca,RO,OTP
Shumen,BG,SOF
Monteros,AR,EZE
Isale,BI,NBO
Salalah,OM,MCT
Montreal,CA,YUL
Kolmården,SE,CPH
Altenstadt,DE,FRA
Saku,EE,ARN
Wałbrzych,PL,WAW
Dillenburg,DE,FRA
Leimen,DE,FRA
Okotoks,CA,YYC
Dietzenbach,DE,FRA
Loma Hermosa,AR,SCL
Valderøy,NO,OSL
Beerwah,AU,SYD
Askim,NO,OSL
São Domingos de Rana,PT,LIS
Muhanga,RW,KGL
San Miguel De Abona,ES,MAD
Bariloche,AR,SCL
Lancenigo-Villorba,IT,MXP
Zipf,AT,VIE
Gampaha,LK,CMB
Świętochłowice,PL,WAW
Janjanbureh,GM,MRS
San Miguel de Cozumel,MX,QRO
Carmona,PH,MNL
Nola,IT,MXP
Westerville,US,YYZ
Schelle,BE,BRU
Ismaning,DE,FRA
Maxhütte-Haidhof,DE,MUC
Bindlach,DE,FRA
Guayaquil,EC,MIA
Konzell,DE,MUC
Capalonga,PH,HKG
Arneiro,PT,LHR
Newfane,US,ORD
Shannon,CA,YUL
Blackfalds,CA,YVR
Uchte,DE,FRA
Accra,GH,ACC
Pasaje,EC,MIA
Lusaka,ZM,LUN
Consolacion,PH,HKG
Almaty Oblysy,KZ,AKX
Kamatero,GR,ATH
Qīr Moāv,JO,AMM
Varaždin,HR,BUD
Baturaja,ID,SIN
Maenochō,JP,NRT
Carpinone,IT,MXP
Hyvinkää,FI,HEL
Stekene,BE,BRU
Mexicali Municipality,MX,DFW
Vama,RO,FRA
Mumbai,IN,SIN
Zamboanga City,PH,MNL
Jesenice,CZ,PRG
Borna,DE,FRA
Delicias,MX,DFW
Harviala,FI,HEL
Ovidiu,RO,OTP
Nacogdoches,US,DFW
Lo Barnechea,CL,SCL
Zielonka,PL,WAW
Cunupia,TT,MIA
Enniskerry,IE,ORK
Ham-sur-Heure-Nalinnes,BE,BRU
Santa Rita,GU,NRT
Ludwigshafen am Rhein,DE,FRA
Sagamino,JP,NRT
Lebach,DE,FRA
Kamiochiai,JP,NRT
Tromsdalen,NO,OSL
Norderstedt,DE,DUS
Allmersbach im Tal,DE,MUC
Vápenná,CZ,PRG
Claypole,AR,SCL
Boucherville,CA,YUL
Bärnbach,AT,VIE
Cinisello Balsamo,IT,MXP
Montpellier,FR,MRS
Bishopton,GB,MAN
San Cristóbal Acasaguastlán,GT,GUA
Brønderslev,DK,CPH
Manila,PH,NRT
Sant Joan d'Alacant,ES,MAD
Staffanstorp,SE,CPH
Castel San Giorgio,IT,MXP
Clarkson,AU,PER
Unterföhring,DE,MUC
Jørpeland,NO,OSL
Carson,US,LAX
Hranice,CZ,PRG
Eschwege,DE,FRA
Soltvadkert,HU,VIE
Kamiyamachi,JP,KIX
Birrwil,CH,ZRH
Ōto,JP,NRT
Xewkija,MT,MXP
Tondela,PT,LIS
Lexington,US,ORD
Schleswig,DE,TXL
Anuradhapura,LK,CMB
Oxnard,US,SJC
Caronno Varesino,IT,MXP
Lansdale,US,EWR
Busto Arsizio,IT,MXP
Ciudad Victoria,MX,QRO
Forel,CH,ZRH
Piran,SI,FRA
Tulancingo,MX,QRO
Suances,ES,MAD
Etterbeek,BE,BRU
Sayula de Alemán,MX,IAH
Zingem,BE,BRU
Spinea,IT,MXP
Malate,PH,SIN
Haar,DE,FRA
Naantali,FI,ARN
Biyagama,LK,CMB
Maitland,ZA,JNB
Caracal,RO,OTP
Rotenburg (Wümme),DE,FRA
Sampit,ID,SIN
Brunn am Gebirge,AT,VIE
Misterbianco,IT,MXP
Portumna,IE,DUB
Ajman,AE,SIN
Gonaïves,HT,MIA
Bredstedt,DE,TXL
Almirante Brown,AR,EZE
Ōtemae,JP,KIX
Salvatierra,MX,QRO
Nosara,CR,MIA
Embourg,BE,BRU
Villa Hidalgo,MX,DFW
Keratea,GR,ATH
Ulvila,FI,ARN
Solna,SE,OSL
Catamarca,AR,SCL
Juárez,MX,QRO
Viareggio,IT,MXP
Muñoz,PH,HKG
Aarhus,DK,CPH
Santa Elena,SV,MIA
Schwelm,DE,DUS
Ansfelden,AT,VIE
Umán,MX,IAH
Rebordosa,PT,LIS
Arzignano,IT,MXP
Marseille,FR,CDG
Gheorgheni,RO,OTP
Kirchseeon,DE,MUC
Kitamachi,JP,NRT
San Severino Marche,IT,MXP
Mapulang Lupa,PH,HKG
Haßmersheim,DE,FRA
Guthrie,US,OKC
Surrey,CA,YVR
Port Sudan,SD,AMS
Uehara,JP,NRT
Shibakōen,JP,NRT
Čakovičky,CZ,PRG
San Valentino Torio,IT,MXP
Terrebonne,CA,YUL
Biggenden,AU,SYD
Ishigaki,JP,KIX
San Juan,DO,MIA
Carregado,PT,LIS
Jessheim,NO,OSL
Bornem,BE,BRU
Horb am Neckar,DE,FRA
Miraflores District,PE,SCL
Maracon,CH,ZRH
Lesquin,FR,MRS
Genoa,IT,MXP
Buggenhout,BE,BRU
Bluffton,US,ORD
Quincy,US,BOS
Tacna,PE,LIM
Puerto Colombia,CO,BAQ
Blenheim,NZ,AKL
León,MX,QRO
Stendal,DE,FRA
Tres de Febrero,AR,MIA
Higashinakajima,JP,KIX
Kielce,PL,WAW
Saint-Denis,RE,RUN
Kilkis,GR,ATH
Oberurnen,CH,ZRH
Granby,CA,YUL
Matías Castellanos,MX,DFW
Barrancabermeja,CO,SJO
Villa Nueva,AR,EZE
Aurora,CA,YYZ
Jerez de la Frontera,ES,MAD
Hvar,HR,VIE
Monchio delle Corti,IT,MRS
Zoppola,IT,MXP
Hacienda Ibarra,EC,LIM
García,MX,IAH
Clintonvale,AU,SYD
Ōgi,JP,NRT
Monte Hermoso,AR,SCL
Kuusalu,EE,CPH
Rethymno,GR,ATH
Lorsch,DE,DUS
Maple,CA,YYZ
Roșiorii de Vede,RO,OTP
Fort Myers,US,MIA
Camargo,ES,MAD
Bloemfontein,ZA,JNB
Gävle,SE,CPH
Danderyd,SE,ARN
Sellia Marina,IT,MXP
Toa Baja,PR,IAD
Wynau,CH,ZRH
Antofagasta,CL,SCL
San Salvador de Jujuy,AR,SCL
Karsin,PL,WAW
Santa Isabel,PR,MIA
Ellenton,US,DFW
Tampico,MX,QRO
Maasmechelen,BE,BRU
Hiroba,JP,NRT
San Giorgio in Bosco,IT,FCO
Caroni,TT,MIA
Tegal,ID,SIN
Setúbal,PT,LIS
Caledon,ZA,JNB
Nufringen,DE,MUC
Probolinggo,ID,SIN
City Bell,AR,EZE
Rochester,US,ORD
Bernburg,DE,FRA
Schmallenberg,DE,FRA
Dissen,DE,FRA
Lindley,US,EWR
Rathmore,IE,DUB
Požarevac,RS,BEG
Kiribatake,JP,NRT
Azogues,EC,MIA
Tatabánya,HU,VIE
Tananger,NO,OSL
Rivoli,IT,MXP
Neuchâtel,CH,ZRH
Srengseng,ID,SIN
Caloocan City,PH,MNL
Londrina,BR,GRU
Beratzhausen,DE,FRA
Nasinu,FJ,SYD
Odivelas,PT,LIS
Carp,CA,YUL
Bocaue,PH,HKG
Morishita,JP,NRT
Szigetszentmiklós,HU,VIE
Ineu,RO,OTP
Nadi,FJ,SUV
Bellegem,BE,BRU
Orosháza,HU,VIE
Izdebki,PL,WAW
Garibaldi Highlands,CA,YVR
Mar del Tuyú,AR,GRU
Ammerbuch,DE,FRA
Saint Cloud,US,MSP
Powell River,CA,YVR
Oklahoma City,US,OKC
Skien,NO,OSL
Bunlalacao,PH,MNL
Zusmarshausen,DE,FRA
Amman,JO,AMM
Neusäß,DE,MUC
Eindhoven,NL,AMS
Szatmárcseke,HU,VIE
Sherman Oaks,US,LAX
Sainte-Anne-de-Beaupré,CA,YUL
Edegem,BE,BRU
Quedlinburg,DE,FRA
Bedford,GB,MAN
Legionowo,PL,WAW
Cary,US,IAD
Radovis,MK,SOF
Ennepetal,DE,DUS
Iwai,JP,NRT
Paide,EE,TLL
Nyíregyháza,HU,VIE
Fremont,US,SJC
Lancaster,CA,YUL
Keputih,ID,SIN
San Carlos City,PH,SIN
LaSalle,CA,YUL
Hessisch Oldendorf,DE,FRA
Vallendar,DE,FRA
Rafelbunyol,ES,MAD
Campeche,MX,QRO
Norwalk,US,MIA
Azamino,JP,NRT
Hergiswil,CH,ZRH
Nova Gorica,SI,FRA
Tbilisi,GE,ATH
Colón,AR,GRU
Neunburg vorm Wald,DE,FRA
Oppegård,NO,OSL
Huacho,PE,SCL
Wierzbice,PL,WAW
Rødding,DK,CPH
Skedsmokorset,NO,OSL
Charleville,IE,DUB
Tallaght,IE,ORK
Riyadh,SA,MCT
Babahoyo,EC,GYE
Larissa,GR,ATH
Aracaju,BR,GRU
Banjarnegara,ID,SIN
Rutesheim,DE,MUC
Tokiwa,JP,NRT
Ålsgårde,DK,FRA
Drammen,NO,OSL
Víctor Rosales,MX,QRO
Weisendorf,DE,FRA
Terrace Bay,CA,ORD
Motomachi,JP,KIX
Malvinas Argentinas,AR,EZE
Villa Krause,AR,EZE
Kimberley,CA,YVR
Coro,VE,BOG
Debeljača,RS,BEG
Lempäälä,FI,HEL
Everest,US,MCI
Hong Kong,HK,HKG
Subang Jaya,MY,KUL
A Coruña,ES,MAD
Sauerlach,DE,FRA
Baton Rouge,US,DFW
Toa Alta,PR,ATL
Zagreb,HR,ZAG
Coquitlam,CA,YVR
Mellbystrand,SE,CPH
Stockwell,GB,LHR
Lędziny,PL,WAW
Chaïdári,GR,ATH
Munich,DE,MUC
Niihama,JP,KIX
Keene,US,EWR
Hattingen,DE,FRA
Kampung Paya Simpang Empat Genting,MY,KUL
Kumagaya,JP,NRT
Bad König,DE,FRA
Glew,AR,EZE
Landsberg,DE,FRA
Fukaya,JP,NRT
Richardson,US,DFW
Bad Neustadt an der Saale,DE,FRA
Rivera,CO,MIA
Mladenovac,RS,BEG
Buffalo Creek,US,DEN
Unterhaching,DE,MUC
Bersenbrück,DE,FRA
Roxas City,PH,HKG
Santa Ignacia,PH,MNL
Concepción,CR,SJO
Vojens,DK,CPH
Sagres,PT,LIS
Laoag,PH,HKG
Rebecq,BE,BRU
Malvern,US,EWR
Neiva,CO,MIA
Quinta Do Conde,PT,LIS
Rudna Wielka,PL,WAW
Forssa,FI,HEL
Stein,DE,FRA
Ulan Bator,MN,ULN
Trstenik,RS,BEG
Domašinec,HR,VIE
Namiyoke,JP,KIX
Sechelt,CA,YVR
Glottertal,DE,FRA
Sylt,DE,TXL
Pointe-Claire,CA,YUL
Rolleston,NZ,AKL
Campana,AR,GRU
Pigeon Grove,AU,PER
Badia Polesine,IT,MXP
Odensbacken,SE,CPH
Sorø,DK,CPH
Cobble Hill,CA,YVR
Salo,FI,CPH
Lázaro Cárdenas,MX,QRO
Bertais,ID,SIN
Prakovce,SK,BTS
Ponoka,CA,SEA
Wakakusa,JP,KIX
Parola,FI,ARN
Mechanicsburg,US,EWR
Eldoret,KE,NBO
Basildon,GB,MAN
Magenta,IT,MXP
Wesel,DE,HAM
Cavan,IE,DUB
Lomas del Chamizal,MX,QRO
Ust-Kamenogorsk,KZ,AKX
Seattle,US,SEA
Joondalup,AU,PER
Elsternwick,AU,MEL
Tegalsari,ID,SIN
Kozani,GR,IST
Feldkirchen,DE,MUC
Oakland,US,SJC
Weiden,DE,FRA
Chiquinquirá,CO,SCL
Lahti,FI,HEL
Noshiro,JP,NRT
Sainte-Marie,CA,YUL
Chiclana de la Frontera,ES,MAD
Dalmine,IT,MXP
Shimizu,JP,KIX
Copertino,IT,MXP
Woodville,AU,SYD
Büchenbach,DE,FRA
Amozoc de Mota,MX,DFW
Drobeta-Turnu Severin,RO,OTP
Oda-sakae,JP,NRT
Sterling,US,IAD
Zirndorf,DE,FRA
Togoshi,JP,NRT
Toneri,JP,NRT
Hohenschambach,DE,MUC
Outrup,DK,CPH
Steinhausen,CH,ZRH
Ratmalana,LK,CMB
Fall River,US,BOS
Olkusz,PL,WAW
Sibiu,RO,OTP
Hurlingham,AR,SCL
Mentakab,MY,SIN
Albertslund,DK,CPH
Bethlehem,PS,MRS
Ettlingen,DE,FRA
Al Ain City,AE,SIN
Castelfranco Emilia,IT,MXP
Loures,PT,LIS
Yuma,US,LAX
Matane,CA,YUL
Castrop-Rauxel,DE,FRA
Leawood,US,MCI
Ogre,LV,RIX
Douglasville,US,ATL
Pagadian,PH,HKG
Ishikari,JP,NRT
Vechelde,DE,FRA
Leopold,AU,MEL
Shawnigan Lake,CA,YVR
Kalkara,MT,MXP
Pinneberg,DE,TXL
Kissimmee,US,MSP
Lac La Biche,CA,SEA
Lewisburg,US,ATL
Balbriggan,IE,DUB
Lauda-Königshofen,DE,FRA
Asaba,NG,LHR
Bari,IT,FCO
Maryborough,AU,SYD
Upplands Vasby,SE,TLL
Florida Oeste,AR,EZE
Mount Airy,US,JAX
Thirlmere,AU,SYD
Santa Ana,CR,SJO
Valletta,MT,SOF
Douala,CM,ABJ
Matsumoto,JP,NRT
Listowel,IE,DUB
Hünenberg,CH,ZRH
Vanløse,DK,CPH
Indian River,CA,EWR
Mackay,AU,SYD
Toranomon,JP,NRT
Naples,IT,FRA
Cova Figueira,CV,LIS
Gostivar,MK,VIE
Domžale,SI,FRA
Dej,RO,OTP
Kuningan Barat,ID,SIN
Hof,DE,FRA
Jiutepec,MX,QRO
Kota Kinabalu,MY,KUL
Matfors,SE,OSL
Nay Pyi Taw,MM,SIN
Santa Ana Chiautempan,MX,QRO
Mammern,CH,ZRH
Dudeldorf,DE,FRA
Alto Río Senguer,AR,GRU
San Andrés Zautla,MX,DFW
Nampa,US,SLC
Kappel-Grafenhausen,DE,FRA
Satu Mare,RO,OTP
Hägersten,SE,HEL
Örebro,SE,OSL
Itapúa,PY,GRU
Campbellton,CA,EWR
Kurume,JP,KIX
St. Julian's,MT,MXP
Okukaiinji,JP,KIX
Denderleeuw,BE,BRU
Sutz,CH,ZRH
Bielawa,PL,WAW
Tulalip,US,LAX
Gladstone,AU,SYD
Kose,EE,TLL
Jüterbog,DE,TXL
Schwerte,DE,DUS
Vista,US,LAX
Herriman,US,SLC
Tanza,PH,HKG
Radomsko,PL,WAW
Rastatt,DE,MUC
San Giuliano Terme,IT,MXP
González Catán,AR,SCL
Triftern,DE,FRA
Tema,GH,LIS
Sundet,NO,OSL
San Lorenzo,PY,ASU
Schwaikheim,DE,MUC
Åkirkeby,DK,CPH
Rokeby,AU,SYD
Holzkirchen,DE,FRA
San Rafael,AR,GRU
Eppstein,DE,FRA
Bačka Topola,RS,BEG
Villejuif,FR,CDG
Katsushika,JP,NRT
Lyon,FR,LYS
McLean,US,IAD
Rome,US,ATL
Los Angeles,US,LAX
Domžale,SI,VIE
Porto,PT,LHR
Burlington,US,EWR
Košice,SK,PRG
Neukirchen-Vluyn,DE,FRA
Minglanilla,PH,HKG
Hildburghausen,DE,FRA
Löcknitz,DE,TXL
Nago,JP,KIX
Miranda,VE,MIA
Paris,FR,CDG
Kuusankoski,FI,HEL
Novo Mesto,SI,VIE
Živinice,BA,BUD
Kremperheide,DE,DUS
Utsukushigaoka,JP,NRT
Lugoj,RO,OTP
Milton Keynes,GB,MAN
Cruz del Eje,AR,GRU
Idar-Oberstein,DE,FRA
Santo Tomé,AR,EZE
Musashino,JP,NRT
Vecindario,ES,MAD
Szekszárd,HU,VIE
Mooka,JP,NRT
Duncan,CA,SEA
Grünstadt,DE,FRA
Kleinburg,CA,YYZ
Kętrzyn,PL,WAW
Šmarje pri Jelšah,SI,FRA
Deneysville,ZA,JNB
Bützow,DE,FRA
Auli,NO,OSL
Büdingen,DE,FRA
Bargteheide,DE,TXL
Narashino Shi,JP,NRT
Munro,AR,EZE
Cork,IE,ORK
Trollhättan,SE,CPH
Meinohama,JP,NRT
Lata,SB,SYD
Lucena City,PH,MNL
Calvinia,ZA,JNB
Fryazino,RU,DME
Redhill,GB,LHR
Buchs,CH,ZRH
Camuy,PR,IAD
Guápiles,CR,SJO
Venaria Reale,IT,FCO
Perkins,CA,YUL
Kempton Park,ZA,CPT
Baunatal,DE,FRA
Uxbridge,GB,LHR
Mexicali,MX,QRO
Melsomvik,NO,OSL
Castrop-Rauxel,DE,DUS
Ikeja,NG,LHR
Schwyz,CH,ZRH
Hasuda,JP,NRT
Horhausen,DE,FRA
Fullerton,US,LAX
Ōshū,JP,NRT
Salamanca,ES,MAD
Água de Pau,PT,LHR
Ampfing,DE,FRA
Krivá,SK,VIE
Kutchan,JP,NRT
Bełchatów,PL,WAW
Marl,DE,FRA
Sollentuna,SE,OSL
Nowra,AU,SYD
Pittsburgh,US,ORF
Valenzuela,PH,SIN
Gorle,IT,MXP
Komone,JP,NRT
Sumbawa Besar,ID,SIN
Älmhult,SE,CPH
Überlingen,DE,DUS
Hjørring,DK,CPH
Kazanlak,BG,SOF
Centro Municipality,MX,QRO
Taranto,IT,MXP
Ramos Arizpe,MX,IAH
Neustadt in Holstein,DE,TXL
Inazawa,JP,KIX
Alcalá de Henares,ES,MAD
El Cajon,US,LAX
Gubat,PH,HKG
Auburn,US,SEA
Coronel Bogado,PY,GRU
Cobourg,CA,YYZ
Kesselsdorf,DE,DUS
Wijnegem,BE,BRU
Iso,JP,KIX
Dorog,HU,VIE
Hagonoy,PH,HKG
Québec,CA,YYZ
Laitila,FI,ARN
Halberstadt,DE,FRA
Wakabamachi,JP,NRT
Jūrmala,LV,RIX
Lagos,NG,LIS
Cartagena,CO,MIA
Toyama,JP,KIX
Littlehampton,GB,LHR
Navan,IE,DUB
Blakstad,NO,OSL
Atri,IT,MXP
Waterloo,BE,BRU
San Francisco de los Romo,MX,QRO
Penticton,CA,YVR
Znojmo,CZ,PRG
Oensingen,CH,ZRH
Oliver,CA,YVR
Castenedolo,IT,MXP
San Giuliano Milanese,IT,MXP
Postoloprty,CZ,PRG
Oosterzele,BE,BRU
Vaxjo,SE,CPH
Chorzów,PL,WAW
Miragoâne,HT,MIA
Verdellino,IT,MXP
Niederhasli,CH,ZRH
Saint Paul,US,MSP
Concord,CA,YYZ
Saint-Vaast,BE,BRU
Heverlee,BE,BRU
Kolsås,NO,OSL
Helsingby,FI,HEL
Miyakonojō,JP,KIX
Lamezia Terme,IT,MXP
Barinas,VE,MIA
Overland Park,US,ORD
Bichwil,CH,ZRH
Ōyama,JP,KIX
Eisenberg,DE,FRA
Mexico,PH,MNL
Vigía,VE,MIA
Achern,DE,FRA
Widen,CH,ZRH
Santa Rosa de Cabal,CO,MIA
Übelbach,AT,VIE
Hornu,BE,BRU
Eislingen,DE,FRA
Marinha Grande,PT,LIS
Tulkarm,PS,ZDM
Ilmajoki,FI,HEL
Dalby,SE,CPH
Mödling,AT,VIE
Monte Roberto,IT,MXP
Tires,PT,LIS
Troisdorf,DE,FRA
Chojnów,PL,WAW
Jindabyne,AU,SYD
Anglikon,CH,ZRH
Rangsdorf,DE,TXL
Tanauan,PH,HKG
Ciudad Juárez,MX,QRO
Lappeenranta,FI,HEL
Maddingley,AU,SYD
Kawit,PH,HKG
Boca del Rio,MX,QRO
Fosser,NO,OSL
Galanta,SK,BTS
Cavan,CA,EWR
Kazo,JP,NRT
Maynooth,IE,DUB
Gilbert,US,LAX
Koronadal,PH,HKG
Tōyō,JP,NRT
Ludvika,SE,CPH
Orizaba,MX,DFW
Paralímni,CY,LCA
Nova Gorica,SI,ZAG
Marietta,US,ATL
Dalandanan,PH,HKG
Örebro,SE,ARN
"Burgdorf, Hanover",DE,FRA
Cegléd,HU,VIE
Emalahleni,ZA,JNB
Stoney Creek,CA,YYZ
Cagliari,IT,FCO
St. Stephen,CA,EWR
Baie-Saint-Paul,CA,YUL
Drummondville,CA,YUL
Drensteinfurt,DE,FRA
Celle,DE,DUS
Villingen-Schwenningen,DE,FRA
Aalter,BE,BRU
Furumachi-yonchōme,JP,NRT
Aobadai,JP,NRT
Zionsville,US,SEA
Johannesburg,ZA,JNB
Nasugbu,PH,CGY
Fish Town,LR,ASK
Tendō,JP,NRT
Cesenatico,IT,MXP
Flinders,AU,MEL
Castro Verde Municipality,PT,LIS
Utila,HN,MIA
Năvodari,RO,OTP
Colima,MX,QRO
Tjøme,NO,OSL
Wettingen,CH,ZRH
Burbank,US,SJC
Windsor,GB,LHR
Burwood,AU,MEL
Zapotlán el Grande,MX,QRO
Bacnotan,PH,HKG
Lohr a. Main,DE,MUC
Bernareggio,IT,MXP
Menen,BE,BRU
Lincoln,US,ORD
Medowie,AU,SYD
Kharkiv,UA,FRA
Meschede,DE,DUS
Liberec,CZ,PRG
Beselare,BE,BRU
Cranston,US,EWR
Chełmek,PL,WAW
Ludza,LV,RIX
Kehra,EE,TLL
Loikaw,MM,SIN
Athlone,IE,DUB
Ostermundigen,CH,GVA
Kukichūō,JP,NRT
Draper,US,SLC
Simpang Empat,MY,KUL
Toyosato,JP,KIX
Kappeln,DE,FRA
Bouéni,YT,RUN
Hisings Backa,SE,ARN
Luleå,SE,OSL
Cesena,IT,MXP
Gachenbach,DE,FRA
Sangerhausen,DE,FRA
Midrand,ZA,JNB
Christchurch,NZ,CHC
Kikuyu,KE,MRS
Zufikon,CH,ZRH
Fisherville,CA,YYZ
Morelia,MX,QRO
Billingstad,NO,OSL
Sundsvall,SE,ARN
Zapopan,MX,QRO
Dagami,PH,HKG
Herborn,DE,FRA
Rivas-Vaciamadrid,ES,MAD
Hayward,US,SJC
Yabucoa,PR,MIA
Morgan,US,SLC
Jember,ID,SIN
Cabanatuan City,PH,CRK
Weisslingen,CH,ZRH
Tandil,AR,SCL
Osterburken,DE,FRA
Mestre,IT,MXP
Ellerstadt,DE,MUC
Codroipo,IT,MXP
Tarapoto,PE,LIM
Nördlingen,DE,MUC
Novi Sad,RS,BEG
San Antonio Primero,PH,HKG
Rosbach vor der Höhe,DE,FRA
Mölnlycke,SE,CPH
Casoria,IT,MXP
Cham,DE,FRA
Manage,BE,BRU
Jurong Town,SG,SIN
Shimochō,JP,NRT
Albbruck,DE,ZRH
Rudersberg,DE,MUC
Svedala,SE,CPH
Pernitz,AT,VIE
Suai,TL,SIN
Békéscsaba,HU,BUD
Čakovec,HR,SOF
Ostend,BE,BRU
Elmira,CA,EWR
Toowoomba,AU,SYD
Landsberied,DE,FRA
Senzoku,JP,NRT
Binangonan,PH,HKG
Bangkok,TH,SIN
Gasparillo,TT,MIA
Lemförde,DE,FRA
Fontanellato,IT,MXP
Abano Terme,IT,MXP
Imajukuchō,JP,NRT
Somerset West,ZA,LHR
Sandvika,NO,OSL
Melfi,IT,FCO
Manzanillo,MX,QRO