client_city,client_country,server_city,server_country
La Garenne-Colombes,FR,Paris,FR
Glasgow,US,Columbus,US
Huachuca City,US,Las Vegas,US
Avondale,US,Las Vegas,US
Grand Lake,US,Denver,US
Gitega,BI,Nairobi,KE
Paphos,CY,Tel Aviv,IL
Loreto,MX,Monterrey,MX
Crawfordville,US,Salt Lake City,US
Martinsville,US,Columbus,US
Virginia,ZA,Johannesburg,ZA
Lolodorf,CM,Lagos,NG
Muscat,OM,Doha,QA
Tokyo,JP,Taipei,TW
Lancaster,US,Columbus,US
Gbagada,NG,Lagos,NG
Bedfordale,AU,Perth,AU
Billings,US,Denver,US
Ellijay,US,Columbus,US
Kihara,JP,Seoul,KR
Custer,US,Denver,US
Sandy,US,Salt Lake City,US
Santiago,MX,Monterrey,MX
Jabalia,PS,Tel Aviv,IL
Nodake,JP,Taipei,TW
Akita,JP,Seoul,KR
Flagstaff,US,Las Vegas,US
Argenteuil,FR,Paris,FR
Baraboo,US,Omaha,US
Avon,US,Seattle,US
Minturn,US,Winnipeg,CA
Pitt Meadows,CA,Seattle,US
Tunis,TN,Marseille,FR
Potchefstroom,ZA,Johannesburg,ZA
Cave,NZ,Wellington,NZ
Walla Walla,US,Spokane,US
Morgan Hill,US,San Francisco Bay Area,US
Al Fujairah City,AE,Doha,QA
Machakos,KE,Nairobi,KE
White Hall,US,Las Vegas,US
Heroica Caborca,MX,Las Vegas,US
Owyhee,US,Omaha,US
Manzini,SZ,Maputo,MZ
Kearney,US,Denver,US
Pinetown,ZA,Johannesburg,ZA
Jardim Alegre,BR,Florianopolis,BR
Enugu,NG,Lagos,NG
Arato,JP,Seoul,KR
Guspini,IT,Marseille,FR
Sambava,MG,Johannesburg,ZA
Zeerust,ZA,Cape Town,ZA
Ciudad Guadalupe Victoria,MX,Monterrey,MX
El Naranjo,MX,Monterrey,MX
Talghar,KZ,New Delhi,IN
Windsor,US,Denver,US
Asheville,US,Columbus,US
Kirkland,US,Seattle,US
Mogoro,IT,Marseille,FR
Burns,US,Salt Lake City,US
Omdurman,SD,Tel Aviv,IL
Bago,MM,Chennai,IN
Pannipitiya,LK,Chennai,IN
Covina,US,San Francisco Bay Area,US
Santo Domingo Pueblo,US,Denver,US
Hawera,NZ,Auckland,NZ
Los Mochis,MX,Monterrey,MX
Sidney,CA,Seattle,US
Ambo,PE,Lima,PE
General Escobedo,MX,Monterrey,MX
Woodinville,US,Seattle,US
Sumner,US,Seattle,US
Juliaca,PE,Lima,PE
Bayt Ghādir,YE,Doha,QA
Ilo,PE,Lima,PE
Ciudad Benito Juárez,MX,Monterrey,MX
Rosario,PH,Hong Kong,HK
City of Saint Peters,US,Denver,US
Lepperton,NZ,Auckland,NZ
Roquefort,FR,Omaha,US
Renton,US,Seattle,US
Antibes,FR,Marseille,FR
Stenungsund,SE,Paris,FR
Salem,US,Seattle,US
Whitianga,NZ,Auckland,NZ
Maracay,VE,Seoul,KR
Tixtla de Guerrero,MX,Monterrey,MX
Kingston,NF,Auckland,NZ
Asnières-sur-Seine,FR,Paris,FR
Ouagadougou,BF,Lagos,NG
Veymandoo,MV,Chennai,IN
Lynnwood Glen,ZA,Johannesburg,ZA
Amqui,CA,Moncton,CA
Brightwater,NZ,Auckland,NZ
Maharagama,LK,Chennai,IN
Toshaku,JP,Seoul,KR
Centro,PY,Florianopolis,BR
Wallace,CA,Moncton,CA
Imarat Ra's al Khaymah,AE,Doha,QA
Douala,CM,Lagos,NG
Auclair,CA,Moncton,CA
Olathe,US,Omaha,US
Ashville,US,Columbus,US
Taos,US,Denver,US
Greeley,US,Denver,US
Juvisy-sur-Orge,FR,Paris,FR
Hoquiam,US,Spokane,US
Samtse,BT,New Delhi,IN
Benin City,NG,Lagos,NG
Booysens,ZA,Johannesburg,ZA
Porto Torres,IT,Marseille,FR
Kapenguria,KE,Nairobi,KE
Nangkita,AU,Perth,AU
Sioux City,US,Seattle,US
Nampula,MZ,Maputo,MZ
Reedley,US,San Francisco Bay Area,US
Lordsburg,US,Las Vegas,US
Heber,US,Salt Lake City,US
Cape Town,ZA,Cape Town,ZA
Sarcelles,FR,Paris,FR
West Plains,US,Omaha,US
Woburn,NZ,Wellington,NZ
Union City,US,San Francisco Bay Area,US
Randburg,ZA,Johannesburg,ZA
Hidalgo,MX,Monterrey,MX
Saint-Cloud,FR,Paris,FR
Lusaka,ZM,Johannesburg,ZA
Hanimaadhoo,MV,Chennai,IN
Jerusalem,IL,Tel Aviv,IL
Mitiyagane,LK,Chennai,IN
Fukuoka,JP,Seoul,KR
Mariano Roque Alonso,PY,Florianopolis,BR
Frazee,US,Omaha,US
Taishōmachi,JP,Seoul,KR
Grabouw,ZA,Johannesburg,ZA
Nuku'alofa,TO,Auckland,NZ
Vanves,FR,Paris,FR
Omaha,US,Denver,US
Daly City,US,San Francisco Bay Area,US
Bailey,US,Denver,US
Noria de Ángeles,MX,Monterrey,MX
Gómez Palacio,MX,Monterrey,MX
Safford,US,Las Vegas,US
Parksville,CA,Seattle,US
Branson,US,Omaha,US
Limbe,CM,Lagos,NG
Gushichan,JP,Taipei,TW
Goodhue,US,Winnipeg,CA
Camp Verde,US,Las Vegas,US
Kaduwela,LK,Chennai,IN
Colonia Agrícola el Naranjo,MX,Monterrey,MX
Tairua,NZ,Auckland,NZ
Victoria,SC,Nairobi,KE
Nyakabanda,RW,Nairobi,KE
Cazadero,US,San Francisco Bay Area,US
Bago,MM,Hong Kong,HK
Sakaiminato,JP,Seoul,KR
Tahoua,NE,Lagos,NG
Ixtlán del Río,MX,Monterrey,MX
Mid Sapphire Beach,AU,Perth,AU
Kiambu,KE,Nairobi,KE
Centurion,ZA,Johannesburg,ZA
Basail,AR,Florianopolis,BR
Kalispell,US,Seattle,US
Le Port,RE,Maputo,MZ
Olive Branch,US,San Francisco Bay Area,US
Châtillon-sur-Seine,FR,Paris,FR
Kottawa,LK,Chennai,IN
Kalawana,LK,Chennai,IN
Albany,US,Portland,US
Allendale,US,Columbus,US
Anchorage,US,Spokane,US
Grants,US,Las Vegas,US
Mona,US,San Francisco Bay Area,US
North Highlands,US,San Francisco Bay Area,US
Quilanga,EC,Lima,PE
Porirua,NZ,Wellington,NZ
Milton-Freewater,US,Spokane,US
Sudowol,GM,Lagos,NG
Groveland,US,San Francisco Bay Area,US
Uberlândia,BR,Florianopolis,BR
Santee,US,Salt Lake City,US
Westlands,KE,Nairobi,KE
Orsay,FR,Paris,FR
Faverolles,FR,Paris,FR
Tomohigashi,JP,Seoul,KR
Oakland,US,San Francisco Bay Area,US
Laramie,US,Denver,US
Lilongwe,MW,Nairobi,KE
Bamenda,CM,Lagos,NG
Hiroshima,JP,Seoul,KR
Sanders,US,Las Vegas,US
Greytown,ZA,Johannesburg,ZA
Taupo,NZ,Auckland,NZ
Sohar,OM,Doha,QA
Le Havre,FR,Paris,FR
Saint Paul,US,Seattle,US
Fonadhoo,MV,Chennai,IN
Midvale,US,Salt Lake City,US
Mercer Island,US,Seattle,US
Al Mafraq,AE,Doha,QA
Bloemfontein,ZA,Johannesburg,ZA
Park City,US,Salt Lake City,US
Dutywa,ZA,Cape Town,ZA
Cusco,PE,Lima,PE
Yountville,US,San Francisco Bay Area,US
New Ulm,US,Omaha,US
Toulouse,FR,Marseille,FR
Malambe,LK,Chennai,IN
Chittering,AU,Perth,AU
San Ramon,US,San Francisco Bay Area,US
Streetsboro,US,Columbus,US
Bagneux,FR,Marseille,FR
Accra,GH,Lagos,NG
Nadi,FJ,Auckland,NZ
La Molina,PE,Lima,PE
Thembisa,ZA,Johannesburg,ZA
Escuinapa,MX,Monterrey,MX
Emeryville,US,San Francisco Bay Area,US
Guwahati,IN,New Delhi,IN
Seeb,OM,Doha,QA
Ayios Dhometios,CY,Tel Aviv,IL
Ogden,US,Salt Lake City,US
Panadura,LK,Chennai,IN
Scottsdale,US,Las Vegas,US
Jaén,PE,Lima,PE
Steinbach,CA,Omaha,US
Nijigaoka,JP,Seoul,KR
Asaba,NG,Nairobi,KE
Petaluma,US,San Francisco Bay Area,US
Punakha,BT,New Delhi,IN
Navajo Dam,US,Denver,US
Piripiri,BR,Omaha,US
Mutare,ZW,Maputo,MZ
Krugersdorp,ZA,Johannesburg,ZA
Muhanga,RW,Maputo,MZ
Tulkarm,PS,Tel Aviv,IL
Duque de Caxias,BR,Omaha,US
Danville,US,San Francisco Bay Area,US
Ica,PE,Lima,PE
Alice Springs,AU,Perth,AU
Rosalia,US,Seattle,US
Havre-Saint-Pierre,CA,Moncton,CA
Meana Sardo,IT,Marseille,FR
Dáli,CY,Tel Aviv,IL
Edina,US,Omaha,US
Commerce City,US,Denver,US
Mohave Valley,US,Las Vegas,US
Torreón,MX,Monterrey,MX
Maafushi,MV,Chennai,IN
North York,CA,Omaha,US
Saint-Pierre,RE,Maputo,MZ
Buraimi,OM,Doha,QA
Khasab,OM,Doha,QA
Neuilly-sur-Seine,FR,Paris,FR
Newlands East,ZA,Cape Town,ZA
Perth,AU,Perth,AU
Sanaa,YE,Doha,QA
Colombes,FR,Paris,FR
Coeur d'Alene,US,Seattle,US
Biltine,TD,Nairobi,KE
San Juan de Sabinas,MX,Monterrey,MX
Parsons,US,Omaha,US
Pérols,FR,Marseille,FR
Mangawhai Heads,NZ,Auckland,NZ
Yamano,JP,Seoul,KR
Hayward,US,San Francisco Bay Area,US
Oudtshoorn,ZA,Cape Town,ZA
Axapusco,MX,Las Vegas,US
Frazeysburg,US,Omaha,US
Eagle Mountain,US,Salt Lake City,US
Gushichan,JP,Seoul,KR
Matugama,LK,Chennai,IN
San Martino Valle Caudina,IT,Marseille,FR
Gilbert,US,Las Vegas,US
Piscinas,IT,Marseille,FR
Durban,ZA,Cape Town,ZA
Port Williams,CA,Moncton,CA
Wellsville,US,Salt Lake City,US
Gualala,US,San Francisco Bay Area,US
Middlefield,US,Columbus,US
Elandsfontein,ZA,Cape Town,ZA
Vernal,US,Omaha,US
Montserrado County,LR,Lagos,NG
Cheney,US,Spokane,US
Concepción,PY,Florianopolis,BR
Brighton,US,San Francisco Bay Area,US
Hermanus,ZA,Johannesburg,ZA
Mawanella,LK,Chennai,IN
Johannesburg,ZA,Johannesburg,ZA
La Montagne,RE,Maputo,MZ
Nanaimo,CA,Seattle,US
Am Timan,TD,Lagos,NG
Wollert,AU,Perth,AU
Jwaneng,BW,Johannesburg,ZA
Elmas,IT,Marseille,FR
San Martín de Porres,PE,Lima,PE
Courbevoie,FR,Paris,FR
Campo Sesenta y Cuatro B,MX,Monterrey,MX
Gurugram,IN,Mumbai,IN
Thabazimbi,ZA,Cape Town,ZA
Utorda,IN,Mumbai,IN
Zacualtipán,MX,Monterrey,MX
Riyadh,SA,Doha,QA
Mill Creek,US,Seattle,US
Los Olivos,PE,Lima,PE
Seattle,US,Seattle,US
Heidelberg,ZA,Maputo,MZ
Hatch,US,Las Vegas,US
Martvili,GE,Tel Aviv,IL
Sharon,US,Seattle,US
Whakatane,NZ,Auckland,NZ
Cerro de Pasco,PE,Lima,PE
Kinkora,CA,Moncton,CA
Mosman Park,AU,Perth,AU
Huancavelica,PE,Lima,PE
Bouc-Bel-Air,FR,Marseille,FR
Nay Pyi Taw,MM,Chennai,IN
Nicolosi,IT,Marseille,FR
Forsyth,US,Denver,US
Ghilarza,IT,Marseille,FR
Spokane,US,Denver,US
Ayacucho,PE,Lima,PE
Mapastepec,MX,Monterrey,MX
Hamilton,NZ,Auckland,NZ
L'Entre-Deux,RE,Johannesburg,ZA
Boise,US,Salt Lake City,US
Rasdhoo,MV,Chennai,IN
Knysna,ZA,Maputo,MZ
Shinanochō,JP,Doha,QA
Montigny-le-Bretonneux,FR,Paris,FR
Mitchells Plain,ZA,Johannesburg,ZA
Wariyapola,LK,Chennai,IN
Stilbaai-Wes,ZA,Cape Town,ZA
Tissamaharama,LK,Chennai,IN
DesMoines,US,Seattle,US
Okiep,ZA,Cape Town,ZA
San Diego,US,Salt Lake City,US
Gyumri,AM,Tel Aviv,IL
Rotorua,NZ,Wellington,NZ
Waitara,NZ,Wellington,NZ
Selebi-Phikwe,BW,Johannesburg,ZA
Kyrenia,CY,Tel Aviv,IL
Milton-Freewater,US,Seattle,US
Pahoa,US,San Francisco Bay Area,US
Pala,TD,Lagos,NG
Acacoyagua,MX,Monterrey,MX
Limpio,PY,Florianopolis,BR
Sibalom,PH,Hong Kong,HK
Puerto Francisco de Orellana,EC,Lima,PE
Kamezaki,JP,Seoul,KR
Lunamatrona,IT,Marseille,FR
Bordeaux,FR,Paris,FR
Mumbai,IN,Mumbai,IN
Glendale,US,Salt Lake City,US
Tiriolo,IT,Marseille,FR
Redwood City,US,San Francisco Bay Area,US
Lenexa,US,Omaha,US
Kroonstad,ZA,Johannesburg,ZA
Sibonga,PH,Hong Kong,HK
Truckee,US,San Francisco Bay Area,US
Temuka,NZ,Auckland,NZ
Rajkot,IN,Mumbai,IN
Bethlehem,PS,Tel Aviv,IL
Quindici,IT,Marseille,FR
Sainte-Marie,RE,Johannesburg,ZA
Brisbane,AU,Perth,AU
Woodlands,AU,Perth,AU
Mahajanga,MG,Maputo,MZ
Satipo,PE,Lima,PE
El Pla de Santa Maria,ES,Marseille,FR
La Grande,US,Spokane,US
Hastings,NZ,Wellington,NZ
Jacksonville,US,Denver,US
Zamora,EC,Lima,PE
Phnom Penh,KH,Chennai,IN
Faridabad,IN,New Delhi,IN
Víctor Larco Herrera,PE,Lima,PE
Bristol,US,Columbus,US
Kassala,SD,Tel Aviv,IL
Glencoe,US,Omaha,US
Kokomo,US,Columbus,US
Anuradhapura,LK,Chennai,IN
Caacupé,PY,Florianopolis,BR
Corrientes,AR,Florianopolis,BR
Sharon,US,San Francisco Bay Area,US
KwaDukuza,ZA,Cape Town,ZA
Polis,CY,Tel Aviv,IL
Al Jabīn,YE,Doha,QA
Karnataka,IN,Chennai,IN
General Santos,PH,Hong Kong,HK
Viry-Châtillon,FR,Paris,FR
Sennori,IT,Marseille,FR
Blaine,US,Omaha,US
Maputo,MZ,Maputo,MZ
Wichita Falls,US,Omaha,US
Rosebank,ZA,Johannesburg,ZA
Al Burayj,PS,Tel Aviv,IL
Male,MV,Chennai,IN
Passi,PH,Hong Kong,HK
Dhaka,BD,New Delhi,IN
Carrières-sur-Seine,FR,Paris,FR
Betsiamites,CA,Moncton,CA
Black Diamond,US,Seattle,US
Novato,US,San Francisco Bay Area,US
Kalimoni,KE,Nairobi,KE
St. Stephen,CA,Moncton,CA
Gold River,CA,Seattle,US
Clive,US,Omaha,US
Zarqa,JO,Tel Aviv,IL
Fontenay-sous-Bois,FR,Paris,FR
Shelbyville,US,Columbus,US
Felixton,ZA,Johannesburg,ZA
Woodburn,US,Portland,US
Whanganui,NZ,Auckland,NZ
Winnipeg,CA,Winnipeg,CA
Sammamish,US,Seattle,US
Kathwana,KE,Nairobi,KE
Birkdale,NZ,Auckland,NZ
Oamaru,NZ,Wellington,NZ
Indio,US,Denver,US
Olifantsfontein,ZA,Cape Town,ZA
Green River,US,Denver,US
Huamachuco,PE,Lima,PE
Provo,US,Salt Lake City,US
Frankston East,AU,Perth,AU
Pasco,PE,Lima,PE
Maysilo,PH,Hong Kong,HK
Queensburgh,ZA,Cape Town,ZA
Dambai,GH,Lagos,NG
Moiano,IT,Marseille,FR
New Carlisle,CA,Moncton,CA
Dealesville,ZA,Johannesburg,ZA
Coeur d'Alene,US,Spokane,US
Durango,US,Denver,US
Freeport,TT,Omaha,US
Ankeny,US,Omaha,US
Chihuahua,MX,Monterrey,MX
Passo Fundo,BR,Florianopolis,BR
Sanaa,YE,Johannesburg,ZA
Joinville-le-Pont,FR,Paris,FR
Leawood,US,Omaha,US
Sunray,US,Denver,US
Cabo Corrientes Municipality,MX,Monterrey,MX
Waikato Region,NZ,Auckland,NZ
Owerri,NG,Lagos,NG
Springbok,ZA,Johannesburg,ZA
Ventanilla,PE,Lima,PE
Mileto,IT,Marseille,FR
Clearwater,US,Omaha,US
Wellington,NZ,Wellington,NZ
El Sobrante,US,Salt Lake City,US
Durban,ZA,Maputo,MZ
Lawrenceville,US,San Francisco Bay Area,US
Panvel,IN,Mumbai,IN
Margaret River,AU,Perth,AU
Dumas,US,Denver,US
Sandton,ZA,Johannesburg,ZA
Stoneham,US,Denver,US
Diepkloof Zone 5,ZA,Johannesburg,ZA
García,MX,Monterrey,MX
Joypurhat,BD,New Delhi,IN
Villaspeciosa,IT,Marseille,FR
Blantyre,MW,Maputo,MZ
Biot,FR,Marseille,FR
Fruitvale,CA,Spokane,US
Mounds View,US,Omaha,US
Gridley,US,San Francisco Bay Area,US
Ndola,ZM,Johannesburg,ZA
Soweto,ZA,Johannesburg,ZA
Caplan,CA,Moncton,CA
Madison Heights,US,Columbus,US
Hope,NZ,Wellington,NZ
Paraparaumu,NZ,Wellington,NZ
Gonnosfanadiga,IT,Marseille,FR
Leandro N. Alem,AR,Florianopolis,BR
Paspebiac,CA,Moncton,CA
Siliqua,IT,Marseille,FR
Gualaquiza,EC,Lima,PE
Villeneuve,FR,Marseille,FR
Nigel,ZA,Johannesburg,ZA
Lewisham,GB,Paris,FR
San Tan Valley,US,Seattle,US
Muli,MV,Chennai,IN
Okanagan Falls,CA,Spokane,US
Mount Pearl,CA,Moncton,CA
Kitabatake,JP,Seoul,KR
Berkeley,US,San Francisco Bay Area,US
Biltine,TD,Lagos,NG
Otaki,NZ,Wellington,NZ
Paternò,IT,Marseille,FR
Carabayllo,PE,Lima,PE
Heroica Matamoros,MX,Monterrey,MX
Robertson,ZA,Cape Town,ZA
Apia,WS,Auckland,NZ
Nanterre,FR,Paris,FR
Roseville,US,Omaha,US
Longview,US,Spokane,US
East Palo Alto,US,San Francisco Bay Area,US
Woodbine,US,Omaha,US
Comas,PE,Lima,PE
Aitkin,US,Winnipeg,CA
Chehalis,US,Seattle,US
Kamikoga,JP,Seoul,KR
Grand Island,US,Omaha,US
Beaverton,US,Seattle,US
Fresno,US,San Francisco Bay Area,US
Morrinsville,NZ,Auckland,NZ
Al Ḩazm,YE,Doha,QA
L'Isle-Verte,CA,Moncton,CA
Kalamunda,AU,Perth,AU
Gampaha,LK,Chennai,IN
Coatesville,US,Omaha,US
Wheat Ridge,US,Denver,US
West Valley City,US,Salt Lake City,US
Melbourne,AU,Perth,AU
Chiclayo,PE,Lima,PE
Mokelumne Hill,US,San Francisco Bay Area,US
Transfer,US,Columbus,US
Kekaha,US,Honolulu,US
Omdurman,SD,Nairobi,KE
Maroua,CM,Nairobi,KE
Greenbush,US,Winnipeg,CA
Santa Clara,US,San Francisco Bay Area,US
Waipahu,US,Honolulu,US
Badalgama Ihala,LK,Chennai,IN
Ngozi,BI,Nairobi,KE
Fairview,NZ,Wellington,NZ
Mulifanua,WS,Auckland,NZ
Onitsha,NG,Nairobi,KE
Toliara,MG,Maputo,MZ
Panabá,MX,Monterrey,MX
Port-Daniel,CA,Moncton,CA
Ulan Bator,MN,Seoul,KR
Port-Cartier,CA,Moncton,CA
Cap-Chat,CA,Moncton,CA
Bairnsdale,AU,Perth,AU
Castelsardo,IT,Marseille,FR
Brakpan,ZA,Cape Town,ZA
Gitarama,RW,Nairobi,KE
Tremblay-en-France,FR,Paris,FR
Engineer,KE,Nairobi,KE
Albertina,ZA,Johannesburg,ZA
Lihue,US,Honolulu,US
Tainan City,TW,Taipei,TW
Assiniboia,CA,Winnipeg,CA
Kealakekua,US,Honolulu,US
Fort Collins,US,Denver,US
Aradhippou,CY,Tel Aviv,IL
Kingman,US,Las Vegas,US
Sowa,BW,Johannesburg,ZA
Pago Pago,AS,Auckland,NZ
Matapédia,CA,Moncton,CA
Wamego,US,Omaha,US
Belle,US,Spokane,US
Ranala,LK,Chennai,IN
Mabalacat,PH,Hong Kong,HK
Grande Pointe,CA,Winnipeg,CA
Ja Ela,LK,Chennai,IN
Mamoudzou,YT,Maputo,MZ
Granite Bay,US,San Francisco Bay Area,US
New Delhi,IN,Mumbai,IN
Serramanna,IT,Marseille,FR
Shediac,CA,Moncton,CA
Casper,US,Denver,US
San Jose,PH,Hong Kong,HK
Bulawayo,ZW,Johannesburg,ZA
Saint-Louis,RE,Johannesburg,ZA
Pasteros,MX,Monterrey,MX
Botshabelo,ZA,Johannesburg,ZA
Windsor,CA,Columbus,US
Brighton,NZ,Auckland,NZ
Kennewick,US,Seattle,US
Calgary,CA,Winnipeg,CA
Guadalupe,MX,Monterrey,MX
Kowloon Bay,HK,Taipei,TW
Élancourt,FR,Paris,FR
Onrus,ZA,Cape Town,ZA
Levin,NZ,Wellington,NZ
Elota,MX,Monterrey,MX
Socorro,US,Denver,US
Creighton,ZA,Johannesburg,ZA
Ataq,YE,Doha,QA
Norsup,VU,Auckland,NZ
Osogbo,NG,Lagos,NG
Atherton,US,San Francisco Bay Area,US
Cebu City,PH,Taipei,TW
Freemans Bay,NZ,Auckland,NZ
Kuna,US,Spokane,US
Caltavuturo,IT,Marseille,FR
South Gate,US,San Francisco Bay Area,US
San Bernardino,PY,Florianopolis,BR
Sucúa,EC,Lima,PE
Kaleden,CA,Spokane,US
Zinjibār,YE,Doha,QA
Chandigarh,IN,New Delhi,IN
Sainte-Anne-des-Monts,CA,Moncton,CA
Nellis Air Force Base,US,Las Vegas,US
Bakers Hill,AU,Perth,AU
Belmont,AU,Perth,AU
Mountain Ranch,US,San Francisco Bay Area,US
Pateros,PH,Hong Kong,HK
Lisses,FR,Paris,FR
Chisamba,ZM,Johannesburg,ZA
Brighton,US,Denver,US
Temuka,NZ,Wellington,NZ
Lone Tree,US,Denver,US
Asaba,NG,Lagos,NG
Areguá,PY,Florianopolis,BR
Massy,FR,Paris,FR
Sherwood Park,CA,Spokane,US
Laconi,IT,Marseille,FR
Thornton,US,Denver,US
Walnut Creek,US,San Francisco Bay Area,US
Moratuwa,LK,Chennai,IN
Willenhall,GB,Omaha,US
Mont-Joli,CA,Moncton,CA
Chiclín,PE,Lima,PE
Lashibi,GH,Lagos,NG
Somerset West,ZA,Johannesburg,ZA
Denver,US,Seattle,US
Glenfield,NZ,Auckland,NZ
Newman,US,San Francisco Bay Area,US
Astoria,US,San Francisco Bay Area,US
Reynosa,MX,Monterrey,MX
Porac,PH,Hong Kong,HK
Orlando East,ZA,Johannesburg,ZA
Granjas Familiares la Paz,MX,Monterrey,MX
Okere Falls,NZ,Wellington,NZ
Macará,EC,Lima,PE
Sousse,TN,Marseille,FR
Carterton,NZ,Wellington,NZ
Stratford,NZ,Wellington,NZ
Sant'Antonio di Gallura,IT,Marseille,FR
Ceduna,AU,Perth,AU
Kakata,LR,Lagos,NG
Clarkson,AU,Perth,AU
Tiruchirappalli,IN,Chennai,IN
Saint-Benoît,RE,Maputo,MZ
Pecos,US,Denver,US
Pueblo,US,Denver,US
Taihape,NZ,Wellington,NZ
Oliver,CA,Seattle,US
Thiesi,IT,Marseille,FR
Katsuren-higa,JP,Taipei,TW
Vitrolles,FR,Marseille,FR
Rennes,FR,Paris,FR
Packington,CA,Moncton,CA
Drancy,FR,Paris,FR
Dillon,US,Denver,US
Humansdorp,ZA,Johannesburg,ZA
Bloomingdale,US,Omaha,US
Ajo,US,Las Vegas,US
Horton,US,Omaha,US
Antananarivo,MG,Johannesburg,ZA
Pato Branco,BR,Florianopolis,BR
Yakima,US,Seattle,US
Cactus,US,Denver,US
Bingham Farms,US,Columbus,US
Three Forks,US,Salt Lake City,US
Morelos,MX,Monterrey,MX
Kowloon City,HK,Mumbai,IN
Arbus,IT,Marseille,FR
Petite Île,RE,Maputo,MZ
Pasig-bo,PH,Hong Kong,HK
Limassol,CY,Tel Aviv,IL
Pine Grove,US,Denver,US
Grants,US,Denver,US
Ivry-sur-Seine,FR,Paris,FR
Greymouth,NZ,Wellington,NZ
El Olvido,MX,Monterrey,MX
Gasa,BT,New Delhi,IN
Kuzugawa,JP,Seoul,KR
L'Entre-Deux,RE,Maputo,MZ
Massakory,TD,Nairobi,KE
Aubervilliers,FR,Paris,FR
Shrewsbury,US,Las Vegas,US
Octeville-sur-Mer,FR,Paris,FR
Lehi,US,Seattle,US
Nughedu San Nicolò,IT,Marseille,FR
Kahuro,KE,Nairobi,KE
Colombo,LK,Chennai,IN
Lewiston,US,Spokane,US
Ames,US,Omaha,US
Creston,CA,Spokane,US
Magny-les-Hameaux,FR,Paris,FR
Edmonds,US,Seattle,US
Bentley,AU,Perth,AU
Píllaro,EC,Lima,PE
Plettenberg Bay,ZA,Johannesburg,ZA
Monclova,MX,Monterrey,MX
Yanchep,AU,Perth,AU
Gypsum,US,Denver,US
Kegalle,LK,Chennai,IN
Jesus Maria,PE,Lima,PE
Edmonton,CA,Spokane,US
Sacramento,US,San Francisco Bay Area,US
Culiacán,MX,Monterrey,MX
Port Vila,VU,Auckland,NZ
George,ZA,Johannesburg,ZA
Kalaw,MM,Hong Kong,HK
Delareyville,ZA,Cape Town,ZA
Hartenbos,ZA,Johannesburg,ZA
Dosso,NE,Lagos,NG
Gavoi,IT,Marseille,FR
Bacolod City,PH,Taipei,TW
Prescott Valley,US,San Francisco Bay Area,US
Lake Country,CA,Seattle,US
Orem,US,Salt Lake City,US
Cerro Colorado,PE,Lima,PE
Stuttgart,DE,Paris,FR
Hawthorndale,NZ,Wellington,NZ
Noisy-le-Sec,FR,Paris,FR
Te Kauwhata,NZ,Auckland,NZ
Tourcoing,FR,Paris,FR
Pharr,US,Monterrey,MX
Safotu,WS,Auckland,NZ
Al Wakrah,QA,Doha,QA
Napier City,NZ,Auckland,NZ
Gaza,PS,Tel Aviv,IL
Udugampola,LK,Chennai,IN
Jerash,JO,Tel Aviv,IL
Coleford,GB,Omaha,US
Port Lincoln,AU,Perth,AU
Lourdes-de-Blanc-Sablon,CA,Moncton,CA
Kano,NG,Lagos,NG
Des Moines,US,Denver,US
Kuwanoyama,JP,Seoul,KR
Greenfield,US,Columbus,US
Salfīt,PS,Tel Aviv,IL
Delta,US,Omaha,US
Zerfaliu,IT,Marseille,FR
Brentwood,US,Las Vegas,US
Englewood,US,Denver,US
Santa Paolina,IT,Marseille,FR
Pretoria,ZA,Johannesburg,ZA
Portoviejo,EC,Lima,PE
Twin Falls,US,Spokane,US
Springbok,ZA,Cape Town,ZA
New Port Richey,US,Seattle,US
Ate,PE,Lima,PE
Richland,US,Spokane,US
Atikokan,CA,Winnipeg,CA
Nelspruit,ZA,Johannesburg,ZA
Saint-Alexis-de-Matapédia,CA,Moncton,CA
San Antonio Primero,PH,Hong Kong,HK
Christiana,ZA,Cape Town,ZA
L'Étang-Salé,RE,Johannesburg,ZA
Pioneer,US,San Francisco Bay Area,US
West Fargo,US,Winnipeg,CA
Châteauneuf-les-Martigues,FR,Marseille,FR
Globe,US,Las Vegas,US
Coahuila,MX,Monterrey,MX
South San Francisco,US,San Francisco Bay Area,US
Conception Bay South,CA,Moncton,CA
Saint-Louis,RE,Maputo,MZ
Pendleton,US,Seattle,US
Henegama,LK,Chennai,IN
Happy Valley,US,Portland,US
Rexburg,US,Salt Lake City,US
Tirupur,IN,Chennai,IN
Pohénégamook,CA,Moncton,CA
San Mateo,US,San Francisco Bay Area,US
Kazashi,JP,Seoul,KR
Minnetonka,US,Omaha,US
Oliena,IT,Marseille,FR
Iluka,AU,Perth,AU
Mennecy,FR,Marseille,FR
Thohoyandou,ZA,Cape Town,ZA
Navolato,MX,Monterrey,MX
Correia Pinto,BR,Florianopolis,BR
Mission,CA,Seattle,US
Rangiora,NZ,Auckland,NZ
Sanaa,YE,Nairobi,KE
Delta,CA,Seattle,US
Mountlake Terrace,US,Seattle,US
North Salt Lake,US,Salt Lake City,US
Saint-André,RE,Johannesburg,ZA
Ludhiana,IN,New Delhi,IN
Bedfordview,ZA,Johannesburg,ZA
Gardnerville,US,San Francisco Bay Area,US
Reno,US,San Francisco Bay Area,US
Humansdorp,ZA,Cape Town,ZA
Jarabacoa,DO,Omaha,US
Isale,BI,Nairobi,KE
Ciudad del Este,PY,Florianopolis,BR
Port Orchard,US,Seattle,US
La Victoria,PE,Lima,PE
Paris,FR,Paris,FR
Caraquet,CA,Moncton,CA
Nogales,US,Las Vegas,US
Villeurbanne,FR,Paris,FR
Suva,FJ,Auckland,NZ
Miami Gardens,US,Seattle,US
Wanaka,NZ,Wellington,NZ
Glen Innes,AU,Perth,AU
Silay,PH,Hong Kong,HK
Soleminis,IT,Marseille,FR
Albert Lea,US,Denver,US
Nice,FR,Marseille,FR
Meedhoo,MV,Chennai,IN
Buellton,US,San Francisco Bay Area,US
Torcy,FR,Paris,FR
West Roxbury,US,San Francisco Bay Area,US
Waihi,NZ,Auckland,NZ
Tauranga,NZ,Auckland,NZ
Catigbian,PH,Hong Kong,HK
Abomey,BJ,Lagos,NG
Trujillo,PE,Lima,PE
Beira,MZ,Maputo,MZ
Bungoma,KE,Nairobi,KE
Batangas,PH,Hong Kong,HK
York,US,Columbus,US
Lerdo,MX,Monterrey,MX
Salmo,CA,Spokane,US
Las Piñas de Julcuy,EC,Lima,PE
Cariamanga,EC,Lima,PE
Regina,CA,Winnipeg,CA
Warren Park D,ZW,Maputo,MZ
Avignon,FR,Marseille,FR
Mill Valley,US,San Francisco Bay Area,US
Blanco,US,Spokane,US
Les Trois-Bassins,RE,Johannesburg,ZA
Janjanbureh,GM,Lagos,NG
Tekeli,KZ,New Delhi,IN
Upper Hutt,NZ,Auckland,NZ
Aldama,MX,Monterrey,MX
Saint-Siméon,CA,Moncton,CA
Lima,PE,Lima,PE
Bluff,NZ,Auckland,NZ
Saint-Gilles les Bains,RE,Maputo,MZ
Noida,IN,Mumbai,IN
Whangamata,NZ,Auckland,NZ
West Fargo,US,Salt Lake City,US
Paján,EC,Lima,PE
Salitrillo,MX,Monterrey,MX
Bras Panon,RE,Maputo,MZ
Maricopa,US,Denver,US
East White Plains,US,Omaha,US
Sainte-Suzanne,RE,Johannesburg,ZA
Portage la Prairie,CA,Omaha,US
Bandele,YT,Nairobi,KE
West Jefferson,US,Columbus,US
Hluhluwe,ZA,Johannesburg,ZA
Rathdrum,US,Spokane,US
Auckland,NZ,Wellington,NZ
Mitchells Plain,ZA,Cape Town,ZA
Ciudad Valles,MX,Monterrey,MX
Maputo,MZ,Johannesburg,ZA
Villepinte,FR,Paris,FR
Boksburg,ZA,Johannesburg,ZA
Domusnovas,IT,Marseille,FR
Ikorodu,NG,Lagos,NG
Hoquiam,US,Seattle,US
Kaneohe,US,Seattle,US
Catacaos,PE,Lima,PE
Pleasant Grove,US,Salt Lake City,US
San Bruno,US,San Francisco Bay Area,US
Wellton,US,Las Vegas,US
Norton,ZW,Maputo,MZ
Port Elizabeth,ZA,Cape Town,ZA
Del Rio,US,Monterrey,MX
North Plains,US,Portland,US
Ciudad Obregón,MX,Monterrey,MX
Indianapolis,US,Columbus,US
Woodsfield,US,Columbus,US
Eugene,US,Seattle,US
Onitsha,NG,Lagos,NG
Thompson,CA,Winnipeg,CA
Lhuentse,BT,New Delhi,IN
Gerona,PH,Hong Kong,HK
Mazatlán,MX,Monterrey,MX
Indore,IN,Mumbai,IN
Ascot,AU,Perth,AU
San Giovanni Suergiu,IT,Marseille,FR
Barcelona,ES,Marseille,FR
Les Pavillons-sous-Bois,FR,Paris,FR
Stepantsminda,GE,Tel Aviv,IL
Dehiwala,LK,Chennai,IN
Imus,PH,Hong Kong,HK
Arles,FR,Marseille,FR
Bishop,US,San Francisco Bay Area,US
Broomfield,US,Denver,US
Olympia,US,Seattle,US
Kafue,ZM,Johannesburg,ZA
Lynnwood,US,Seattle,US
Grand Forks,CA,Seattle,US
Chino,US,San Francisco Bay Area,US
Guyancourt,FR,Marseille,FR
San Vicente de Cañete,PE,Lima,PE
Homagama,LK,Chennai,IN
Point Arena,US,San Francisco Bay Area,US
Laḩij,YE,Doha,QA
Atlantic Mine,US,Omaha,US
Kingston,US,San Francisco Bay Area,US
Los Alamos,US,Denver,US
Gallup,US,Denver,US
Westland,US,Columbus,US
Hercules,US,San Francisco Bay Area,US
Noisy-le-Grand,FR,Paris,FR
Grand Forks,US,Winnipeg,CA
Hughesville,US,Las Vegas,US
Itauguá,PY,Florianopolis,BR
Feuquières-en-Vimeu,FR,Paris,FR
Nederland,US,Denver,US
Chico,US,San Francisco Bay Area,US
West Bank,PS,Tel Aviv,IL
Mount Pleasant,US,Seattle,US
Linwood,US,Omaha,US
Vermillion,US,Omaha,US
Talara,PE,Lima,PE
King City,CA,Moncton,CA
Mosier,US,Portland,US
Rio Vista,US,San Francisco Bay Area,US
Ciudad Madero,MX,Monterrey,MX
Saint-André,RE,Maputo,MZ
Villa,PE,Lima,PE
Phoenix,ZA,Cape Town,ZA
Dzhezkazgan,KZ,New Delhi,IN
Tolcayuca,MX,Monterrey,MX
Villeneuve-la-Garenne,FR,Paris,FR
Cranbourne South,AU,Perth,AU
Queen Creek,US,Las Vegas,US
Wennappuwa,LK,Chennai,IN
Ibarreta,AR,Florianopolis,BR
Felixton,ZA,Cape Town,ZA
Chennai,IN,Chennai,IN
Fuwayriţ,QA,Doha,QA
Acworth,US,Omaha,US
West Kelowna,CA,Seattle,US
Draper,US,Salt Lake City,US
Salt Lake City,US,Las Vegas,US
Rustenburg,ZA,Johannesburg,ZA
Huaquillas,EC,Lima,PE
Matsusaka,JP,Seoul,KR
Dhamār,YE,Doha,QA
Choisy-le-Roi,FR,Marseille,FR
Nampa,US,Salt Lake City,US
Carlyle,US,San Francisco Bay Area,US
Kalutara,LK,Chennai,IN
Delta,NG,Lagos,NG
Tracadie–Sheila,CA,Moncton,CA
Kearny,US,Las Vegas,US
San Pedro One,PH,Hong Kong,HK
Terrace Bay,CA,Winnipeg,CA
Thiruvananthapuram,IN,Chennai,IN
Abakaliki,NG,Lagos,NG
Cottesloe,AU,Perth,AU
Ōma,JP,Seoul,KR
Naic,PH,Hong Kong,HK
Yurimaguas,PE,Lima,PE
Calgary,CA,Spokane,US
Toamasina,MG,Maputo,MZ
Erie,US,Denver,US
Modesto,US,San Francisco Bay Area,US
Malakoff,FR,Paris,FR
Tom Price,AU,Perth,AU
Fernando de la Mora,PY,Florianopolis,BR
Kaikohe,NZ,Auckland,NZ
Winslow,US,Las Vegas,US
Villamassargia,IT,Marseille,FR
Johnstown,US,Denver,US
Santa Catarina,MX,Monterrey,MX
Moctezuma,MX,Monterrey,MX
Bayqonyr,KZ,New Delhi,IN
Clayton,US,San Francisco Bay Area,US
Warri,NG,Lagos,NG
Tambo Grande,PE,Lima,PE
Cromwell,NZ,Wellington,NZ
Saint-Vianney,CA,Moncton,CA
Ishigaki,JP,Seoul,KR
Saumalkol',KZ,New Delhi,IN
Pianopoli,IT,Marseille,FR
Chorrillos,PE,Lima,PE
Indian Mountain,CA,Moncton,CA
Esu,JP,Taipei,TW
Muhanga District,RW,Nairobi,KE
Elk Grove,US,San Francisco Bay Area,US
Victoria Falls,ZW,Johannesburg,ZA
Noyon,FR,Paris,FR
Manchester,GB,Paris,FR
Edenvale,ZA,Johannesburg,ZA
Nsawam,GH,Lagos,NG
Saint-Ouen,FR,Paris,FR
San Francisco de Macorís,DO,Omaha,US
El Sobrante,US,San Francisco Bay Area,US
Peyton,US,Denver,US
New Holland,US,Omaha,US
Yangon,MM,Chennai,IN
Tours,FR,Omaha,US
Pedro Juan Caballero,PY,Florianopolis,BR
Piedras Negras,MX,Monterrey,MX
Malakanovka,KZ,New Delhi,IN
Winkler,CA,Omaha,US
Bengaluru,IN,Mumbai,IN
Quezon,PH,Hong Kong,HK
Casma,PE,Lima,PE
Kochchikade,LK,Chennai,IN
Cabo San Lucas,MX,Monterrey,MX
Nantes,FR,Paris,FR
Lake Oswego,US,Portland,US
Woodmead,ZA,Johannesburg,ZA
Vernon,CA,Seattle,US
Johannesburg,ZA,Cape Town,ZA
Liberty Lake,US,Spokane,US
Elfrida,US,San Francisco Bay Area,US
Sur,OM,Doha,QA
Calgary,CA,Omaha,US
Hyderabad,IN,Chennai,IN
Vellore,IN,Mumbai,IN
West St. Paul,CA,Omaha,US
Épinay-sur-Seine,FR,Paris,FR
Cave Creek,US,Las Vegas,US
Montemorelos,MX,Monterrey,MX
Shymkent,KZ,New Delhi,IN
Bruges,FR,Paris,FR
Porirua,NZ,Auckland,NZ
Rivière-au-Tonnerre,CA,Moncton,CA
Airway Heights,US,Spokane,US
North Lauderdale,US,San Francisco Bay Area,US
Delhi,IN,New Delhi,IN
Bras Panon,RE,Johannesburg,ZA
Whangarei,NZ,Auckland,NZ
Hayma',OM,Doha,QA
Jorhat,IN,New Delhi,IN
Nairobi,KE,Nairobi,KE
Santaquin,US,San Francisco Bay Area,US
Chevallum,AU,Perth,AU
Text corpus,AR,Florianopolis,BR
San Antonio de Valle Hermoso,MX,Monterrey,MX
Pesquería,MX,Monterrey,MX
Tacna,PE,Lima,PE
Napier City,NZ,Wellington,NZ
Highlands Ranch,US,Denver,US
Leavenworth,US,Omaha,US
Kitwe,ZM,Johannesburg,ZA
Vereeniging,ZA,Johannesburg,ZA
East Wenatchee,US,Seattle,US
Taichung,TW,Taipei,TW
Mi Perú,PE,Lima,PE
Mossel Bay,ZA,Cape Town,ZA
Lakeland,US,Seattle,US
Mombasa,KE,Nairobi,KE
Pune,IN,Mumbai,IN
Mizohori,JP,Seoul,KR
Paralímni,CY,Tel Aviv,IL
Raetihi,NZ,Wellington,NZ
Highflats,ZA,Johannesburg,ZA
Santa,PE,Lima,PE
Sweet,US,Salt Lake City,US
Paoli,US,Denver,US
Miraflores,PE,Lima,PE
Moose Jaw,CA,Winnipeg,CA
Bobigny,FR,Paris,FR
Gouvieux,FR,Paris,FR
Al `Udhaybah ash Shamaliyah,OM,Doha,QA
Folsom,US,San Francisco Bay Area,US
McClellan Park,US,San Francisco Bay Area,US
Khartoum,SD,Nairobi,KE
Warren,US,Columbus,US
Bancroft,US,Omaha,US
Tauranga,NZ,Wellington,NZ
Pleasant View,US,Denver,US
Villacidro,IT,Marseille,FR
Alamogordo,US,Denver,US
Kensington,CA,Moncton,CA
Payette,US,Spokane,US
Ohoka,NZ,Wellington,NZ
Clamart,FR,Paris,FR
Bothell,US,Seattle,US
Tacurong,PH,Hong Kong,HK
Helena,US,Spokane,US
Corner Brook,CA,Moncton,CA
Pamandzi,YT,Maputo,MZ
Rolleston,NZ,Auckland,NZ
Ussana,IT,Marseille,FR
Biloxi,US,San Francisco Bay Area,US
Mountain View,US,San Francisco Bay Area,US
Huaraz,PE,Lima,PE
Helderkruin,ZA,Johannesburg,ZA
Wichita,US,Omaha,US
Ibadan,NG,Lagos,NG
Niwot,US,Denver,US
Padru,IT,Marseille,FR
Pleasant Hill,US,San Francisco Bay Area,US
Mbabane,SZ,Johannesburg,ZA
Isando,ZA,Omaha,US
Westerville,US,Columbus,US
San Juan,PE,Lima,PE
Lehi,US,Salt Lake City,US
Cedar City,US,Salt Lake City,US
Monrovia,LR,Lagos,NG
Juba,SS,Nairobi,KE
Víctor Rosales,MX,Monterrey,MX
Bathurst,CA,Moncton,CA
Incheon,KR,Seoul,KR
Santa Elena,EC,Lima,PE
South Jordan,US,Salt Lake City,US
Jouy-le-Moutier,FR,Paris,FR
Kaduna,NG,Lagos,NG
Hacienda Ibarra,EC,Lima,PE
Maroua,CM,Lagos,NG
Montevideo,US,Omaha,US
Abidjan,CI,Lagos,NG
Cottage Grove,US,Omaha,US
Chililabombwe,ZM,Johannesburg,ZA
Gisborne,NZ,Wellington,NZ
Belo Horizonte,BR,Florianopolis,BR
Ambato,EC,Lima,PE
Hadibu,YE,Doha,QA
Hanatate,JP,Seoul,KR
Pabillonis,IT,Marseille,FR
Al Ghaydah al Khadra',YE,Doha,QA
Matsapha,SZ,Maputo,MZ
Moncton,CA,Moncton,CA
Doha,QA,Doha,QA
Kyzylorda,KZ,New Delhi,IN
West Des Moines,US,Omaha,US
Saint-Pierre,RE,Johannesburg,ZA
Olmos,PE,Lima,PE
Santa Cruz,PH,Hong Kong,HK
Saint-Honoré-de-Témiscouata,CA,Moncton,CA
Kempton Park,ZA,Johannesburg,ZA
Palau,IT,Marseille,FR
Lautoka,FJ,Auckland,NZ
Heidelberg,ZA,Johannesburg,ZA
Bryanston,ZA,Cape Town,ZA
San Antonio,US,San Francisco Bay Area,US
Bultfontein,ZA,Johannesburg,ZA
Pleasanton,US,San Francisco Bay Area,US
Patea,NZ,Auckland,NZ
Antananarivo,MG,Maputo,MZ
Rumbek,SS,Nairobi,KE
Papeete,PF,Auckland,NZ
Villaurbana,IT,Marseille,FR
Bay City,US,Portland,US
Loja,EC,Lima,PE
Beli Manastir,HR,Paris,FR
Pannala,LK,Chennai,IN
Niamey,NE,Lagos,NG
Petite-Île,RE,Maputo,MZ
Aurora,US,Denver,US
Yuma,US,San Francisco Bay Area,US
Ulaangom,MN,Seoul,KR
Sharjah,AE,Doha,QA
Radawana South,LK,Chennai,IN
North Las Vegas,US,Las Vegas,US
Saint-Etienne,FR,Marseille,FR
Bujumbura,BI,Nairobi,KE
Navi Mumbai,IN,Mumbai,IN
La Courneuve,FR,Paris,FR
Yungay,PE,Lima,PE
Camano,US,Seattle,US
Mora,US,Denver,US
Tashkent,UZ,New Delhi,IN
Port Townsend,US,Seattle,US
Flin Flon,CA,Winnipeg,CA
Trinidad,US,Denver,US
Chanhassen,US,Omaha,US
Temirtau,KZ,New Delhi,IN
Andoharanofotsy,MG,Johannesburg,ZA
Tortolì,IT,Marseille,FR
Madaba,JO,Tel Aviv,IL
Meridian,US,Seattle,US
Kampala,UG,Nairobi,KE
Negombo,LK,Chennai,IN
Pakenham,AU,Perth,AU
Santiago de Surco,PE,Lima,PE
's-Gravenzande,NL,Omaha,US
Nyeri,KE,Nairobi,KE
Taipa,MO,Hong Kong,HK
Ébolowa,CM,Lagos,NG
Jalandhar,IN,New Delhi,IN
Oromocto,CA,Moncton,CA
New Windsor,NZ,Auckland,NZ
Stróvolos,CY,Tel Aviv,IL
Buea,CM,Lagos,NG
Yambio,SS,Nairobi,KE
Cape Coast,GH,Lagos,NG
Malé,MV,Chennai,IN
Solferino,IT,Tel Aviv,IL
Watsonville,US,San Francisco Bay Area,US
North Gosford,AU,Perth,AU
Villa Elisa,PY,Florianopolis,BR
Sigsig,EC,Lima,PE
Cotonou,BJ,Lagos,NG
Lufilufi,WS,Auckland,NZ
Sainte-Foy-lès-Lyon,FR,Marseille,FR
Muyinga,BI,Maputo,MZ
Antsiranana,MG,Maputo,MZ
Minneapolis,US,Omaha,US
Gaborone,BW,Johannesburg,ZA
Dilijan,AM,Tel Aviv,IL
Alberton,ZA,Johannesburg,ZA
Bridger,US,Spokane,US
Chūōdai,JP,Seoul,KR
Palestine,PS,Tel Aviv,IL
Chingola,ZM,Johannesburg,ZA
Keewatin,CA,Winnipeg,CA
Henrico,US,Denver,US
Contes,FR,Marseille,FR
Kapolei,US,Honolulu,US
Maun,BW,Johannesburg,ZA
Saint-Denis,RE,Maputo,MZ
Peoria,US,Denver,US
Cagliari,IT,Marseille,FR
Sussargues,FR,Marseille,FR
Del Norte,US,Denver,US
Turlock,US,San Francisco Bay Area,US
Gonnoscodina,IT,Marseille,FR
Sangandaan,PH,Hong Kong,HK
Wellpinit,US,Spokane,US
San Francisco,US,San Francisco Bay Area,US
Hillsboro,US,Portland,US
Cable Bay,NZ,Auckland,NZ
South Sioux City,US,Omaha,US
Whitby,CA,San Francisco Bay Area,US
Denver City,US,Denver,US
Montpellier,FR,Marseille,FR
Spokane Valley,US,Spokane,US
Fatima,CA,Moncton,CA
Roy,US,Salt Lake City,US
Eaton Rapids,US,Denver,US
Muizenberg,ZA,Cape Town,ZA
Akroúnta,CY,Tel Aviv,IL
Cutervo,PE,Lima,PE
Hollister,US,San Francisco Bay Area,US
Haru,JP,Seoul,KR
Englewood,US,Seattle,US
Pantin,FR,Paris,FR
Palaiseau,FR,Paris,FR
Buckeye,US,Las Vegas,US
Rivonia,ZA,Cape Town,ZA
Fargo,US,Omaha,US
Caxias do Sul,BR,Florianopolis,BR
Ciénega de Flores,MX,Monterrey,MX
Golden Grove,AU,Perth,AU
Ekangala,ZA,Cape Town,ZA
McCordsville,US,Columbus,US
Catacocha,EC,Lima,PE
Viry-Châtillon,FR,Marseille,FR
Midrand,ZA,Johannesburg,ZA
Clarence,US,Omaha,US
Laredo,PE,Lima,PE
Coalville,US,Salt Lake City,US
Gaspé,CA,Moncton,CA
Matamoros,MX,Monterrey,MX
Saint-Leu,RE,Johannesburg,ZA
Babahoyo,EC,Lima,PE
Carleton-sur-Mer,CA,Moncton,CA
Kamloops,CA,Seattle,US
Minot,US,Winnipeg,CA
Windhoek,NA,Maputo,MZ
Quezon City,PH,Hong Kong,HK
Ajman,AE,Doha,QA
Gurjaani,GE,Tel Aviv,IL
Waukee,US,Omaha,US
Coahuila,MX,Omaha,US
Woodford Green,GB,Las Vegas,US
Eden Prairie,US,Omaha,US
Cupertino,US,San Francisco Bay Area,US
Sainte-Suzanne,RE,Maputo,MZ
Saint Agatha,US,Moncton,CA
Saipipi,WS,Auckland,NZ
Belton,US,Omaha,US
Bunbury,AU,Perth,AU
Marana,US,Las Vegas,US
Diyatalawa,LK,Chennai,IN
Ramah,US,Las Vegas,US
Ottumwa,US,Seattle,US
Luganville,VU,Auckland,NZ
Shelton,US,Seattle,US
Rabak,SD,Tel Aviv,IL
Nemby,PY,Florianopolis,BR
Kaminukushina,JP,Seoul,KR
Saltillo,MX,Monterrey,MX
Nagpur,IN,Chennai,IN
Sun City,US,Seattle,US
Papamoa,NZ,Wellington,NZ
Kaiapoi,NZ,Wellington,NZ
Aden,YE,Nairobi,KE
Maputo Province,MZ,Maputo,MZ
Palmerston North,NZ,Wellington,NZ
Cebu City,PH,Hong Kong,HK
Swellendam,ZA,Johannesburg,ZA
Horseshoe Bend,US,Salt Lake City,US
Nablus,PS,Tel Aviv,IL
Wattala,LK,Chennai,IN
Clatskanie,US,San Francisco Bay Area,US
Zhangaözen,KZ,Tel Aviv,IL
Vaadhoo,MV,Chennai,IN
Rancho Cordova,US,San Francisco Bay Area,US
Bozeman,US,Spokane,US
Riddells Creek,AU,Perth,AU
Ashburton,NZ,Wellington,NZ
Calaocan District,PH,Taipei,TW
Mandurah,AU,Perth,AU
Millendon,AU,Perth,AU
Huaral,PE,Lima,PE
Ramallah,PS,Tel Aviv,IL
Masterton,NZ,Wellington,NZ
Puyallup,US,Seattle,US
Sri Jayewardenepura Kotte,LK,Chennai,IN
Clovis,US,San Francisco Bay Area,US
Snohomish,US,Seattle,US
Merced,US,San Francisco Bay Area,US
Pemba,MZ,Maputo,MZ
Greenville,US,San Francisco Bay Area,US
Harare,ZW,Johannesburg,ZA
Bend,US,Portland,US
Castilla,PE,Lima,PE
New Albany,US,Columbus,US
Larkspur,US,Denver,US
Umm Şalāl Muḩammad,QA,Doha,QA
Muhanga District,RW,Maputo,MZ
Port Alberni,CA,Seattle,US
Springdale,US,Seattle,US
Logan,US,San Francisco Bay Area,US
Milnerton,ZA,Cape Town,ZA
Kent,US,Seattle,US
Algodones,US,Denver,US
Ébano,MX,Monterrey,MX
Silverthorne,US,Denver,US
Halifax,CA,Moncton,CA
Salt Lake City,US,Salt Lake City,US
Durango,MX,Monterrey,MX
Listuguj,CA,Moncton,CA
Minga Guazú,PY,Florianopolis,BR
Dunedin,NZ,Auckland,NZ
Manila,PH,Hong Kong,HK
Mthatha,ZA,Johannesburg,ZA
Huacho,PE,Lima,PE
Belgrade,US,Spokane,US
Windsor Heights,US,Omaha,US
Carhuaz,PE,Lima,PE
Sioux Lookout,CA,Winnipeg,CA
Al Ain City,AE,Doha,QA
Salina,US,Columbus,US
Xai-Xai,MZ,Maputo,MZ
Tolleson,US,Salt Lake City,US
Bullsbrook,AU,Perth,AU
Poitiers,FR,Paris,FR
La Ravine des Cabris,RE,Johannesburg,ZA
Thrissur,IN,New Delhi,IN
Spring Grove,US,Columbus,US
Lapta,CY,Tel Aviv,IL
Le Plessis-Robinson,FR,Marseille,FR
Temecula,US,San Francisco Bay Area,US
Dartmouth,CA,Moncton,CA
Cajamarca,PE,Lima,PE
San Carlos,US,San Francisco Bay Area,US
Pimentel,IT,Marseille,FR
Punta Colorada,PE,Lima,PE
Abbotsford,CA,Seattle,US
Dayton,US,Columbus,US
Inver Grove Heights,US,Omaha,US
Villa Tapia,DO,Omaha,US
Salalah,OM,Doha,QA
Springs,ZA,Johannesburg,ZA
Gueugnon,FR,Paris,FR
Le Tampon,RE,Johannesburg,ZA
Missoula,US,Seattle,US
Minamikatae,JP,Seoul,KR
Colonia Wanda,AR,Florianopolis,BR
Caaguazú,PY,Florianopolis,BR
Kahului,US,Honolulu,US
Santa Ana,AR,Florianopolis,BR
Saint-Pierre-lès-Nemours,FR,Paris,FR
Kwinana,AU,Perth,AU
Collégien,FR,Paris,FR
Laredo,US,Monterrey,MX
Scotts Valley,US,San Francisco Bay Area,US
Rio Rancho,US,Denver,US
São Paulo,BR,Florianopolis,BR
Lewis Center,US,Columbus,US
Upper Moutere,NZ,Wellington,NZ
Troutdale,US,Portland,US
Barranca,PE,Lima,PE
Laveen,US,Las Vegas,US
Federal Way,US,Seattle,US
Dunedin,NZ,Wellington,NZ
Goddard,US,Denver,US
Ha,BT,New Delhi,IN
Al Khor,QA,Doha,QA
Beauvais,FR,Paris,FR
‘Aiea,US,Honolulu,US
Deraniyagala,LK,Chennai,IN
Hornsby,AU,Perth,AU
Chihuahua City,MX,Monterrey,MX
Auckland,NZ,Auckland,NZ
Concord,US,San Francisco Bay Area,US
Panabo,PH,Hong Kong,HK
Hermosillo,MX,Las Vegas,US
Bultei,IT,Marseille,FR
Ypacarai,PY,Florianopolis,BR
Zwelitsha,ZA,Johannesburg,ZA
Fredericton Junction,CA,Moncton,CA
Jenin,PS,Tel Aviv,IL
Meyreuil,FR,Paris,FR
China,MX,Monterrey,MX
Richmond,NZ,Auckland,NZ
Limay,PH,Hong Kong,HK
Healdsburg,US,San Francisco Bay Area,US
Loveland,US,Denver,US
Pasco,US,Seattle,US
Sandpoint,US,Spokane,US
La Rivière,RE,Johannesburg,ZA
Coatepec,MX,Monterrey,MX
Three Forks,US,Spokane,US
Cabras,IT,Marseille,FR
Newmarket,NZ,Auckland,NZ
Salazie,RE,Maputo,MZ
Brisbane,US,San Francisco Bay Area,US
Menlo Park,US,San Francisco Bay Area,US
Blenheim,NZ,Wellington,NZ
Morrison,US,Denver,US
Tsqaltubo,GE,Tel Aviv,IL
Dubai,AE,Doha,QA
Dogondoutchi,NE,Lagos,NG
Paulilatino,IT,Marseille,FR
Mongo,TD,Lagos,NG
Mason,US,Columbus,US
Gilbert,US,Salt Lake City,US
Christchurch,NZ,Wellington,NZ
Kennewick,US,Spokane,US
Salinas,US,San Francisco Bay Area,US
Massakory,TD,Lagos,NG
Battaramulla,LK,Chennai,IN
Khan Yunis,PS,Tel Aviv,IL
Sydney Olympic Park,AU,Perth,AU
Eydhafushi,MV,Chennai,IN
Grande-Vallée,CA,Moncton,CA
Apodaca,MX,Monterrey,MX
Yenagoa,NG,Lagos,NG
Santa Rosa,US,San Francisco Bay Area,US
Gatundu,KE,Nairobi,KE
Wenatchee,US,Seattle,US
Mbabane,SZ,Maputo,MZ
Encarnación,PY,Florianopolis,BR
La Saline les Bains,RE,Maputo,MZ
Bountiful,US,Salt Lake City,US
Foster City,US,San Francisco Bay Area,US
Villa de Cos,MX,Monterrey,MX
Gesturi,IT,Marseille,FR
Clichy,FR,Paris,FR
Voinjama,LR,Lagos,NG
Nakuru,KE,Nairobi,KE
Kochi,IN,Chennai,IN
Osilo,IT,Marseille,FR
Louis Trichardt,ZA,Johannesburg,ZA
Qormi,MT,Paris,FR
Galloway,US,Columbus,US
Dubai,AE,Mumbai,IN
Delicias,MX,Monterrey,MX
Greenbushes,AU,Perth,AU
North Platte,US,Denver,US
Lodwar,KE,Nairobi,KE
Ḩajjah,YE,Doha,QA
Clyde North,AU,Perth,AU
Ignacio,US,Denver,US
El Fahs,TN,Marseille,FR
Daga,BT,New Delhi,IN
Boksburg,ZA,Cape Town,ZA
Darling,ZA,Cape Town,ZA
Ruyigi,BI,Nairobi,KE
Dewalapola,LK,Chennai,IN
Deir el-Balah,PS,Tel Aviv,IL
Sanaa Governorate,YE,Doha,QA
Saddle Brook,US,Seattle,US
Kawerau,NZ,Auckland,NZ
San Isidro,PE,Lima,PE
Rikillagaskada,LK,Chennai,IN
Albuquerque,US,Seattle,US
Capioví,AR,Florianopolis,BR
Surulere,NG,Lagos,NG
San Nicolás de los Garza,MX,Monterrey,MX
Phoenix,US,Las Vegas,US
Bhopal,IN,New Delhi,IN
Roberts,US,Spokane,US
Callao,PE,Lima,PE
Centennial,US,Denver,US
Chandler,CA,Moncton,CA
Edenvale,ZA,Maputo,MZ
Miguel Auza,MX,Monterrey,MX
Mitakihommachi,JP,Seoul,KR
Jaipur,IN,New Delhi,IN
Agalawatta,LK,Chennai,IN
Amman,JO,Tel Aviv,IL
Muthallath al Azraq,JO,Tel Aviv,IL
La Ravine des Cabris,RE,Maputo,MZ
Magdalena del Mar,PE,Lima,PE
Laton,US,San Francisco Bay Area,US
Coronel Oviedo,PY,Florianopolis,BR
Irbid,JO,Tel Aviv,IL
Ukiah,US,San Francisco Bay Area,US
Fremont,US,San Francisco Bay Area,US
Salida,US,Denver,US
St Francis Bay,ZA,Cape Town,ZA
Athurugiriya,LK,Chennai,IN
Paso de Ovejas,MX,Monterrey,MX
Rockingham,AU,Perth,AU
Paita,PE,Lima,PE
Yangon,MM,Hong Kong,HK
Astana,KZ,New Delhi,IN
Curitiba,BR,Florianopolis,BR
Firestone,US,Denver,US
Duck Lake,CA,Winnipeg,CA
Machava,MZ,Maputo,MZ
Palo Alto,US,San Francisco Bay Area,US
Spanish Fork,US,Salt Lake City,US
Denver,US,Denver,US
Revigny-sur-Ornain,FR,Paris,FR
Saltillito,MX,Monterrey,MX
Carlisle,US,Columbus,US
Almaty,KZ,New Delhi,IN
Eugene,US,Portland,US
Zacatecas City,MX,Monterrey,MX
Khartoum North,SD,Doha,QA
Patiāla,IN,New Delhi,IN
Kathmandu,NP,New Delhi,IN
Jeddah,SA,Doha,QA
Sainte-Martine,CA,Moncton,CA
Kamikatsuki,JP,Seoul,KR
Prior Lake,US,San Francisco Bay Area,US
Chepén,PE,Lima,PE
Vasse,AU,Perth,AU
General Zuazua,MX,Monterrey,MX
Abuja,NG,Lagos,NG
Minuwangoda,LK,Chennai,IN
Kawate,JP,Seoul,KR
Rangiora,NZ,Wellington,NZ
Ottumwa,US,Omaha,US
Montmorency,FR,Paris,FR
Colorado Springs,US,Denver,US
Manzanillo,MX,Monterrey,MX
Futsukaichiminami,JP,Seoul,KR
Levallois-Perret,FR,Paris,FR
Gandhinagar,IN,Mumbai,IN
Mantes-la-Ville,FR,Paris,FR
Mtsamboro,YT,Maputo,MZ
Victoria,PH,Hong Kong,HK
Chimbote,PE,Lima,PE
Gainesville,US,Salt Lake City,US
Tongatapu,TO,Auckland,NZ
Izumo,JP,Seoul,KR
Castelnau-le-Lez,FR,Paris,FR
Goiânia,BR,Florianopolis,BR
Lincoln,US,Omaha,US
Evergreen,US,Denver,US
Puente Piedra,PE,Lima,PE
Santiago,PH,Hong Kong,HK
Longmont,US,Denver,US
La Romaine,CA,Moncton,CA
Sayula de Alemán,MX,Monterrey,MX
Henderson,US,Denver,US
Piara Waters,AU,Perth,AU
Boulder,US,Denver,US
Orange Farm,ZA,Johannesburg,ZA
Hamaguchimachi,JP,Seoul,KR
Billings,US,San Francisco Bay Area,US
Tabwakea Village,KI,Honolulu,US
Surquillo,PE,Lima,PE
Issaquah,US,Seattle,US
Sucilá,MX,Monterrey,MX
Manzini,SZ,Johannesburg,ZA
Thembisa,ZA,Cape Town,ZA
Trinidad García de la Cadena,MX,Monterrey,MX
Gilroy,US,San Francisco Bay Area,US
Welch,US,Winnipeg,CA
Vicente de Carvalho,BR,Omaha,US
Cerrillos,US,Denver,US
Carson City,US,San Francisco Bay Area,US
Whyalla,AU,Perth,AU
Salem,IN,Chennai,IN
Timaru,NZ,Wellington,NZ
Kabwe,ZM,Johannesburg,ZA
Pasaje,EC,Lima,PE
Stevensville,US,San Francisco Bay Area,US
Kalubowila,LK,Chennai,IN
Williams Lake,CA,Seattle,US
Farmington,US,Salt Lake City,US
Bayfield,US,Omaha,US
Hankey,ZA,Johannesburg,ZA
Hacienda Macas de Pazmiño,EC,Lima,PE
Uafato,WS,Auckland,NZ
Signes,FR,Marseille,FR
Caledon,ZA,Cape Town,ZA
Huancayo,PE,Lima,PE
Calvinia,ZA,Johannesburg,ZA
Napa,US,San Francisco Bay Area,US
Banjul,GM,Lagos,NG
Boulogne-Billancourt,FR,Paris,FR
Tarapoto,PE,Lima,PE
Bellevue,US,Seattle,US
Ruwa,ZW,Maputo,MZ
Ganemulla,LK,Chennai,IN
Galewela,LK,Chennai,IN
El Prado,US,Denver,US
Lille,FR,Paris,FR
Skokloster Castle,SE,Doha,QA
Waimate,NZ,Wellington,NZ
Dankotuwa Town,LK,Chennai,IN
Vélizy-Villacoublay,FR,Paris,FR
Puducherry,IN,Mumbai,IN
Lamèque,CA,Moncton,CA
Stonewall,CA,Omaha,US
Sardis,US,Columbus,US
Palm Harbor,US,Seattle,US
San Miguel,PE,Lima,PE
Medical Lake,US,Spokane,US
Sparks,US,San Francisco Bay Area,US
Lima Cercado,PE,Lima,PE
Duvall,US,Seattle,US
Fargo,US,Winnipeg,CA
Ha Kwai Chung,HK,Hong Kong,HK
Clearfield,US,Salt Lake City,US
Grand Junction,US,Denver,US
L'Étang-Salé,RE,Maputo,MZ
Sambava,MG,Maputo,MZ
Igando,NG,Lagos,NG
Atlantic City,US,San Francisco Bay Area,US
Kosofe,NG,Lagos,NG
Port Harcourt,NG,Nairobi,KE
Miraflores District,PE,Lima,PE
Angono,PH,Hong Kong,HK
Mahibadhoo,MV,Chennai,IN
Ciudad Melchor Múzquiz,MX,Monterrey,MX
Dijon,FR,Paris,FR
Spanaway,US,Seattle,US
Aransas Pass,US,Monterrey,MX
Ales,IT,Marseille,FR
Liman Katagum,NG,Lagos,NG
San Salvador Atenco,MX,Monterrey,MX
Réunion,RE,Maputo,MZ
Massy,FR,Marseille,FR
Mackay,AU,Perth,AU
Dehiowita,LK,Chennai,IN
Agege,NG,Lagos,NG
Tubarão,BR,Florianopolis,BR
Yaoundé,CM,Lagos,NG
Whangaparaoa,NZ,Auckland,NZ
Sainte-Rose,RE,Maputo,MZ
Crosby,US,Winnipeg,CA
Hamilton,NZ,Wellington,NZ
Cadereyta Jiménez,MX,Monterrey,MX
Hadejia,NG,Lagos,NG
Eersterivier,ZA,Cape Town,ZA
Signes,FR,Paris,FR
Rajagiriya,LK,Chennai,IN
Tracy,US,San Francisco Bay Area,US
Karatau,KZ,New Delhi,IN
Balmoral,CA,Moncton,CA
Emalahleni,ZA,Cape Town,ZA
Tukwila,US,Seattle,US
Nairobi,KE,Maputo,MZ
San Pablo,US,San Francisco Bay Area,US
La Saline,RE,Maputo,MZ
Central Point,US,Seattle,US
Travnik,BA,Hong Kong,HK
Malito,IT,Marseille,FR
Jūnāgadh,IN,Mumbai,IN
Ragama,LK,Chennai,IN
West New York,US,San Francisco Bay Area,US
Miyakojima,JP,Taipei,TW
Odendaalsrus,ZA,Johannesburg,ZA
Rida`,YE,Doha,QA
Menasha,US,Omaha,US
Welkom,ZA,Cape Town,ZA
Paulshof,ZA,Johannesburg,ZA
Sumter,US,Las Vegas,US
Beallsville,US,Columbus,US
Villa Pilar,PY,Florianopolis,BR
Arroyos y Esteros,PY,Florianopolis,BR
Fairview Park,US,Columbus,US
Cumbres Elite,MX,Monterrey,MX
Tbilisi,GE,Tel Aviv,IL
Al Anşab,OM,Doha,QA
Elpitiya,LK,Chennai,IN
West Jordan,US,Salt Lake City,US
Joondalup,AU,Perth,AU
Chaclacayo,PE,Lima,PE
Lagamar,BR,Omaha,US
Monterrey,MX,Monterrey,MX
Nuraminis,IT,Marseille,FR
Albissola Marina,IT,Marseille,FR
Issy-les-Moulineaux,FR,Paris,FR
Silver Lake,US,Omaha,US
Apache Junction,US,Las Vegas,US
Papakura,NZ,Auckland,NZ
Jaffna,LK,Chennai,IN
Kato Polemidia,CY,Tel Aviv,IL
Mesa,US,Las Vegas,US
Al Bayda,YE,Doha,QA
Wallacetown,NZ,Wellington,NZ
Queenstown,NZ,Wellington,NZ
Aix-en-Provence,FR,Marseille,FR
Elfrida,US,Las Vegas,US
Benoni,ZA,Johannesburg,ZA
Les Milles,FR,Marseille,FR
Obrero,PY,Florianopolis,BR
Hokitika,NZ,Wellington,NZ
Dresser,US,Columbus,US
Roodepoort,ZA,Cape Town,ZA
Nishitokuzen,JP,Seoul,KR
Mésa Geitoniá,CY,Tel Aviv,IL
Saint-Joseph,RE,Johannesburg,ZA
Port Moody,CA,Seattle,US
Sanchong District,TW,Taipei,TW
Pasco,US,Salt Lake City,US
Ahmedabad,IN,Mumbai,IN
Nivithigala,LK,Chennai,IN
Abuja,NG,Portland,US
Trashi Yangtse,BT,New Delhi,IN
Hagonoy,PH,Hong Kong,HK
Saint-Louis-du-Ha Ha,CA,Moncton,CA
Fort Frances,CA,Omaha,US
Greeneville,US,Columbus,US
Toukra,TD,Lagos,NG
Elsie,US,Columbus,US
Cap-aux-Meules,CA,Moncton,CA
Lamas,PE,Lima,PE
Bremerton,US,Seattle,US
Pointe-aux-Trembles,CA,Moncton,CA
Shimoda,JP,Seoul,KR
Prairie Village,US,Omaha,US
Elko,US,Salt Lake City,US
Onrus,ZA,Johannesburg,ZA
Bend,US,Seattle,US
Calinog,PH,Hong Kong,HK
Florianópolis,BR,Florianopolis,BR
Maple Valley,US,Seattle,US
Mocha,YE,Doha,QA
Quinns Rocks,AU,Perth,AU
Oschiri,IT,Marseille,FR
Orlando,US,Salt Lake City,US
Lésigny,FR,Paris,FR
Rivière-aux-Outardes,CA,Moncton,CA
Bonorva,IT,Marseille,FR
Bron,FR,Paris,FR
Jericho,PS,Tel Aviv,IL
Rimouski,CA,Moncton,CA
Nuevo Laredo,MX,Monterrey,MX
Kumamoto,JP,Seoul,KR
Lanai,US,Honolulu,US
Shuluutayn Hiid,MN,Seoul,KR
Carnarvon,AU,Perth,AU
Layton,US,Salt Lake City,US
Saint-Fons,FR,Marseille,FR
Ruwī,OM,Doha,QA
Nugegoda,LK,Chennai,IN
Arvada,US,Denver,US
Santa Teresa Gallura,IT,Marseille,FR
Murfreesboro,US,Columbus,US
Rossland,CA,Spokane,US
Bindoon,AU,Perth,AU
Stellenbosch,ZA,Johannesburg,ZA
Brakpan,ZA,Johannesburg,ZA
Kuzuhara,JP,Seoul,KR
Pucallpa,PE,Lima,PE
Lichtenburg,ZA,Johannesburg,ZA
Miramichi,CA,Moncton,CA
Iwasaki,JP,Seoul,KR
Altamira,MX,Monterrey,MX
Magoodhoo,MV,Chennai,IN
Valledoria,IT,Marseille,FR
Tsalka,GE,Tel Aviv,IL
Portland,US,Seattle,US
Redmond,US,Seattle,US
Katsina,NG,Lagos,NG
Nozay,FR,Omaha,US
Homeland,US,San Francisco Bay Area,US
Saint-Philippe,RE,Maputo,MZ
Nasonworth,CA,Moncton,CA
Taumarunui,NZ,Auckland,NZ
Ibb,YE,Doha,QA
Grande Pointe,CA,Omaha,US
Moses Lake,US,Spokane,US
Buchanan,LR,Lagos,NG
Greenbrae,US,San Francisco Bay Area,US
Centreville,CA,Moncton,CA
Bururi,BI,Nairobi,KE
Cibitoke,BI,Maputo,MZ
Tissi,IT,Marseille,FR
Neola,US,Omaha,US
Loreto,EC,Lima,PE
Ruyenzi,RW,Nairobi,KE
Dhimrah,YE,Doha,QA
Parral,MX,Monterrey,MX
Rakwana,LK,Chennai,IN
Gracetown,AU,Perth,AU
Angel Fire,US,Denver,US
Hiawatha,US,Omaha,US
Mars,US,San Francisco Bay Area,US
American Fork,US,Salt Lake City,US
Ciudad Victoria,MX,Monterrey,MX
Stoney Point,CA,Columbus,US
Ciudad Cuauhtémoc,MX,Monterrey,MX
Gauchy,FR,Paris,FR
Ahome,MX,Monterrey,MX
Nurachi,IT,Marseille,FR
Everett,US,Seattle,US
Sioux Falls,US,Omaha,US
Gémenos,FR,Marseille,FR
Vauréal,FR,Paris,FR
West Busselton,AU,Perth,AU
Silver Lake,US,Winnipeg,CA
Ogimachi,JP,Seoul,KR
Châtillon,FR,Paris,FR
Fresnillo,MX,Monterrey,MX
Stonewall,CA,Winnipeg,CA
Nelson,CA,Spokane,US
Capas,PH,Hong Kong,HK
Los Banos,US,San Francisco Bay Area,US
Chibougamau,CA,Moncton,CA
Calvinia,ZA,Cape Town,ZA
Orangeville,CA,Moncton,CA
Polokwane,ZA,Johannesburg,ZA
Nicosia,CY,Tel Aviv,IL
Piura,PE,Lima,PE
Plettenberg Bay,ZA,Cape Town,ZA
Puno,PE,Lima,PE
Saint-Herblain,FR,Paris,FR
Greenwood Village,US,Denver,US
Thohoyandou,ZA,Maputo,MZ
Tokyo,JP,Seoul,KR
Meyerton,ZA,Johannesburg,ZA
Zwedru,LR,Lagos,NG
Bain-de-Bretagne,FR,Paris,FR
Pueblo Libre,PE,Lima,PE
Olds,US,San Francisco Bay Area,US
Taguig,PH,Taipei,TW
White Salmon,US,Portland,US
Sibasa,ZA,Maputo,MZ
Trichardt,ZA,Cape Town,ZA
Quispamsis,CA,Moncton,CA
Athlone,ZA,Cape Town,ZA
Casa Blanca,US,Denver,US
El Guabo,EC,Lima,PE
Brandon,CA,Winnipeg,CA
Atbara,SD,Tel Aviv,IL
Lima,US,Columbus,US
Andrésy,FR,Paris,FR
Carcar,PH,Hong Kong,HK
Wolcott,US,Moncton,CA
Davis,US,San Francisco Bay Area,US
Rutana,BI,Nairobi,KE
Saint-Leu,RE,Maputo,MZ
Aden,YE,Doha,QA
San Fernando,MX,Monterrey,MX
Gori,GE,Tel Aviv,IL
Tangub,PH,Hong Kong,HK
Edmonton,CA,New Delhi,IN
Veyangoda,LK,Chennai,IN
Bay Village,US,Columbus,US
Naifaru,MV,Chennai,IN
Pabos,CA,Moncton,CA
Littleton,US,Denver,US
Westport,NZ,Wellington,NZ
Palestina,EC,Lima,PE
La Maddalena,IT,Marseille,FR
Dund-Urt,MN,Seoul,KR
Port Sudan,SD,Tel Aviv,IL
Tete,MZ,Maputo,MZ
Jenner,US,San Francisco Bay Area,US
El Agustino,PE,Lima,PE
Bwari,NG,Lagos,NG
Catania,IT,Marseille,FR
Gander,CA,Moncton,CA
Lacey,US,Seattle,US
Millersville,US,Columbus,US
Zinder,NE,Lagos,NG
Osoyoos,CA,Seattle,US
Tepatitlán de Morelos,MX,Monterrey,MX
Kolkata,IN,New Delhi,IN
Osaka,JP,Seoul,KR
Franconville,FR,Paris,FR
Niverville,CA,Winnipeg,CA
Sunnyvale,US,San Francisco Bay Area,US
Otago,NZ,Wellington,NZ
Kapaau,US,Honolulu,US
Kiribathgoda,LK,Chennai,IN
Yantzaza,EC,Lima,PE
Ţūbās,PS,Tel Aviv,IL
Bortigali,IT,Marseille,FR
Shakopee,US,Omaha,US
Villarrica,PY,Florianopolis,BR
Saint-Paul,RE,Maputo,MZ
Reims,FR,Paris,FR
Imārat Umm al Qaywayn,AE,Doha,QA
Sini,IT,Marseille,FR
Empangeni,ZA,Johannesburg,ZA
Belfast,ZA,Johannesburg,ZA
Maurepas,FR,Paris,FR
Aqaba,JO,Tel Aviv,IL
East London,ZA,Johannesburg,ZA
Toledo,US,Columbus,US
Orangeburg,US,Omaha,US
Corte Madera,US,San Francisco Bay Area,US
Tarawa,KI,Auckland,NZ
Te Puke,NZ,Wellington,NZ
Roye,FR,Paris,FR
Germiston,ZA,Johannesburg,ZA
Bellingham,US,Seattle,US
Uhrichsville,US,San Francisco Bay Area,US
Hoopstad,ZA,Maputo,MZ
Makawao,US,Honolulu,US
Lompoc,US,San Francisco Bay Area,US
Maylands,AU,Perth,AU
Waitakaruru,NZ,Auckland,NZ
Mwaro,BI,Nairobi,KE
Winejok,SS,Nairobi,KE
Oakbank,CA,Winnipeg,CA
Ejido Culiacán (Culiacancito),MX,Monterrey,MX
Nayd al Kharb,YE,Doha,QA
Hebron,PS,Tel Aviv,IL
San Antonio,PY,Florianopolis,BR
Steamboat Springs,US,Denver,US
Wytheville,US,Columbus,US
Port Angeles,US,Seattle,US
Eagan,US,San Francisco Bay Area,US
Woodlands,NZ,Wellington,NZ
Mount Carmel,US,Columbus,US
Campbell,US,San Francisco Bay Area,US
Marseille,FR,Marseille,FR
Dhale,YE,Doha,QA
Eagle,US,Salt Lake City,US
Litchfield Park,US,Las Vegas,US
Henderson,US,Las Vegas,US
Fish Town,LR,Lagos,NG
Ayorou,NE,Lagos,NG
Kanombe,RW,Nairobi,KE
Williams,US,Las Vegas,US
Hope,CA,Seattle,US
SeaTac,US,Seattle,US
Rapid City,US,Denver,US
Piton Sainte-Rose,RE,Maputo,MZ
San Pedro,MX,Monterrey,MX
Ngou,CM,Lagos,NG
Raton,US,Denver,US
Parker,US,Denver,US
New-Richmond,CA,Moncton,CA
Hernandarias,PY,Florianopolis,BR
Marysville,US,Seattle,US
San Francisco de Las Lajas,EC,Lima,PE
Forest Range,AU,Perth,AU
Mayahi,NE,Lagos,NG
Felidhoo,MV,Chennai,IN
Abu Dhabi,AE,Doha,QA
McCarran,US,San Francisco Bay Area,US
Hamilton,CA,Winnipeg,CA
Campbell River,CA,Seattle,US
Kigali,RW,Nairobi,KE
Bakersfield,US,San Francisco Bay Area,US
Waimate,NZ,Auckland,NZ
Black Canyon City,US,Las Vegas,US
Villamar,IT,Marseille,FR
Colomiers,FR,Paris,FR
La Paz,PH,Hong Kong,HK
Alexandra,NZ,Wellington,NZ
Grand Falls-Windsor,CA,Moncton,CA
Tsukinora,JP,Seoul,KR
Burton-on-Trent,GB,Paris,FR
Pisco,PE,Lima,PE
Eagle,US,Denver,US
Saint-Denis,FR,Paris,FR
Greenacres,US,Spokane,US
Creston,CA,Seattle,US
Cameron Park,US,San Francisco Bay Area,US
Clatskanie,US,Portland,US
Hawesville,US,Columbus,US
Iqaluit,CA,Moncton,CA
Kandy,LK,Chennai,IN
Moquegua,PE,Lima,PE
Abuja,NG,Nairobi,KE
Funadhoo,MV,Chennai,IN
Norbello,IT,Marseille,FR
Bolgatanga,GH,Lagos,NG
Navojoa,MX,Monterrey,MX
Santa Cruz,US,San Francisco Bay Area,US
Santa Fe,US,Denver,US
Highveld,ZA,Cape Town,ZA
San Lorenzo,PY,Florianopolis,BR
Grand Marais,US,Winnipeg,CA
Hermosillo Sahuaripa,MX,Monterrey,MX
Cape Town,ZA,Johannesburg,ZA
New Plymouth,NZ,Auckland,NZ
Mount Maunganui,NZ,Auckland,NZ
Lagos,NG,Nairobi,KE
Chachapoyas,PE,Lima,PE
Carapeguá,PY,Florianopolis,BR
Kyōzuka,JP,Seoul,KR
Peachland,CA,Seattle,US
Oxapampa,PE,Lima,PE
Goodwood,ZA,Johannesburg,ZA
Abingdon,US,Columbus,US
Fort Frances,CA,Winnipeg,CA
Kailua,US,Honolulu,US
Uri,IT,Marseille,FR
Chapala,MX,Monterrey,MX
Bethlehem,ZA,Johannesburg,ZA
Káto Lakatámeia,CY,Tel Aviv,IL
Muravera,IT,Marseille,FR
Acatlán de Juárez,MX,Monterrey,MX
Sharjah,AE,Mumbai,IN
Pahrump,US,Las Vegas,US
Kroonstad,ZA,Cape Town,ZA
Huichihuayan,MX,Monterrey,MX
Auburn,US,Seattle,US
Nizwá,OM,Doha,QA
Al Qadarif,SD,Doha,QA
Lima region,PE,Lima,PE
Hofmeyr,ZA,Johannesburg,ZA
Kurunegala,LK,Chennai,IN
150 Mile House,CA,Seattle,US
Yumi,JP,Seoul,KR
Serrekunda,GM,Lagos,NG
Arbuckle,US,San Francisco Bay Area,US
Sequim,US,Seattle,US
Porto-Novo,BJ,Lagos,NG
Pocatello,US,Salt Lake City,US
San Josecito,CR,Denver,US
Recuay,PE,Lima,PE
Gonnesa,IT,Marseille,FR
Province of Zambales,PH,Hong Kong,HK
Hihifo,TO,Auckland,NZ
Saham,OM,Doha,QA
Nuwara Eliya,LK,Chennai,IN
Westville,ZA,Cape Town,ZA
Vénissieux,FR,Marseille,FR
Hartbeespoort,ZA,Johannesburg,ZA
Siniscola,IT,Marseille,FR
Saint-Noël,CA,Moncton,CA
Alexandra,ZA,Johannesburg,ZA
St. George,US,Las Vegas,US
Narammala,LK,Chennai,IN
San Juan de Lurigancho,PE,Lima,PE
Brasília,BR,Florianopolis,BR
Tampico,MX,Monterrey,MX
Bol,TD,Lagos,NG
Horawala Junction,LK,Chennai,IN
Gobernador Virasoro,AR,Florianopolis,BR
Okinawa,JP,Taipei,TW
Dunsborough,AU,Perth,AU
Villejuif,FR,Paris,FR
La Possession,RE,Johannesburg,ZA
Pindiga,NG,Lagos,NG
Saint-Elzéar-de-Témiscouata,CA,Moncton,CA
Port Nolloth,ZA,Cape Town,ZA
Martirano Lombardo,IT,Marseille,FR
Soledad de Graciano Sánchez,MX,Monterrey,MX
Dégelis,CA,Moncton,CA
Algiers,DZ,Paris,FR
Benicia,US,San Francisco Bay Area,US
Agadez,NE,Lagos,NG
Lower Hutt,NZ,Wellington,NZ
Macclenny,US,Columbus,US
Mosgiel,NZ,Wellington,NZ
Kushima,JP,Seoul,KR
Cheyenne,US,Denver,US
Ngaruawahia,NZ,Auckland,NZ
Combs-la-Ville,FR,Paris,FR
Antella,IT,Marseille,FR
Naples,US,Seattle,US
Rotorua,NZ,Auckland,NZ
Tooele,US,Salt Lake City,US
Santo Domingo de los Colorados,EC,Lima,PE
Watford City,US,Winnipeg,CA
Ölgii,MN,Seoul,KR
Montreuil,FR,Paris,FR
Sievierodonetsk,UA,Omaha,US
Iglesias,IT,Marseille,FR
Antsirabe,MG,Maputo,MZ
Thika,KE,Nairobi,KE
Vanderbijlpark,ZA,Johannesburg,ZA
Rutland,US,Omaha,US
Patea,NZ,Wellington,NZ
Vosloorus,ZA,Johannesburg,ZA
Warrensburg,US,Omaha,US
Eagle Pass,US,Monterrey,MX
Council Bluffs,US,Omaha,US
Luque,PY,Florianopolis,BR
Trois Pistoles,CA,Moncton,CA
Chaville,FR,Paris,FR
Ollastra,IT,Marseille,FR
Westminster,US,Denver,US
Conifer,US,Denver,US
Chambley,FR,Paris,FR
Huixtla,MX,Monterrey,MX
Koidu,SL,Lagos,NG
Quezon City,PH,Paris,FR
Invercargill,NZ,Wellington,NZ
Mandalay,MM,Chennai,IN
Milpitas,US,San Francisco Bay Area,US
Ras al-Khaimah,AE,Doha,QA
Ottana,IT,Marseille,FR
Empangeni,ZA,Cape Town,ZA
Roodepoort,ZA,Johannesburg,ZA
São Leopoldo,BR,Florianopolis,BR
Lagos,NG,Lagos,NG
Shippagan,CA,Moncton,CA
Hood River,US,Portland,US
Bonaventure,CA,Moncton,CA
San José del Cabo,MX,Monterrey,MX
Usini,IT,Marseille,FR
Boise,US,Seattle,US
Khartoum North,SD,Tel Aviv,IL
West Jordan,US,San Francisco Bay Area,US
Sainte-Anne,RE,Maputo,MZ
Gibsonia,US,Columbus,US
Matara,LK,Chennai,IN
Sullana,PE,Lima,PE
Paradise,CA,Moncton,CA
Orani,IT,Marseille,FR
Ekibastuz,KZ,New Delhi,IN
Funafuti,TV,Auckland,NZ
Indianola,US,Omaha,US
Selkirk,CA,Omaha,US
Saint-Eusèbe,CA,Moncton,CA
Nelson,NZ,Wellington,NZ
Tsunozuchō,JP,Seoul,KR
Riversdale,ZA,Cape Town,ZA
Tirupati,IN,Chennai,IN
N'Djamena,TD,Omaha,US
Bari Sardo,IT,Marseille,FR
Coatesville,US,Winnipeg,CA
Franklin,AU,Perth,AU
Golden,US,Denver,US
Huaytará,PE,Lima,PE
St. Helena,US,San Francisco Bay Area,US
Lavéra,FR,Marseille,FR
Kadawatha,LK,Chennai,IN
Alameda,US,San Francisco Bay Area,US
Ash Fork,US,Las Vegas,US
Eatonville,US,Seattle,US
Monastir,IT,Marseille,FR
Orotelli,IT,Marseille,FR
Arequipa,PE,Lima,PE
Las Cruces,US,Denver,US
Suurbraak,ZA,Johannesburg,ZA
Tacoma,US,Seattle,US
Fontana,US,San Francisco Bay Area,US
Bahawalpur,PK,Omaha,US
La Paz,BO,Lima,PE
Norton,US,Omaha,US
Ambāla,IN,New Delhi,IN
Cheney,US,Seattle,US
The Dalles,US,Portland,US
Calistoga,US,San Francisco Bay Area,US
Port Charlotte,US,Denver,US
Matane,CA,Moncton,CA
Hammond Park,AU,Perth,AU
Blythe,US,Las Vegas,US
Mukalla,YE,Doha,QA
Jurong Town,SG,Hong Kong,HK
Rustavi,GE,Tel Aviv,IL
Hayden,US,Spokane,US
Tema,GH,Lagos,NG
Paro,BT,New Delhi,IN
Rocklin,US,San Francisco Bay Area,US
Les Avirons,RE,Johannesburg,ZA
Ensuès-la-Redonne,FR,Marseille,FR
Vagharshapat,AM,Tel Aviv,IL
Hostotipaquillo,MX,Monterrey,MX
Korba,TN,Marseille,FR
Las Vegas,US,Las Vegas,US
Larnaca,CY,Tel Aviv,IL
Bandaragama,LK,Chennai,IN
Ceres,ZA,Cape Town,ZA
Chatsworth,ZA,Johannesburg,ZA
Rose Hill,US,Omaha,US
Castle Rock,US,Denver,US
Marneuli,GE,Tel Aviv,IL
Aldergrove,CA,Seattle,US
Idaho Falls,US,Seattle,US
Nouvelle,CA,Moncton,CA
Zenibako,JP,Seoul,KR
Roelands,AU,Perth,AU
Milan,IT,Marseille,FR
Muros,IT,Marseille,FR
La Paz,MX,Monterrey,MX
Suffern,US,Omaha,US
Gampola,LK,Chennai,IN
Vicente Guerrero,MX,Monterrey,MX
Huánuco,PE,Lima,PE
Hong Kong,HK,Hong Kong,HK
Saint-Didier-au-Mont-d'Or,FR,Paris,FR
Eloy,US,Las Vegas,US
Ste. Anne,CA,Winnipeg,CA
Sale,AU,Perth,AU
Serowe,BW,Johannesburg,ZA
Lundbreck,CA,Spokane,US
McConnelsville,US,Columbus,US
Lambaré,PY,Florianopolis,BR
Horana South,LK,Chennai,IN
San Jose,US,San Francisco Bay Area,US
Pietermaritzburg,ZA,Cape Town,ZA
Kinshasa,CD,Lagos,NG
Wapadrand,ZA,Johannesburg,ZA
Mtskheta,GE,Tel Aviv,IL
Port Harcourt,NG,Lagos,NG
Payson,US,Salt Lake City,US
Olifantsfontein,ZA,Johannesburg,ZA
Al Maḩwīt,YE,Doha,QA
Soest,NL,Amsterdam,NL
Glückstadt,DE,Amsterdam,NL
Groningen,NL,Amsterdam,NL
Arnhem,NL,Amsterdam,NL
Olfen,DE,Amsterdam,NL
Rosenheim,DE,Amsterdam,NL
Nijkerk,NL,Amsterdam,NL
Leiden,NL,Amsterdam,NL
Meppen,DE,Amsterdam,NL
Goch,DE,Amsterdam,NL
Burgwedel,DE,Amsterdam,NL
Almelo,NL,Amsterdam,NL
Hendrik-Ido-Ambacht,NL,Amsterdam,NL
Steinfurt,DE,Amsterdam,NL
Havixbeck,DE,Amsterdam,NL
Beusichem,NL,Amsterdam,NL
Kalkar,DE,Amsterdam,NL
Lippstadt,DE,Amsterdam,NL
Recklinghausen,DE,Amsterdam,NL
Twist,DE,Amsterdam,NL
Wijhe,NL,Amsterdam,NL
Rheezerveen,NL,Amsterdam,NL
Scherpenzeel,NL,Amsterdam,NL
Ganderkesee,DE,Amsterdam,NL
Heerlen,NL,Amsterdam,NL
Nes,NL,Amsterdam,NL
Heerhugowaard,NL,Amsterdam,NL
Capelle aan den IJssel,NL,Amsterdam,NL
Riedering,DE,Amsterdam,NL
Beverwijk,NL,Amsterdam,NL
Woold,NL,Amsterdam,NL
Isselburg,DE,Amsterdam,NL
Almere Stad,NL,Amsterdam,NL
Groß Reken,DE,Amsterdam,NL
Niedernhausen,DE,Amsterdam,NL
Mülheim,DE,Amsterdam,NL
Drensteinfurt,DE,Amsterdam,NL
Löffingen,DE,Amsterdam,NL
Varde,DK,Amsterdam,NL
Südlohn,DE,Amsterdam,NL
Toftlund,DK,Amsterdam,NL
Birstein,DE,Amsterdam,NL
Solingen,DE,Amsterdam,NL
Cologne,DE,Amsterdam,NL
Doetinchem,NL,Amsterdam,NL
Eindhoven,NL,Amsterdam,NL
Zevenbergen,NL,Amsterdam,NL
Dortmund,DE,Amsterdam,NL
Essen,DE,Amsterdam,NL
Zwaagdijk-Oost,NL,Amsterdam,NL
The Hague,NL,Amsterdam,NL
Rangsdorf,DE,Amsterdam,NL
Ahaus,DE,Amsterdam,NL
Deventer,NL,Amsterdam,NL
Xanten,DE,Amsterdam,NL
Halfweg,NL,Amsterdam,NL
Nettersheim,DE,Amsterdam,NL
Gelsenkirchen,DE,Amsterdam,NL
Haselünne,DE,Amsterdam,NL
Porta Westfalica,DE,Amsterdam,NL
Roelofarendsveen,NL,Amsterdam,NL
Lastrup,DE,Amsterdam,NL
Medemblik,NL,Amsterdam,NL
Stotzheim,DE,Amsterdam,NL
Bochum,DE,Amsterdam,NL
Oegstgeest,NL,Amsterdam,NL
Wehl,NL,Amsterdam,NL
Gladbeck,DE,Amsterdam,NL
Moers,DE,Amsterdam,NL
Stadtlohn,DE,Amsterdam,NL
Marl,DE,Amsterdam,NL
Kranenburg,DE,Amsterdam,NL
Halesowen,GB,Amsterdam,NL
Wesel,DE,Amsterdam,NL
Nijverdal,NL,Amsterdam,NL
Nieuw-Vennep,NL,Amsterdam,NL
Odenthal,DE,Amsterdam,NL
Delft,NL,Amsterdam,NL
Schiphol,NL,Amsterdam,NL
Ochtrup,DE,Amsterdam,NL
Laer,DE,Amsterdam,NL
Neukirchen-Vluyn,DE,Amsterdam,NL
Nordkirchen,DE,Amsterdam,NL
Rheinberg,DE,Amsterdam,NL
Kamp-Lintfort,DE,Amsterdam,NL
Offingen,DE,Amsterdam,NL
Borne,NL,Amsterdam,NL
Langenfeld,DE,Amsterdam,NL
Golub-Dobrzyń,PL,Amsterdam,NL
Helden,NL,Amsterdam,NL
Coesfeld,DE,Amsterdam,NL
Ledeacker,NL,Amsterdam,NL
Guelders,DE,Amsterdam,NL
Kevelaer,DE,Amsterdam,NL
Werne,DE,Amsterdam,NL
Weesp,NL,Amsterdam,NL
Oestrich-Winkel,DE,Amsterdam,NL
Haps,NL,Amsterdam,NL
Erp,NL,Amsterdam,NL
Groenlo,NL,Amsterdam,NL
Oude Meer,NL,Amsterdam,NL
Hüttenberg,DE,Amsterdam,NL
Haren,DE,Amsterdam,NL
Neuenkirchen,DE,Amsterdam,NL
Gescher,DE,Amsterdam,NL
Hellendoorn,NL,Amsterdam,NL
Traunstein,DE,Amsterdam,NL
Enschede,NL,Amsterdam,NL
Velen,DE,Amsterdam,NL
Mülheim-Kärlich,DE,Amsterdam,NL
Hoofddorp,NL,Amsterdam,NL
Oer-Erkenschwick,DE,Amsterdam,NL
Hanover,DE,Amsterdam,NL
Stadtallendorf,DE,Amsterdam,NL
Selm,DE,Amsterdam,NL
Horstmar,DE,Amsterdam,NL
Dinslaken,DE,Amsterdam,NL
Issum,DE,Amsterdam,NL
's-Hertogenbosch,NL,Amsterdam,NL
Waardenburg,NL,Amsterdam,NL
Lüdinghausen,DE,Amsterdam,NL
Hengelo,NL,Amsterdam,NL
Amstelveen,NL,Amsterdam,NL
Fahrenkrug,DE,Amsterdam,NL
Vianen,NL,Amsterdam,NL
Herne,DE,Amsterdam,NL
Bishkek,KG,Amsterdam,NL
Kerken,DE,Amsterdam,NL
Frankfurt am Main,DE,Amsterdam,NL
Lelystad,NL,Amsterdam,NL
IJmuiden,NL,Amsterdam,NL
Rotterdam,NL,Amsterdam,NL
Gronau,DE,Amsterdam,NL
Leutenbach,DE,Amsterdam,NL
Zeitlofs,DE,Amsterdam,NL
Stuttgart,DE,Amsterdam,NL
Pijnacker,NL,Amsterdam,NL
Dorsten,DE,Amsterdam,NL
Leeuwarden,NL,Amsterdam,NL
Lemelerveld,NL,Amsterdam,NL
Rodalben,DE,Amsterdam,NL
Herten,DE,Amsterdam,NL
Mierlo,NL,Amsterdam,NL
Kleinostheim,DE,Amsterdam,NL
Sommerhausen,DE,Amsterdam,NL
Emmeloord,NL,Amsterdam,NL
Rijswijk,NL,Amsterdam,NL
Borken,DE,Amsterdam,NL
Emsdetten,DE,Amsterdam,NL
Lengerich,DE,Amsterdam,NL
Rheine,DE,Amsterdam,NL
Haltern am See,DE,Amsterdam,NL
Duisburg,DE,Amsterdam,NL
Höchstädt an der Donau,DE,Amsterdam,NL
Günzburg,DE,Amsterdam,NL
Landgraaf,NL,Amsterdam,NL
Baiersbronn,DE,Amsterdam,NL
Voerde,DE,Amsterdam,NL
Solihull,GB,Amsterdam,NL
Emmerich,DE,Amsterdam,NL
Breda,NL,Amsterdam,NL
Neuenhaus,DE,Amsterdam,NL
Lingen,DE,Amsterdam,NL
Maarssen,NL,Amsterdam,NL
Kharkiv,UA,Amsterdam,NL
Senden,DE,Amsterdam,NL
Bottrop,DE,Amsterdam,NL
Oud-Beijerland,NL,Amsterdam,NL
Ahlen,DE,Amsterdam,NL
Fuldatal,DE,Amsterdam,NL
Düsseldorf,DE,Amsterdam,NL
Rosdorf,DE,Amsterdam,NL
Ratingen,DE,Amsterdam,NL
Nordhorn,DE,Amsterdam,NL
Oldenzaal,NL,Amsterdam,NL
Nijmegen,NL,Amsterdam,NL
Oberhausen,DE,Amsterdam,NL
Dülmen,DE,Amsterdam,NL
Naaldwijk,NL,Amsterdam,NL
Amsterdam,NL,Amsterdam,NL
Datteln,DE,Amsterdam,NL
Ostbevern,DE,Amsterdam,NL
Hergisdorf,DE,Amsterdam,NL
Spelle,DE,Amsterdam,NL
Koog aan de Zaan,NL,Amsterdam,NL
Amersfoort,NL,Amsterdam,NL
Kefalonia,GR,Athens,GR
Argos,GR,Athens,GR
Néa Alikarnassós,GR,Athens,GR
Ioannina,GR,Athens,GR
Alimos,GR,Athens,GR
Kifissia,GR,Athens,GR
Dilesi,GR,Athens,GR
Farsala,GR,Athens,GR
Papagou,GR,Athens,GR
Káto Achaḯa,GR,Athens,GR
Afidnes,GR,Athens,GR
Archanes,GR,Athens,GR
Spetses,GR,Athens,GR
Volos,GR,Athens,GR
Nea Liosia,GR,Athens,GR
Keratsini,GR,Athens,GR
Kavala,GR,Athens,GR
Heraklion,GR,Athens,GR
Beirut,LB,Athens,GR
Neo Faliro,GR,Athens,GR
Ágios Nikolaos,GR,Athens,GR
Lefkada,GR,Athens,GR
Chalandri,GR,Athens,GR
Samos,GR,Athens,GR
Amyntaio,GR,Athens,GR
Tragaki,GR,Athens,GR
Attica,GR,Athens,GR
Alexándreia,GR,Athens,GR
Attiki,GR,Athens,GR
Oía,GR,Athens,GR
Lixouri,GR,Athens,GR
Xánthi,GR,Athens,GR
Drama,GR,Athens,GR
Glyfáda,GR,Athens,GR
Paianía,GR,Athens,GR
Skýdra,GR,Athens,GR
Piraeus,GR,Athens,GR
Neos Marmaras,GR,Athens,GR
Voula,GR,Athens,GR
Márpissa,GR,Athens,GR
Karditsa,GR,Athens,GR
Vergina,GR,Athens,GR
Zakynthos,GR,Athens,GR
Polygyros,GR,Athens,GR
Argyroúpoli,GR,Athens,GR
Kapandríti,GR,Athens,GR
Sofádes,GR,Athens,GR
Mykonos,GR,Athens,GR
Pírgos,GR,Athens,GR
Irakleio,GR,Athens,GR
Arkalochóri,GR,Athens,GR
Elefsina,GR,Athens,GR
Agía Varvára,GR,Athens,GR
Chania,GR,Athens,GR
Moschato,GR,Athens,GR
Pigádia,GR,Athens,GR
Kozani,GR,Athens,GR
Eretria,GR,Athens,GR
Chalkidikí,GR,Athens,GR
Kranidi,GR,Athens,GR
Benghazi,LY,Athens,GR
Perissa,GR,Athens,GR
Kalymnos,GR,Athens,GR
Náousa,GR,Athens,GR
Deir el-Balah,PS,Athens,GR
Ágioi Anárgyroi,GR,Athens,GR
Kiato,GR,Athens,GR
Kyparíssi,GR,Athens,GR
Amphipolis,GR,Athens,GR
Khan Yunis,PS,Athens,GR
Preveza,GR,Athens,GR
Hersonissos,GR,Athens,GR
Stoúpa,GR,Athens,GR
Igoumenitsa,GR,Athens,GR
Peristerion,GR,Athens,GR
Vrilissia,GR,Athens,GR
Katerini,GR,Athens,GR
Elefthério,GR,Athens,GR
Nea Palatia,GR,Athens,GR
Marousi,GR,Athens,GR
Nea Gonia,GR,Athens,GR
Agios Dimitrios,GR,Athens,GR
Sfendámi,GR,Athens,GR
Thassos,GR,Athens,GR
Zagorá,GR,Athens,GR
Pýrgos,GR,Athens,GR
Metamorfosi,GR,Athens,GR
Aegina,GR,Athens,GR
Ilioúpoli,GR,Athens,GR
Al Burayj,PS,Athens,GR
Tavros,GR,Athens,GR
Glyfada,GR,Athens,GR
Kato Synoikia Trikalon,GR,Athens,GR
Agía Paraskeví,GR,Athens,GR
Corfu,GR,Athens,GR
Arta,GR,Athens,GR
Ptolemaida,GR,Athens,GR
Komotini,GR,Athens,GR
Acharnes,GR,Athens,GR
Didymóteicho,GR,Athens,GR
Perístasi,GR,Athens,GR
Ierapetra,GR,Athens,GR
Markopoulo Mesogaias,GR,Athens,GR
Krestena,GR,Athens,GR
Ermoupoli,GR,Athens,GR
Ágios Nikólaos,GR,Athens,GR
Fira,GR,Athens,GR
Výronas,GR,Athens,GR
Koropí,GR,Athens,GR
Polykastro,GR,Athens,GR
Kalambaka,GR,Athens,GR
Agrinio,GR,Athens,GR
Peristeri,GR,Athens,GR
Megara,GR,Athens,GR
Pérama,GR,Athens,GR
Nea Santa,GR,Athens,GR
Schimatari,GR,Athens,GR
Chalkidóna,GR,Athens,GR
Lamia,GR,Athens,GR
Emporeío,GR,Athens,GR
Yerakini,GR,Athens,GR
Pláka,GR,Athens,GR
Saronida,GR,Athens,GR
Xylokastro,GR,Athens,GR
Nicosia,CY,Athens,GR
Grevená,GR,Athens,GR
Filothéi,GR,Athens,GR
Platariá,GR,Athens,GR
Ástros,GR,Athens,GR
Sindos,GR,Athens,GR
Agia Varvara,GR,Athens,GR
Malia,GR,Athens,GR
Aigáleo,GR,Athens,GR
Grumo Nevano,IT,Athens,GR
Deskáti,GR,Athens,GR
Eláteia,GR,Athens,GR
Chalcis,GR,Athens,GR
Nea Moudania,GR,Athens,GR
Sparti,GR,Athens,GR
Meligalás,GR,Athens,GR
Kalamata,GR,Athens,GR
Portaria,GR,Athens,GR
Nablus,PS,Athens,GR
Nea Makri,GR,Athens,GR
Karlovasi,GR,Athens,GR
Aigio,GR,Athens,GR
Vári,GR,Athens,GR
Rizoúpoli,GR,Athens,GR
Galatsi,GR,Athens,GR
Véroia,GR,Athens,GR
Melíki,GR,Athens,GR
Cholargós,GR,Athens,GR
Týrnavos,GR,Athens,GR
Amman,JO,Athens,GR
Kos,GR,Athens,GR
Thebes,GR,Athens,GR
Kalávryta,GR,Athens,GR
Agios Nikolaos,GR,Athens,GR
Nikaia,GR,Athens,GR
Pallini,GR,Athens,GR
Old Faliron,GR,Athens,GR
Vonitsa,GR,Athens,GR
Trikala,GR,Athens,GR
Áno Liósia,GR,Athens,GR
Nafpaktos,GR,Athens,GR
Spata,GR,Athens,GR
Pythagóreio,GR,Athens,GR
Porto Cheli,GR,Athens,GR
Athens,GR,Athens,GR
Messolonghi,GR,Athens,GR
Petroúpolis,GR,Athens,GR
Livadeia,GR,Athens,GR
Glyka Nera,GR,Athens,GR
Petalídi,GR,Athens,GR
Melíssia,GR,Athens,GR
Rethymno,GR,Athens,GR
Korydallos,GR,Athens,GR
Vouliagméni,GR,Athens,GR
Olympia,GR,Athens,GR
Kallithea,GR,Athens,GR
Kilkis,GR,Athens,GR
Edessa,GR,Athens,GR
Kamatero,GR,Athens,GR
Zográfos,GR,Athens,GR
Naxos,GR,Athens,GR
Kalloní,GR,Athens,GR
Tyrós,GR,Athens,GR
Sitia,GR,Athens,GR
Áno Sýros,GR,Athens,GR
Ormylia,GR,Athens,GR
Lykóvrysi,GR,Athens,GR
Exarcheia,GR,Athens,GR
Otziás,GR,Athens,GR
Limassol,CY,Athens,GR
Chaïdári,GR,Athens,GR
Tripoli,GR,Athens,GR
Monoxilítai,GR,Athens,GR
Paloúkia,GR,Athens,GR
Aspropyrgos,GR,Athens,GR
Drapetsona,GR,Athens,GR
Nea Ionia,GR,Athens,GR
Pylaia,GR,Athens,GR
Serres,GR,Athens,GR
Amfilochía,GR,Athens,GR
Nafplion,GR,Athens,GR
Kolindrós,GR,Athens,GR
Kassandreia,GR,Athens,GR
Alexandroupoli,GR,Athens,GR
Irbid,JO,Athens,GR
Asvestochóri,GR,Athens,GR
Pátrai,GR,Athens,GR
Pefkochori,GR,Athens,GR
Karpathos,GR,Athens,GR
Loutsa,GR,Athens,GR
Chios,GR,Athens,GR
Elounda,GR,Athens,GR
Néa Smýrni,GR,Athens,GR
Larissa,GR,Athens,GR
Rhodes,GR,Athens,GR
Megalochori,GR,Athens,GR
Kastoria,GR,Athens,GR
Giannitsá,GR,Athens,GR
Salamina,GR,Athens,GR
Kaisarianí,GR,Athens,GR
Mytilene,GR,Athens,GR
Anatolí,GR,Athens,GR
Péfki,GR,Athens,GR
Paros,GR,Athens,GR
Corinth,GR,Athens,GR
Argostoli,GR,Athens,GR
Labège,FR,Barcelona,ES
Sant Antoni de Portmany,ES,Barcelona,ES
Barcelona,ES,Barcelona,ES
El Vendrell,ES,Barcelona,ES
Inca,ES,Barcelona,ES
Sant Cugat del Vallès,ES,Barcelona,ES
Vilanova i la Geltrú,ES,Barcelona,ES
Piera,ES,Barcelona,ES
Alginet,ES,Barcelona,ES
Villaverde del Río,ES,Barcelona,ES
Moià,ES,Barcelona,ES
Villanueva de Castellón,ES,Barcelona,ES
Altafulla,ES,Barcelona,ES
Xeraco,ES,Barcelona,ES
la Garriga,ES,Barcelona,ES
el Masnou,ES,Barcelona,ES
Olivella,ES,Barcelona,ES
Porto Cristo,ES,Barcelona,ES
Pineda de Mar,ES,Barcelona,ES
Esporles,ES,Barcelona,ES
Corbera de Llobregat,ES,Barcelona,ES
Santa Maria del Camí,ES,Barcelona,ES
Sant Esteve Sesrovires,ES,Barcelona,ES
Bilbao,ES,Barcelona,ES
Campo Olivar,ES,Barcelona,ES
Esparreguera,ES,Barcelona,ES
Palafrugell,ES,Barcelona,ES
Setla,ES,Barcelona,ES
Algiers,DZ,Barcelona,ES
Cartagena,ES,Barcelona,ES
la Pobla de Montornès,ES,Barcelona,ES
Vila-real,ES,Barcelona,ES
Premià de Mar,ES,Barcelona,ES
Vilanova del Camí,ES,Barcelona,ES
Jaca,ES,Barcelona,ES
Andorra la Vella,AD,Barcelona,ES
Torredembarra,ES,Barcelona,ES
Segur de Calafell,ES,Barcelona,ES
Ripollet,ES,Barcelona,ES
Los Palacios y Villafranca,ES,Barcelona,ES
Argentona,ES,Barcelona,ES
Gelida,ES,Barcelona,ES
Igualada,ES,Barcelona,ES
Tacoronte,ES,Barcelona,ES
Gurb,ES,Barcelona,ES
Montmeló,ES,Barcelona,ES
Begues,ES,Barcelona,ES
Benissa,ES,Barcelona,ES
Camós,ES,Barcelona,ES
Ames,ES,Barcelona,ES
Sant Feliu de Guíxols,ES,Barcelona,ES
Riudoms,ES,Barcelona,ES
Sant Feliu de Llobregat,ES,Barcelona,ES
Cabrils,ES,Barcelona,ES
Maçanet de la Selva,ES,Barcelona,ES
Benalmádena Costa,ES,Barcelona,ES
Caldes d'Estrac,ES,Barcelona,ES
Vielha e Mijaran,ES,Barcelona,ES
Caterham,GB,Barcelona,ES
Alboraya,ES,Barcelona,ES
Sant Feliu de Codines,ES,Barcelona,ES
Jaén,ES,Barcelona,ES
Lorca,ES,Barcelona,ES
Vallmoll,ES,Barcelona,ES
Santa Cristina de Aro,ES,Barcelona,ES
Santa Maria de Martorelles,ES,Barcelona,ES
Granadilla de Abona,ES,Barcelona,ES
Salt,ES,Barcelona,ES
Arteixo,ES,Barcelona,ES
Port de Pollença,ES,Barcelona,ES
Toledo,ES,Barcelona,ES
Santa Perpètua de Mogoda,ES,Barcelona,ES
Bonavista,ES,Barcelona,ES
Santa María de Cayón,ES,Barcelona,ES
La Pobla de Farnals,ES,Barcelona,ES
Sant Vicenç de Castellet,ES,Barcelona,ES
Rocafort,ES,Barcelona,ES
Alella,ES,Barcelona,ES
El Pla de Santa Maria,ES,Barcelona,ES
Godella,ES,Barcelona,ES
Calafell,ES,Barcelona,ES
Viladecans,ES,Barcelona,ES
l'Alcora,ES,Barcelona,ES
Simancas,ES,Barcelona,ES
Sant Andreu de la Barca,ES,Barcelona,ES
Altura,ES,Barcelona,ES
Sarrià de Ter,ES,Barcelona,ES
Gáldar,ES,Barcelona,ES
Gilet,ES,Barcelona,ES
Santa Eulàlia de Ronçana,ES,Barcelona,ES
Arrecife,ES,Barcelona,ES
Els Monjos,ES,Barcelona,ES
Lliçà d'Amunt,ES,Barcelona,ES
Campins,ES,Barcelona,ES
Onda,ES,Barcelona,ES
Cunit,ES,Barcelona,ES
el Prat de Llobregat,ES,Barcelona,ES
Montcada i Reixac,ES,Barcelona,ES
Santpedor,ES,Barcelona,ES
Oleiros,ES,Barcelona,ES
San Bartolomé de Tirajana,ES,Barcelona,ES
Alaró,ES,Barcelona,ES
Matadepera,ES,Barcelona,ES
Parets del Vallès,ES,Barcelona,ES
Sant Pere de Vilamajor,ES,Barcelona,ES
Manacor,ES,Barcelona,ES
Sabadell,ES,Barcelona,ES
Silla,ES,Barcelona,ES
Huesca,ES,Barcelona,ES
La Llagosta,ES,Barcelona,ES
Betanzos,ES,Barcelona,ES
Castellar del Vallès,ES,Barcelona,ES
Cubelles,ES,Barcelona,ES
Santa Coloma de Cervelló,ES,Barcelona,ES
El Papiol,ES,Barcelona,ES
Palau-solità i Plegamans,ES,Barcelona,ES
Vilafant,ES,Barcelona,ES
Benidorm,ES,Barcelona,ES
Arenys de Mar,ES,Barcelona,ES
Cerdanyola del Vallès,ES,Barcelona,ES
Polinyà,ES,Barcelona,ES
Rafelbunyol,ES,Barcelona,ES
Vilagrassa,ES,Barcelona,ES
Villanueva de Gállego,ES,Barcelona,ES
Abondance,FR,Barcelona,ES
Mollet del Vallès,ES,Barcelona,ES
Sant Just Desvern,ES,Barcelona,ES
Sant Adrià de Besòs,ES,Barcelona,ES
Madrid,ES,Barcelona,ES
Pira,ES,Barcelona,ES
Vila-seca,ES,Barcelona,ES
Foios,ES,Barcelona,ES
Málaga,ES,Barcelona,ES
Canéjan,FR,Barcelona,ES
Casetas,ES,Barcelona,ES
Premià de Dalt,ES,Barcelona,ES
Alcúdia,ES,Barcelona,ES
Reus,ES,Barcelona,ES
Brenes,ES,Barcelona,ES
Mollerussa,ES,Barcelona,ES
Lloseta,ES,Barcelona,ES
Carral,ES,Barcelona,ES
Santa Maria de Palautordera,ES,Barcelona,ES
Canovelles,ES,Barcelona,ES
Vinyols i els Arcs,ES,Barcelona,ES
L'Eliana,ES,Barcelona,ES
Cabanes,ES,Barcelona,ES
Ciutadella,ES,Barcelona,ES
Rellinars,ES,Barcelona,ES
Barbera Del Valles,ES,Barcelona,ES
Andratx,ES,Barcelona,ES
Masquefa,ES,Barcelona,ES
Moraira,ES,Barcelona,ES
Zaragoza,ES,Barcelona,ES
Moncada,ES,Barcelona,ES
Les Franqueses del Vallès,ES,Barcelona,ES
Sant Boi de Llobregat,ES,Barcelona,ES
Campdevànol,ES,Barcelona,ES
Santa Coloma de Farners,ES,Barcelona,ES
Bordeaux,FR,Barcelona,ES
Arenys de Munt,ES,Barcelona,ES
Calatayud,ES,Barcelona,ES
Palamós,ES,Barcelona,ES
Oropesa del Mar,ES,Barcelona,ES
Vall d'Alba,ES,Barcelona,ES
Llorenç del Penedès,ES,Barcelona,ES
Santa Coloma de Gramenet,ES,Barcelona,ES
La Garrovilla,ES,Barcelona,ES
Valencia,ES,Barcelona,ES
Viladecavalls,ES,Barcelona,ES
Valls,ES,Barcelona,ES
Molins de Rei,ES,Barcelona,ES
Sant Vicenç dels Horts,ES,Barcelona,ES
Santa Margarida de Montbui,ES,Barcelona,ES
Baza,ES,Barcelona,ES
Puçol,ES,Barcelona,ES
Riudarenes,ES,Barcelona,ES
Terrassa,ES,Barcelona,ES
Guadassuar,ES,Barcelona,ES
Roquetes,ES,Barcelona,ES
Catalonia,ES,Barcelona,ES
Vallirana,ES,Barcelona,ES
Moulin Neuf,FR,Barcelona,ES
Rubí,ES,Barcelona,ES
Benetússer,ES,Barcelona,ES
Teià,ES,Barcelona,ES
Òdena,ES,Barcelona,ES
Pipirig,RO,Belgrade,RS
Gălbinași,RO,Belgrade,RS
Solymár,HU,Belgrade,RS
Trzin,SI,Belgrade,RS
Besenyszög,HU,Belgrade,RS
Sümeg,HU,Belgrade,RS
Karancskeszi,HU,Belgrade,RS
Litér,HU,Belgrade,RS
Sátoraljaújhely,HU,Belgrade,RS
Tiszanagyfalu,HU,Belgrade,RS
Vulcan,RO,Belgrade,RS
Kiskőrös,HU,Belgrade,RS
Šentjernej,SI,Belgrade,RS
Jagodina,RS,Belgrade,RS
Mátraterenye,HU,Belgrade,RS
Roma,RO,Belgrade,RS
Caransebeş,RO,Belgrade,RS
Mezőtúr,HU,Belgrade,RS
Beiuș,RO,Belgrade,RS
Kraljevica,HR,Belgrade,RS
Pilis,HU,Belgrade,RS
Aleksandrovac,RS,Belgrade,RS
Keszthely,HU,Belgrade,RS
Nova Gradiška,HR,Belgrade,RS
Perişoru,RO,Belgrade,RS
Veternik,RS,Belgrade,RS
Hajdúszoboszló,HU,Belgrade,RS
Paraćin,RS,Belgrade,RS
Boteni,RO,Belgrade,RS
Erchie,IT,Belgrade,RS
Polhov Gradec,SI,Belgrade,RS
Vilmány,HU,Belgrade,RS
Hatvan,HU,Belgrade,RS
Sântana de Mureş,RO,Belgrade,RS
Martonvásár,HU,Belgrade,RS
Gârbovi,RO,Belgrade,RS
Nagydobsza,HU,Belgrade,RS
Knin,HR,Belgrade,RS
Sevnica,SI,Belgrade,RS
Feteşti,RO,Belgrade,RS
Öreglak,HU,Belgrade,RS
Codru,RO,Belgrade,RS
Lazarevac,RS,Belgrade,RS
Salonta,RO,Belgrade,RS
Archiş,RO,Belgrade,RS
Szigetvár,HU,Belgrade,RS
Titu,RO,Belgrade,RS
Koprivnica,HR,Belgrade,RS
Čurug,RS,Belgrade,RS
Rábahídvég,HU,Belgrade,RS
Csanytelek,HU,Belgrade,RS
Târgu Cărbuneşti,RO,Belgrade,RS
Polgár,HU,Belgrade,RS
Michalovce,SK,Belgrade,RS
Dány,HU,Belgrade,RS
Rijeka,HR,Belgrade,RS
Enying,HU,Belgrade,RS
Valea Adâncă,RO,Belgrade,RS
Šentvid pri Stični,SI,Belgrade,RS
Dolovo,RS,Belgrade,RS
Sliač,SK,Belgrade,RS
Smederevo,RS,Belgrade,RS
Nova Kapela,HR,Belgrade,RS
Ţăndărei,RO,Belgrade,RS
Parád,HU,Belgrade,RS
Tiszalök,HU,Belgrade,RS
Sajópüspöki,HU,Belgrade,RS
Szomolya,HU,Belgrade,RS
Gödöllő,HU,Belgrade,RS
Loznica,RS,Belgrade,RS
Čierny Balog,SK,Belgrade,RS
Želiezovce,SK,Belgrade,RS
Oroszlány,HU,Belgrade,RS
Štúrovo,SK,Belgrade,RS
Taktaszada,HU,Belgrade,RS
Makó,HU,Belgrade,RS
Algyő,HU,Belgrade,RS
Novi Banovci,RS,Belgrade,RS
Esztergom,HU,Belgrade,RS
Šentjur pri Celju,SI,Belgrade,RS
Harta,HU,Belgrade,RS
Hunedoara,RO,Belgrade,RS
Karos,HU,Belgrade,RS
Lačaves,SI,Belgrade,RS
Cristeștii Ciceului,RO,Belgrade,RS
Salcea,RO,Belgrade,RS
Prebold,SI,Belgrade,RS
Érd,HU,Belgrade,RS
Tariverde,RO,Belgrade,RS
Szuha,HU,Belgrade,RS
Teleac,RO,Belgrade,RS
Giarmata,RO,Belgrade,RS
Jesenice,SI,Belgrade,RS
Környe,HU,Belgrade,RS
Zenica,BA,Belgrade,RS
Vértesszőlős,HU,Belgrade,RS
Tiszarád,HU,Belgrade,RS
Vărășeni,RO,Belgrade,RS
Pleașa,RO,Belgrade,RS
Sânnicolau Mare,RO,Belgrade,RS
Šahy,SK,Belgrade,RS
Săcălușești,RO,Belgrade,RS
Irsina,IT,Belgrade,RS
Grumăzeşti,RO,Belgrade,RS
Derecske,HU,Belgrade,RS
Vrbas,RS,Belgrade,RS
Lieşti,RO,Belgrade,RS
Šmarje pri Jelšah,SI,Belgrade,RS
Zagăr,RO,Belgrade,RS
Valea Lupului,RO,Belgrade,RS
Vranje,RS,Belgrade,RS
Pécs,HU,Belgrade,RS
Pécel,HU,Belgrade,RS
Karcsa,HU,Belgrade,RS
Întorsura Buzăului,RO,Belgrade,RS
Tokodaltáró,HU,Belgrade,RS
Husiná,SK,Belgrade,RS
Szentmártonkáta,HU,Belgrade,RS
Tapolca,HU,Belgrade,RS
Kuzmin,RS,Belgrade,RS
Ciurea,RO,Belgrade,RS
Füzesabony,HU,Belgrade,RS
Tahitótfalu,HU,Belgrade,RS
Mátészalka,HU,Belgrade,RS
Botoșani,RO,Belgrade,RS
Măru,RO,Belgrade,RS
Nagysáp,HU,Belgrade,RS
Botosani,RO,Belgrade,RS
Vransko,SI,Belgrade,RS
Tát,HU,Belgrade,RS
Pácin,HU,Belgrade,RS
Greoni,RO,Belgrade,RS
Zaječar,RS,Belgrade,RS
Niška Banja,RS,Belgrade,RS
Dragalina,RO,Belgrade,RS
Cirkovce,SI,Belgrade,RS
Sülysáp,HU,Belgrade,RS
Reva,RS,Belgrade,RS
Alba Iulia,RO,Belgrade,RS
Petroşani,RO,Belgrade,RS
Obrenovac,RS,Belgrade,RS
Băișești,RO,Belgrade,RS
Giarmata-Vii,RO,Belgrade,RS
Baia Sprie,RO,Belgrade,RS
Iváncsa,HU,Belgrade,RS
Turnišče,SI,Belgrade,RS
Körösladány,HU,Belgrade,RS
Deleni,RO,Belgrade,RS
Klenovnik,RS,Belgrade,RS
Szeged,HU,Belgrade,RS
Roșiori,RO,Belgrade,RS
Batočina,RS,Belgrade,RS
Chotín,SK,Belgrade,RS
Ivančna Gorica,SI,Belgrade,RS
Senovo,SI,Belgrade,RS
Múcsony,HU,Belgrade,RS
Turi,IT,Belgrade,RS
Poznanovec,HR,Belgrade,RS
Nagyvenyim,HU,Belgrade,RS
Szendrő,HU,Belgrade,RS
Čazma,HR,Belgrade,RS
Miskolc,HU,Belgrade,RS
Hidasnémeti,HU,Belgrade,RS
Ozalj,HR,Belgrade,RS
Eforie Nord,RO,Belgrade,RS
Őrbottyán,HU,Belgrade,RS
Mindszent,HU,Belgrade,RS
Tokod,HU,Belgrade,RS
Stará Turá,SK,Belgrade,RS
Budapest,HU,Belgrade,RS
Aiud,RO,Belgrade,RS
Göd,HU,Belgrade,RS
Aach,DE,Belgrade,RS
Notranje Gorice,SI,Belgrade,RS
Lugoj,RO,Belgrade,RS
Kistokaj,HU,Belgrade,RS
Rociu,RO,Belgrade,RS
Dorohoi,RO,Belgrade,RS
Nagykarácsony,HU,Belgrade,RS
Pleternica,HR,Belgrade,RS
Piricse,HU,Belgrade,RS
Čepin,HR,Belgrade,RS
Zalaegerszeg,HU,Belgrade,RS
Dunabogdány,HU,Belgrade,RS
Ózd,HU,Belgrade,RS
Vaja,HU,Belgrade,RS
Mezőberény,HU,Belgrade,RS
Vlasotince,RS,Belgrade,RS
Újdombrád,HU,Belgrade,RS
Szarvas,HU,Belgrade,RS
Murska Sobota,SI,Belgrade,RS
Ernei,RO,Belgrade,RS
Tiszafüred,HU,Belgrade,RS
Aalten,NL,Belgrade,RS
Tăşnad,RO,Belgrade,RS
Balmazújváros,HU,Belgrade,RS
Topoloveni,RO,Belgrade,RS
Apátfalva,HU,Belgrade,RS
Svidník,SK,Belgrade,RS
Maroslele,HU,Belgrade,RS
Daruvar,HR,Belgrade,RS
Battonya,HU,Belgrade,RS
Zalaszentlászló,HU,Belgrade,RS
Palanka,RS,Belgrade,RS
Lenti,HU,Belgrade,RS
Olcsva,HU,Belgrade,RS
Gornja Rogatica,RS,Belgrade,RS
Gyömrő,HU,Belgrade,RS
Comănești,RO,Belgrade,RS
Üröm,HU,Belgrade,RS
Kyiv,UA,Belgrade,RS
Deva,RO,Belgrade,RS
Reghin,RO,Belgrade,RS
Nagybudmér,HU,Belgrade,RS
Ștei,RO,Belgrade,RS
Felsőpakony,HU,Belgrade,RS
Bački Vinogradi,RS,Belgrade,RS
Dunaföldvár,HU,Belgrade,RS
Sándorfalva,HU,Belgrade,RS
Lendava,SI,Belgrade,RS
Szabadkígyós,HU,Belgrade,RS
Cered,HU,Belgrade,RS
Sarkad,HU,Belgrade,RS
Agnita,RO,Belgrade,RS
Nagyharsány,HU,Belgrade,RS
Mezőkövesd,HU,Belgrade,RS
Săcele,RO,Belgrade,RS
Kušiljevo,RS,Belgrade,RS
Budakalász,HU,Belgrade,RS
Jászalsószentgyörgy,HU,Belgrade,RS
Záhony,HU,Belgrade,RS
Boghicea,RO,Belgrade,RS
Nyíregyháza,HU,Belgrade,RS
Coltău,RO,Belgrade,RS
Ludbreg,HR,Belgrade,RS
Giroc,RO,Belgrade,RS
Kučevo,RS,Belgrade,RS
Campulung Moldovenesc,RO,Belgrade,RS
Flămânzi,RO,Belgrade,RS
Orăştie,RO,Belgrade,RS
Bjelovar,HR,Belgrade,RS
Jánkmajtis,HU,Belgrade,RS
Ştefăneştii de Sus,RO,Belgrade,RS
Kula,RS,Belgrade,RS
Debrecen,HU,Belgrade,RS
Izvoru Muntelui,RO,Belgrade,RS
Sava,IT,Belgrade,RS
Lakitelek,HU,Belgrade,RS
Szentes,HU,Belgrade,RS
Ljubovija,RS,Belgrade,RS
Kistelek,HU,Belgrade,RS
Borsec,RO,Belgrade,RS
Prosenjakovci,SI,Belgrade,RS
Mórahalom,HU,Belgrade,RS
Knjazevac,RS,Belgrade,RS
Tápiószentmárton,HU,Belgrade,RS
Pápa,HU,Belgrade,RS
Milişăuţi,RO,Belgrade,RS
Szerep,HU,Belgrade,RS
Kondoros,HU,Belgrade,RS
Kulpin,RS,Belgrade,RS
Várpalota,HU,Belgrade,RS
Jászapáti,HU,Belgrade,RS
Kikinda,RS,Belgrade,RS
Tordas,HU,Belgrade,RS
Semič,SI,Belgrade,RS
Fieni,RO,Belgrade,RS
Tamási,HU,Belgrade,RS
Kunhegyes,HU,Belgrade,RS
Mladenovac,RS,Belgrade,RS
Orehova Vas,SI,Belgrade,RS
Vallo della Lucania,IT,Belgrade,RS
Mád,HU,Belgrade,RS
Pilisborosjenő,HU,Belgrade,RS
Čajetina,RS,Belgrade,RS
Cankova,SI,Belgrade,RS
Sarajevo,BA,Belgrade,RS
Grubišno Polje,HR,Belgrade,RS
Vecsés,HU,Belgrade,RS
Tokaj,HU,Belgrade,RS
Županja,HR,Belgrade,RS
Lábatlan,HU,Belgrade,RS
Blaj,RO,Belgrade,RS
Svilajnac,RS,Belgrade,RS
Ilirska Bistrica,SI,Belgrade,RS
Vinkovci,HR,Belgrade,RS
Mezőzombor,HU,Belgrade,RS
Valjevo,RS,Belgrade,RS
Gárdony,HU,Belgrade,RS
Zorleni,RO,Belgrade,RS
Breznički Hum,HR,Belgrade,RS
Valkó,HU,Belgrade,RS
Piliscsév,HU,Belgrade,RS
Kidričevo,SI,Belgrade,RS
Živinice,BA,Belgrade,RS
Tápióbicske,HU,Belgrade,RS
Banská Štiavnica,SK,Belgrade,RS
Sárospatak,HU,Belgrade,RS
Brestanica,SI,Belgrade,RS
Velence,HU,Belgrade,RS
Požega,HR,Belgrade,RS
Mikosszéplak,HU,Belgrade,RS
Uljma,RS,Belgrade,RS
Oncești,RO,Belgrade,RS
Horezu,RO,Belgrade,RS
Valpovo,HR,Belgrade,RS
Gradac,SI,Belgrade,RS
Karancslapujtő,HU,Belgrade,RS
Marcali,HU,Belgrade,RS
Szulok,HU,Belgrade,RS
Tiszabura,HU,Belgrade,RS
Kunágota,HU,Belgrade,RS
Szerencs,HU,Belgrade,RS
Semlin,RS,Belgrade,RS
Veresegyház,HU,Belgrade,RS
Podgorica,ME,Belgrade,RS
Dol pri Ljubljani,SI,Belgrade,RS
Nagykovácsi,HU,Belgrade,RS
Greci,RO,Belgrade,RS
Röszke,HU,Belgrade,RS
Radovljica,SI,Belgrade,RS
Sighișoara,RO,Belgrade,RS
Kál,HU,Belgrade,RS
Chișoda,RO,Belgrade,RS
Nyírbéltek,HU,Belgrade,RS
Ineu,RO,Belgrade,RS
Kömpöc,HU,Belgrade,RS
Ormož,SI,Belgrade,RS
Buče,SI,Belgrade,RS
Hajdúsámson,HU,Belgrade,RS
Veliki Gaber,SI,Belgrade,RS
Căuașd,RO,Belgrade,RS
Požarevac,RS,Belgrade,RS
Fegyvernek,HU,Belgrade,RS
Opština Aranđelovac,RS,Belgrade,RS
Pilisvörösvár,HU,Belgrade,RS
Tiszakécske,HU,Belgrade,RS
Geoagiu,RO,Belgrade,RS
Békés,HU,Belgrade,RS
Radlje ob Dravi,SI,Belgrade,RS
Oanțu,RO,Belgrade,RS
Kisláng,HU,Belgrade,RS
Uszód,HU,Belgrade,RS
Cvetkovci,SI,Belgrade,RS
Ozora,HU,Belgrade,RS
Sv. Trojica v Slov. Goricah,SI,Belgrade,RS
Ljubečna,SI,Belgrade,RS
Odranci,SI,Belgrade,RS
Abádszalók,HU,Belgrade,RS
Dumbrăvița,RO,Belgrade,RS
Nána,SK,Belgrade,RS
Mohács,HU,Belgrade,RS
Kéthely,HU,Belgrade,RS
Nagyhalász,HU,Belgrade,RS
Gyula,HU,Belgrade,RS
Baracs,HU,Belgrade,RS
Kunmadaras,HU,Belgrade,RS
Klanjec,HR,Belgrade,RS
Sombor,RS,Belgrade,RS
Trstenik,RS,Belgrade,RS
Ráckeresztúr,HU,Belgrade,RS
Vitnyéd,HU,Belgrade,RS
Törökszentmiklós,HU,Belgrade,RS
Bodonci,SI,Belgrade,RS
Zsombó,HU,Belgrade,RS
Lenart v Slov. Goricah,SI,Belgrade,RS
Gyód,HU,Belgrade,RS
Prejmer,RO,Belgrade,RS
Mezőfalva,HU,Belgrade,RS
Liteni,RO,Belgrade,RS
Szigetcsép,HU,Belgrade,RS
Želovce,SK,Belgrade,RS
Crasna,RO,Belgrade,RS
Nyergesújfalu,HU,Belgrade,RS
Donja Stubica,HR,Belgrade,RS
Kápolnásnyék,HU,Belgrade,RS
Bizovac,HR,Belgrade,RS
Zgornje Hoče,SI,Belgrade,RS
Šmartno pri Litiji,SI,Belgrade,RS
Luduş,RO,Belgrade,RS
Vác,HU,Belgrade,RS
Letea Veche,RO,Belgrade,RS
Berkesd,HU,Belgrade,RS
Leskovac,RS,Belgrade,RS
Erdevik,RS,Belgrade,RS
Dobrnič,SI,Belgrade,RS
Szentlőrinc,HU,Belgrade,RS
Oradea,RO,Belgrade,RS
Haţeg,RO,Belgrade,RS
Dévaványa,HU,Belgrade,RS
Tiszavasvári,HU,Belgrade,RS
Csongrád,HU,Belgrade,RS
Kraljevo,RS,Belgrade,RS
Križevci pri Ljutomeru,SI,Belgrade,RS
Böhönye,HU,Belgrade,RS
Dej,RO,Belgrade,RS
Bojnice,SK,Belgrade,RS
Zăvoi,RO,Belgrade,RS
Vienna,AT,Belgrade,RS
Dunakeszi,HU,Belgrade,RS
Deaj,RO,Belgrade,RS
Kiskunhalas,HU,Belgrade,RS
Magyarbánhegyes,HU,Belgrade,RS
Stubičke Toplice,HR,Belgrade,RS
Slovenske Konjice,SI,Belgrade,RS
Veliko Gradište,RS,Belgrade,RS
Bukovica,RS,Belgrade,RS
Cegléd,HU,Belgrade,RS
Blebea,RO,Belgrade,RS
Dol pri Hrastniku,SI,Belgrade,RS
Nyírbátor,HU,Belgrade,RS
Janovce,SK,Belgrade,RS
Tépe,HU,Belgrade,RS
Negri,RO,Belgrade,RS
Kružlov,SK,Belgrade,RS
Bela Palanka,RS,Belgrade,RS
Kaposvár,HU,Belgrade,RS
Jászfényszaru,HU,Belgrade,RS
Borşa,RO,Belgrade,RS
Tihany,HU,Belgrade,RS
Brad,RO,Belgrade,RS
Marghita,RO,Belgrade,RS
Zabukovje nad Sevnico,SI,Belgrade,RS
Komárno,SK,Belgrade,RS
Novi Pazar,RS,Belgrade,RS
Nova Varoš,RS,Belgrade,RS
Sjenica,RS,Belgrade,RS
Velika Plana,RS,Belgrade,RS
Maglód,HU,Belgrade,RS
Szilaspogony,HU,Belgrade,RS
Buhuşi,RO,Belgrade,RS
Nova,HU,Belgrade,RS
Sângeorgiu de Mureş,RO,Belgrade,RS
Orosztony,HU,Belgrade,RS
Sele pri Polskavi,SI,Belgrade,RS
Kőröshegy,HU,Belgrade,RS
Kozármisleny,HU,Belgrade,RS
Podgorje,SI,Belgrade,RS
Marija Bistrica,HR,Belgrade,RS
Chitila,RO,Belgrade,RS
Zreče,SI,Belgrade,RS
Brza Palanka,RS,Belgrade,RS
Vrnjačka Banja,RS,Belgrade,RS
Cătămărești-Deal,RO,Belgrade,RS
Üllés,HU,Belgrade,RS
Păușa,RO,Belgrade,RS
Velika Kopanica,HR,Belgrade,RS
Belgrade,RS,Belgrade,RS
Miklavž na Dravskem Polju,SI,Belgrade,RS
Vasvár,HU,Belgrade,RS
Tribalj,HR,Belgrade,RS
Hurbanovo,SK,Belgrade,RS
Ljutomer,SI,Belgrade,RS
Răchiţi,RO,Belgrade,RS
Szűcsi,HU,Belgrade,RS
Soltvadkert,HU,Belgrade,RS
Radizel,SI,Belgrade,RS
Užice,RS,Belgrade,RS
Breazu,RO,Belgrade,RS
Vámospércs,HU,Belgrade,RS
Ceppaloni,IT,Belgrade,RS
Spodnja Korena,SI,Belgrade,RS
Lovrenc na Dravskem Polju,SI,Belgrade,RS
Nagyszentjános,HU,Belgrade,RS
Dudeştii Vechi,RO,Belgrade,RS
Senta,RS,Belgrade,RS
Nyírmada,HU,Belgrade,RS
Sovata,RO,Belgrade,RS
Hajdúnánás,HU,Belgrade,RS
Bajmok,RS,Belgrade,RS
Tura,HU,Belgrade,RS
Győrújbarát,HU,Belgrade,RS
Ágasegyháza,HU,Belgrade,RS
Berettyóújfalu,HU,Belgrade,RS
Sveti Ivan Zelina,HR,Belgrade,RS
Lupeni,RO,Belgrade,RS
Čačak,RS,Belgrade,RS
Kapidžija,RS,Belgrade,RS
Kutina,HR,Belgrade,RS
Iaslovăț,RO,Belgrade,RS
Luncaviţa,RO,Belgrade,RS
Sâncraiu de Mureş,RO,Belgrade,RS
Odorheiu Secuiesc,RO,Belgrade,RS
Kisszállás,HU,Belgrade,RS
Črnomelj,SI,Belgrade,RS
Dunavarsány,HU,Belgrade,RS
Moroeni,RO,Belgrade,RS
Mezőladány,HU,Belgrade,RS
Bodroghalom,HU,Belgrade,RS
Majdanpek,RS,Belgrade,RS
Nagyatád,HU,Belgrade,RS
Radenci,SI,Belgrade,RS
Futog,RS,Belgrade,RS
Kaštel Lukšić,HR,Belgrade,RS
Zagreb,HR,Belgrade,RS
Füzesgyarmat,HU,Belgrade,RS
Cândeşti,RO,Belgrade,RS
Smeura,RO,Belgrade,RS
Lajosmizse,HU,Belgrade,RS
Veržej,SI,Belgrade,RS
Bistreț,RO,Belgrade,RS
Leskovec pri Krškem,SI,Belgrade,RS
Ruma,RS,Belgrade,RS
Negreşti,RO,Belgrade,RS
Târgu Mureş,RO,Belgrade,RS
Létavértes,HU,Belgrade,RS
Laško,SI,Belgrade,RS
Gheorgheni,RO,Belgrade,RS
Novi Bečej,RS,Belgrade,RS
Sežana,SI,Belgrade,RS
Csomád,HU,Belgrade,RS
Bihartorda,HU,Belgrade,RS
Lesce,SI,Belgrade,RS
Várdomb,HU,Belgrade,RS
Fót,HU,Belgrade,RS
Karcag,HU,Belgrade,RS
Urlaţi,RO,Belgrade,RS
Érsekcsanád,HU,Belgrade,RS
Onga,HU,Belgrade,RS
Bălaia,RO,Belgrade,RS
Balástya,HU,Belgrade,RS
Kisvárda,HU,Belgrade,RS
Subotica,RS,Belgrade,RS
Kapuvár,HU,Belgrade,RS
Kalesija,BA,Belgrade,RS
Töttös,HU,Belgrade,RS
Cogealac,RO,Belgrade,RS
Mariglianella,IT,Belgrade,RS
Kragujevac,RS,Belgrade,RS
Pécsely,HU,Belgrade,RS
Rutevac,RS,Belgrade,RS
Visegrád,HU,Belgrade,RS
Szabadegyháza,HU,Belgrade,RS
Bóly,HU,Belgrade,RS
Fehérgyarmat,HU,Belgrade,RS
Câmpulung la Tisa,RO,Belgrade,RS
Gălbiori,RO,Belgrade,RS
Lupşa,RO,Belgrade,RS
Despotovac,RS,Belgrade,RS
Sabinov,SK,Belgrade,RS
Erdőtelek,HU,Belgrade,RS
Timișoara,RO,Belgrade,RS
Kerepes,HU,Belgrade,RS
Pragersko,SI,Belgrade,RS
Coşteiu,RO,Belgrade,RS
Pădureni,RO,Belgrade,RS
Palagianello,IT,Belgrade,RS
Vršac,RS,Belgrade,RS
Indjija,RS,Belgrade,RS
Čakovec,HR,Belgrade,RS
Gomba,HU,Belgrade,RS
Kalocsa,HU,Belgrade,RS
Logatec,SI,Belgrade,RS
Lovrin,RO,Belgrade,RS
Topliţa,RO,Belgrade,RS
Karácsond,HU,Belgrade,RS
Narta,HR,Belgrade,RS
Bicaz,RO,Belgrade,RS
Scheia,RO,Belgrade,RS
Otočac,HR,Belgrade,RS
Kisbér,HU,Belgrade,RS
Kocs,HU,Belgrade,RS
Lehliu-Gară,RO,Belgrade,RS
Csolnok,HU,Belgrade,RS
Villa Literno,IT,Belgrade,RS
Cerkvenjak,SI,Belgrade,RS
Banja Koviljača,RS,Belgrade,RS
Ravne na Koroškem,SI,Belgrade,RS
Mesagne,IT,Belgrade,RS
Pusztaszer,HU,Belgrade,RS
Rupea,RO,Belgrade,RS
Versend,HU,Belgrade,RS
Corsano,IT,Belgrade,RS
Nyírpilis,HU,Belgrade,RS
Somogyhárságy,HU,Belgrade,RS
Kevermes,HU,Belgrade,RS
Veszprém,HU,Belgrade,RS
Sajólád,HU,Belgrade,RS
Zgornja Ložnica,SI,Belgrade,RS
Năsăud,RO,Belgrade,RS
Šabac,RS,Belgrade,RS
Verőce,HU,Belgrade,RS
Kemecse,HU,Belgrade,RS
Polzela,SI,Belgrade,RS
Letkés,HU,Belgrade,RS
Ruzsa,HU,Belgrade,RS
Siklós,HU,Belgrade,RS
Encs,HU,Belgrade,RS
Ruše,SI,Belgrade,RS
Putnok,HU,Belgrade,RS
Gyomaendrőd,HU,Belgrade,RS
Karancsság,HU,Belgrade,RS
Aurel Vlaicu,RO,Belgrade,RS
Földes,HU,Belgrade,RS
Tata,HU,Belgrade,RS
Eger,HU,Belgrade,RS
Vorovești,RO,Belgrade,RS
Kóka,HU,Belgrade,RS
Dömös,HU,Belgrade,RS
Albertirsa,HU,Belgrade,RS
Kruševac,RS,Belgrade,RS
Baktalórántháza,HU,Belgrade,RS
Smederevska Palanka,RS,Belgrade,RS
Ptuj,SI,Belgrade,RS
Mali Zvornik,RS,Belgrade,RS
Dubicsány,HU,Belgrade,RS
Brežice,SI,Belgrade,RS
Szentpéterszeg,HU,Belgrade,RS
Fundulea,RO,Belgrade,RS
Timişeşti,RO,Belgrade,RS
Varaždin,HR,Belgrade,RS
Paks,HU,Belgrade,RS
Vámosoroszi,HU,Belgrade,RS
Ilova,RO,Belgrade,RS
Hârlău,RO,Belgrade,RS
Sveti Martin na Muri,HR,Belgrade,RS
Nagymaros,HU,Belgrade,RS
Topola,RS,Belgrade,RS
Sărățeni,RO,Belgrade,RS
Apc,HU,Belgrade,RS
Salice Salentino,IT,Belgrade,RS
Cisnădie,RO,Belgrade,RS
Bordány,HU,Belgrade,RS
Đakovo,HR,Belgrade,RS
Mesztegnyő,HU,Belgrade,RS
Sáránd,HU,Belgrade,RS
Sárosd,HU,Belgrade,RS
Jánossomorja,HU,Belgrade,RS
Postira,HR,Belgrade,RS
Barič,RS,Belgrade,RS
Novi Sad,RS,Belgrade,RS
Medvode,SI,Belgrade,RS
Fintice,SK,Belgrade,RS
Sascut,RO,Belgrade,RS
Bicske,HU,Belgrade,RS
Pincehely,HU,Belgrade,RS
Zalakaros,HU,Belgrade,RS
Tiszaújváros,HU,Belgrade,RS
Tószeg,HU,Belgrade,RS
Lozna,RO,Belgrade,RS
Pančevo,RS,Belgrade,RS
Csajág,HU,Belgrade,RS
Nagyréde,HU,Belgrade,RS
Laporje,SI,Belgrade,RS
Câmpia Turzii,RO,Belgrade,RS
Fălticeni,RO,Belgrade,RS
Szigetszentmiklós,HU,Belgrade,RS
Bugyi,HU,Belgrade,RS
I. L. Caragiale,RO,Belgrade,RS
Dunaharaszti,HU,Belgrade,RS
Bački Petrovac,RS,Belgrade,RS
Balatonfenyves,HU,Belgrade,RS
Găneşti,RO,Belgrade,RS
Prokuplje,RS,Belgrade,RS
Kočevje,SI,Belgrade,RS
Moviliţa,RO,Belgrade,RS
Kecskemét,HU,Belgrade,RS
Diósd,HU,Belgrade,RS
Covasna,RO,Belgrade,RS
Nagykónyi,HU,Belgrade,RS
Bócsa,HU,Belgrade,RS
Nedelišće,HR,Belgrade,RS
Balatonfüred,HU,Belgrade,RS
Sinaia,RO,Belgrade,RS
Konjšćina,HR,Belgrade,RS
Solonţ,RO,Belgrade,RS
Orşova,RO,Belgrade,RS
Ajka,HU,Belgrade,RS
Vukovar,HR,Belgrade,RS
Penyige,HU,Belgrade,RS
Dumbrava Roşie,RO,Belgrade,RS
Podskrajnik,SI,Belgrade,RS
Păingeni,RO,Belgrade,RS
Dorog,HU,Belgrade,RS
Sveti Križ Začretje,HR,Belgrade,RS
Tápiószecső,HU,Belgrade,RS
Veľký Krtíš,SK,Belgrade,RS
Gyál,HU,Belgrade,RS
Siófok,HU,Belgrade,RS
Săcălaz,RO,Belgrade,RS
Frigole,IT,Belgrade,RS
Frasin,RO,Belgrade,RS
Stoenești,RO,Belgrade,RS
Szécsény,HU,Belgrade,RS
Beica de Jos,RO,Belgrade,RS
Mezőhegyes,HU,Belgrade,RS
Fonyód,HU,Belgrade,RS
Aszód,HU,Belgrade,RS
Balassagyarmat,HU,Belgrade,RS
Mezőkovácsháza,HU,Belgrade,RS
Ogulin,HR,Belgrade,RS
Bačko Gradište,RS,Belgrade,RS
Zabukovje,SI,Belgrade,RS
Cristian,RO,Belgrade,RS
Samobor,HR,Belgrade,RS
Delnița,RO,Belgrade,RS
Körmend,HU,Belgrade,RS
Budakeszi,HU,Belgrade,RS
Črenšovci,SI,Belgrade,RS
Săveni,RO,Belgrade,RS
Polgárdi,HU,Belgrade,RS
Križevci,HR,Belgrade,RS
Uricani,RO,Belgrade,RS
Bădeuți,RO,Belgrade,RS
Kunfehértó,HU,Belgrade,RS
Gâdinţi,RO,Belgrade,RS
Sânpaul,RO,Belgrade,RS
Orosháza,HU,Belgrade,RS
Kompolt,HU,Belgrade,RS
Teliucu Inferior,RO,Belgrade,RS
Satu Nou,RO,Belgrade,RS
Zrenjanin,RS,Belgrade,RS
Varaždinske Toplice,HR,Belgrade,RS
Bekecs,HU,Belgrade,RS
Sarkadkeresztúr,HU,Belgrade,RS
Sunja,HR,Belgrade,RS
Üllő,HU,Belgrade,RS
Družstevná pri Hornáde,SK,Belgrade,RS
Sóskút,HU,Belgrade,RS
Kazincbarcika,HU,Belgrade,RS
Dombóvár,HU,Belgrade,RS
Csorvás,HU,Belgrade,RS
Vácszentlászló,HU,Belgrade,RS
Hévíz,HU,Belgrade,RS
Cristuru Secuiesc,RO,Belgrade,RS
Comăneşti,RO,Belgrade,RS
Floreşti,RO,Belgrade,RS
Zaprešić,HR,Belgrade,RS
Hédervár,HU,Belgrade,RS
Krško,SI,Belgrade,RS
Hajdúböszörmény,HU,Belgrade,RS
Vişeu de Sus,RO,Belgrade,RS
Lőrinci,HU,Belgrade,RS
Trnovska Vas,SI,Belgrade,RS
Szekszárd,HU,Belgrade,RS
Nagykanizsa,HU,Belgrade,RS
Albeşti,RO,Belgrade,RS
Gornji Milanovac,RS,Belgrade,RS
Martjanci,SI,Belgrade,RS
Pomarico,IT,Belgrade,RS
Arilje,RS,Belgrade,RS
Taksony,HU,Belgrade,RS
Szentendre,HU,Belgrade,RS
Lepsény,HU,Belgrade,RS
Stara Pazova,RS,Belgrade,RS
Târgu Neamţ,RO,Belgrade,RS
Abony,HU,Belgrade,RS
Fülesd,HU,Belgrade,RS
Páty,HU,Belgrade,RS
Tenk,HU,Belgrade,RS
Velika Nedelja,SI,Belgrade,RS
Bačka Topola,RS,Belgrade,RS
Lukovica,SI,Belgrade,RS
Rétság,HU,Belgrade,RS
Beočin,RS,Belgrade,RS
Jibou,RO,Belgrade,RS
Novalja,HR,Belgrade,RS
Marcelová,SK,Belgrade,RS
Bistriţa,RO,Belgrade,RS
Letenye,HU,Belgrade,RS
Čoka,RS,Belgrade,RS
Kömlő,HU,Belgrade,RS
Malu Spart,RO,Belgrade,RS
Tiszanána,HU,Belgrade,RS
Darabani,RO,Belgrade,RS
Zirc,HU,Belgrade,RS
Dobroeşti,RO,Belgrade,RS
Bakonyszombathely,HU,Belgrade,RS
Levice,SK,Belgrade,RS
Posavec,SI,Belgrade,RS
Nógrád,HU,Belgrade,RS
Bari,IT,Belgrade,RS
Ulmeni,RO,Belgrade,RS
Tarnazsadány,HU,Belgrade,RS
Baja,HU,Belgrade,RS
Nova Pazova,RS,Belgrade,RS
Tureni,RO,Belgrade,RS
Rogašovci,SI,Belgrade,RS
Aleşd,RO,Belgrade,RS
Ráckeve,HU,Belgrade,RS
Mureşeni,RO,Belgrade,RS
Tulca,RO,Belgrade,RS
Szolnok,HU,Belgrade,RS
Lovrenc na Pohorju,SI,Belgrade,RS
Revúca,SK,Belgrade,RS
Koceljeva,RS,Belgrade,RS
Tereske,HU,Belgrade,RS
Villány,HU,Belgrade,RS
Cugir,RO,Belgrade,RS
Vrhnika,SI,Belgrade,RS
Lenart pri Gornjem Gradu,SI,Belgrade,RS
Vrh pri Boštanju,SI,Belgrade,RS
Zlatar,HR,Belgrade,RS
Zabok,HR,Belgrade,RS
Ţifeşti,RO,Belgrade,RS
Kaposmérő,HU,Belgrade,RS
Biatorbágy,HU,Belgrade,RS
Tevel,HU,Belgrade,RS
Békéscsaba,HU,Belgrade,RS
Hancea,RO,Belgrade,RS
Hărman,RO,Belgrade,RS
Kuzma,SI,Belgrade,RS
Bor,RS,Belgrade,RS
Ernestinovo,HR,Belgrade,RS
Taviano,IT,Belgrade,RS
Cluj-Napoca,RO,Belgrade,RS
Ocna Mureş,RO,Belgrade,RS
Salgótarján,HU,Belgrade,RS
Bajót,HU,Belgrade,RS
Murgeni,RO,Belgrade,RS
Središče ob Dravi,SI,Belgrade,RS
Csörötnek,HU,Belgrade,RS
Kiskunfélegyháza,HU,Belgrade,RS
Kiskunmajsa,HU,Belgrade,RS
Călineşti,RO,Belgrade,RS
Gura Solcii,RO,Belgrade,RS
Nyírbogát,HU,Belgrade,RS
Csömör,HU,Belgrade,RS
Vasmegyer,HU,Belgrade,RS
Jéke,HU,Belgrade,RS
Mugeni,RO,Belgrade,RS
Budaörs,HU,Belgrade,RS
Mezőszentgyörgy,HU,Belgrade,RS
Slănic,RO,Belgrade,RS
Berzence,HU,Belgrade,RS
Veľké Dravce,SK,Belgrade,RS
Cursi,IT,Belgrade,RS
Pusztaszabolcs,HU,Belgrade,RS
Erdőkertes,HU,Belgrade,RS
Tutin,RS,Belgrade,RS
Begunje na Gorenjskem,SI,Belgrade,RS
Dunaújváros,HU,Belgrade,RS
Glina,HR,Belgrade,RS
Breaza,RO,Belgrade,RS
Kladovo,RS,Belgrade,RS
Rácalmás,HU,Belgrade,RS
Soko Banja,RS,Belgrade,RS
Velika Gorica,HR,Belgrade,RS
Ivanjica,RS,Belgrade,RS
Moșnița Veche,RO,Belgrade,RS
Kartal,HU,Belgrade,RS
Sremska Mitrovica,RS,Belgrade,RS
Mogyoród,HU,Belgrade,RS
Kowal,PL,Berlin,DE
Plewiska,PL,Berlin,DE
Jördenstorf,DE,Berlin,DE
Gmina Śrem,PL,Berlin,DE
Jena,DE,Berlin,DE
Borek Wielkopolski,PL,Berlin,DE
Eilenburg,DE,Berlin,DE
Werder,DE,Berlin,DE
Falkensee,DE,Berlin,DE
Kretzschau,DE,Berlin,DE
Lemierzyce,PL,Berlin,DE
Kremmen,DE,Berlin,DE
Plau am See,DE,Berlin,DE
Glindenberg,DE,Berlin,DE
Oborniki,PL,Berlin,DE
Halberstadt,DE,Berlin,DE
Frankfurt (Oder),DE,Berlin,DE
Schönebeck,DE,Berlin,DE
Barmstedt,DE,Berlin,DE
Trzcianka,PL,Berlin,DE
Auleben,DE,Berlin,DE
Bad Frankenhausen,DE,Berlin,DE
Belgern,DE,Berlin,DE
Luckenwalde,DE,Berlin,DE
Åkirkeby,DK,Berlin,DE
Munich,DE,Berlin,DE
Ebersbach an der Fils,DE,Berlin,DE
Beeskow,DE,Berlin,DE
Hamburg,DE,Berlin,DE
Leuna,DE,Berlin,DE
Walkendorf,DE,Berlin,DE
Zörbig,DE,Berlin,DE
Brieskow-Finkenheerd,DE,Berlin,DE
Schenkendöbern,DE,Berlin,DE
Velten,DE,Berlin,DE
Krąpiel,PL,Berlin,DE
Hohenmölsen,DE,Berlin,DE
Machern,DE,Berlin,DE
Skawina,PL,Berlin,DE
Annahütte,DE,Berlin,DE
Könnern,DE,Berlin,DE
Zeithain,DE,Berlin,DE
Kolkwitz,DE,Berlin,DE
Jahnatal,DE,Berlin,DE
Wildau,DE,Berlin,DE
Świdwin,PL,Berlin,DE
Ueckermünde,DE,Berlin,DE
Greußen,DE,Berlin,DE
Finsterwalde,DE,Berlin,DE
Karlsburg,DE,Berlin,DE
Nexø,DK,Berlin,DE
Lubnjow,DE,Berlin,DE
Trzebiatów,PL,Berlin,DE
Neubrandenburg,DE,Berlin,DE
Löcknitz,DE,Berlin,DE
Mockrehna,DE,Berlin,DE
Wendisch Rietz,DE,Berlin,DE
Bethenhausen,DE,Berlin,DE
Bernburg,DE,Berlin,DE
Borna,DE,Berlin,DE
Aschersleben,DE,Berlin,DE
Melz,DE,Berlin,DE
Kriebitzsch,DE,Berlin,DE
Wymysły,PL,Berlin,DE
Świerzawa,PL,Berlin,DE
Gera,DE,Berlin,DE
Hoyerswerda,DE,Berlin,DE
Luckau,DE,Berlin,DE
Weißenfels,DE,Berlin,DE
Burg Stargard,DE,Berlin,DE
Eberswalde,DE,Berlin,DE
Burg,DE,Berlin,DE
Żary,PL,Berlin,DE
Rheinsberg,DE,Berlin,DE
Großenhain,DE,Berlin,DE
Gąsawy,PL,Berlin,DE
Elsterwerda,DE,Berlin,DE
Dessau,DE,Berlin,DE
Nienburg/Saale,DE,Berlin,DE
Koziegłowy,PL,Berlin,DE
Riesa,DE,Berlin,DE
Nietkowice,PL,Berlin,DE
Neukalen,DE,Berlin,DE
Mehna,DE,Berlin,DE
Untereisesheim,DE,Berlin,DE
Kölleda,DE,Berlin,DE
Benz,DE,Berlin,DE
Spremberg,DE,Berlin,DE
Kitzscher,DE,Berlin,DE
Gültz,DE,Berlin,DE
Borsdorf,DE,Berlin,DE
Gmina Brochów,PL,Berlin,DE
Drebkau,DE,Berlin,DE
Markranstädt,DE,Berlin,DE
Iwiny,PL,Berlin,DE
Deszczno,PL,Berlin,DE
Storkow,DE,Berlin,DE
Neustrelitz,DE,Berlin,DE
Bad Belzig,DE,Berlin,DE
Roitzsch,DE,Berlin,DE
Kelbra,DE,Berlin,DE
Bielefeld,DE,Berlin,DE
Solingen,DE,Berlin,DE
Lauta,DE,Berlin,DE
Wola Żarczycka,PL,Berlin,DE
Weißwasser,DE,Berlin,DE
Tomaszowice,PL,Berlin,DE
Strøby,DK,Berlin,DE
Eisenhüttenstadt,DE,Berlin,DE
Polanów,PL,Berlin,DE
Eickendorf,DE,Berlin,DE
Rüdersdorf,DE,Berlin,DE
Szczecin,PL,Berlin,DE
Laucha,DE,Berlin,DE
Merseburg,DE,Berlin,DE
Kalawa,DE,Berlin,DE
Bernau bei Berlin,DE,Berlin,DE
Borkowo Łostowickie,PL,Berlin,DE
Mirow,DE,Berlin,DE
Demmin,DE,Berlin,DE
Hasle,DK,Berlin,DE
Leegebruch,DE,Berlin,DE
Groß Pankow,DE,Berlin,DE
Groß Kreutz,DE,Berlin,DE
Wittenberg,DE,Berlin,DE
Grimma,DE,Berlin,DE
Neukieritzsch,DE,Berlin,DE
Heidesee,DE,Berlin,DE
Ińsko,PL,Berlin,DE
Harzgerode,DE,Berlin,DE
Sieniawa Żarska,PL,Berlin,DE
Kamień Pomorski,PL,Berlin,DE
Nowa Wieś,PL,Berlin,DE
Działdowo,PL,Berlin,DE
Abtsbessingen,DE,Berlin,DE
Eilsleben,DE,Berlin,DE
Horn-Bad Meinberg,DE,Berlin,DE
Klostermansfeld,DE,Berlin,DE
Sassnitz,DE,Berlin,DE
Crossen an der Elster,DE,Berlin,DE
Przeźmierowo,PL,Berlin,DE
Malchin,DE,Berlin,DE
Seebad Heringsdorf,DE,Berlin,DE
Sośno,PL,Berlin,DE
Hohenleuben,DE,Berlin,DE
Aleksandrów Kujawski,PL,Berlin,DE
Pasewalk,DE,Berlin,DE
Ryglice,PL,Berlin,DE
Beelitz,DE,Berlin,DE
Timmenrode,DE,Berlin,DE
Svaneke,DK,Berlin,DE
Bad Fallingbostel,DE,Berlin,DE
Essen,DE,Berlin,DE
Klettwitz,DE,Berlin,DE
Zöllnitz,DE,Berlin,DE
Neustadt (Dosse),DE,Berlin,DE
Sellin,DE,Berlin,DE
Klötze,DE,Berlin,DE
Oberheldrungen,DE,Berlin,DE
Lützen,DE,Berlin,DE
Blankenburg,DE,Berlin,DE
Altlandsberg,DE,Berlin,DE
Doberlug-Kirchhain,DE,Berlin,DE
Tauche,DE,Berlin,DE
Frohburg,DE,Berlin,DE
Prötzel,DE,Berlin,DE
Skąpe,PL,Berlin,DE
Zossen,DE,Berlin,DE
Petersroda,DE,Berlin,DE
Pedersker,DK,Berlin,DE
Straußfurt,DE,Berlin,DE
Wittstock,DE,Berlin,DE
Kyritz,DE,Berlin,DE
Genthin,DE,Berlin,DE
Röbel,DE,Berlin,DE
Thiendorf,DE,Berlin,DE
Langenbernsdorf,DE,Berlin,DE
Plauen,DE,Berlin,DE
Landsberg,DE,Berlin,DE
Duderstadt,DE,Berlin,DE
Sömmerda,DE,Berlin,DE
Weißensee,DE,Berlin,DE
Schlieben,DE,Berlin,DE
Gardelegen,DE,Berlin,DE
Großbeeren,DE,Berlin,DE
Jatznick,DE,Berlin,DE
Stahnsdorf,DE,Berlin,DE
Jürgenstorf,DE,Berlin,DE
Döbeln,DE,Berlin,DE
Rietz Neuendorf,DE,Berlin,DE
Seelow,DE,Berlin,DE
Wurzen,DE,Berlin,DE
Herzberg,DE,Berlin,DE
Spornitz,DE,Berlin,DE
Annaburg,DE,Berlin,DE
Birkenwerder,DE,Berlin,DE
Bestensee,DE,Berlin,DE
Beucha,DE,Berlin,DE
Breesen,DE,Berlin,DE
Nowogard,PL,Berlin,DE
Egiertowo,PL,Berlin,DE
Halle,DE,Berlin,DE
Torgau,DE,Berlin,DE
Mansfeld,DE,Berlin,DE
Bad Düben,DE,Berlin,DE
Königs Wusterhausen,DE,Berlin,DE
Bad Lauchstädt,DE,Berlin,DE
Østermarie,DK,Berlin,DE
Klemensker,DK,Berlin,DE
Herborn,DE,Berlin,DE
Pritzwalk,DE,Berlin,DE
Gröditz,DE,Berlin,DE
Freyburg,DE,Berlin,DE
Berlin,DE,Berlin,DE
Ostrów Wielkopolski,PL,Berlin,DE
Torgelow,DE,Berlin,DE
Feldberger Seenlandschaft,DE,Berlin,DE
Waren,DE,Berlin,DE
Ostrau,DE,Berlin,DE
Dargun,DE,Berlin,DE
Schöningen,DE,Berlin,DE
Nossen,DE,Berlin,DE
Braunsbedra,DE,Berlin,DE
Fürstenwalde,DE,Berlin,DE
Bitterfeld-Wolfen,DE,Berlin,DE
Jarosław,PL,Berlin,DE
Jüterbog,DE,Berlin,DE
Pęzino,PL,Berlin,DE
Krakow,PL,Berlin,DE
Penzlin,DE,Berlin,DE
Seegebiet Mansfelder Land,DE,Berlin,DE
Cottbus,DE,Berlin,DE
Kiel,DE,Berlin,DE
Rønne,DK,Berlin,DE
Seddiner See,DE,Berlin,DE
Słońsk,PL,Berlin,DE
Greifswald,DE,Berlin,DE
Wusterwitz,DE,Berlin,DE
Nienburg,DE,Berlin,DE
Schöneiche,DE,Berlin,DE
Bad Gandersheim,DE,Berlin,DE
Kruszwica,PL,Berlin,DE
Letschin,DE,Berlin,DE
Rastenberg,DE,Berlin,DE
Złotniki,PL,Berlin,DE
Szczecinek,PL,Berlin,DE
Serock,PL,Berlin,DE
Markkleeberg,DE,Berlin,DE
Pilzno,PL,Berlin,DE
Ehringshausen,DE,Berlin,DE
Uhldingen-Mühlhofen,DE,Berlin,DE
Grana,DE,Berlin,DE
Weitefeld,DE,Berlin,DE
Wesenberg,DE,Berlin,DE
Teltow,DE,Berlin,DE
Bad Lausick,DE,Berlin,DE
Helmstedt,DE,Berlin,DE
Vislanda,SE,Berlin,DE
Weimar,DE,Berlin,DE
Burow,DE,Berlin,DE
Leipzig,DE,Berlin,DE
Stendal,DE,Berlin,DE
Ober-Mörlen,DE,Berlin,DE
Kowiesy,PL,Berlin,DE
Taucha,DE,Berlin,DE
Dzikowo,PL,Berlin,DE
Nordhausen,DE,Berlin,DE
Strausberg,DE,Berlin,DE
Bojanowo Stare,PL,Berlin,DE
Mierzyn k. Szczecina,PL,Berlin,DE
Oleszyce,PL,Berlin,DE
Schkopau,DE,Berlin,DE
Allstedt,DE,Berlin,DE
Schwielowsee,DE,Berlin,DE
Thale,DE,Berlin,DE
Luboń,PL,Berlin,DE
Woldegk,DE,Berlin,DE
Milmersdorf,DE,Berlin,DE
Gmina Lwówek,PL,Berlin,DE
Frankfurt am Main,DE,Berlin,DE
Blankenfelde,DE,Berlin,DE
Gransee,DE,Berlin,DE
Erkner,DE,Berlin,DE
Zeitz,DE,Berlin,DE
Großkorbetha,DE,Berlin,DE
Bad Bevensen,DE,Berlin,DE
Mahlow,DE,Berlin,DE
Sondershausen,DE,Berlin,DE
Moringen,DE,Berlin,DE
Michendorf,DE,Berlin,DE
Oleszna Podgórska,PL,Berlin,DE
Brück,DE,Berlin,DE
Zempin,DE,Berlin,DE
Osterwieck,DE,Berlin,DE
Bad Freienwalde,DE,Berlin,DE
Nottuln,DE,Berlin,DE
Flechtingen,DE,Berlin,DE
Koserow,DE,Berlin,DE
Poznan,PL,Berlin,DE
Burg bei Magdeburg,DE,Berlin,DE
Blankenhain,DE,Berlin,DE
Reurieth,DE,Berlin,DE
Helbra,DE,Berlin,DE
Krapkowice,PL,Berlin,DE
Lohsa,DE,Berlin,DE
Jessen,DE,Berlin,DE
Ostrowite,PL,Berlin,DE
Kobylnica,PL,Berlin,DE
Oschatz,DE,Berlin,DE
Guben,DE,Berlin,DE
Bad Bibra,DE,Berlin,DE
Oranienburg,DE,Berlin,DE
Morzyczyn,PL,Berlin,DE
Zehdenick,DE,Berlin,DE
Wernigerode,DE,Berlin,DE
Neuhardenberg,DE,Berlin,DE
Wustermark,DE,Berlin,DE
Kisielice,PL,Berlin,DE
Brusy,PL,Berlin,DE
Hennigsdorf,DE,Berlin,DE
Wolgast,DE,Berlin,DE
Wuppertal,DE,Berlin,DE
Vetschau,DE,Berlin,DE
Gruszczyn,PL,Berlin,DE
Stargard,PL,Berlin,DE
Braunschweig,DE,Berlin,DE
Schlepzig,DE,Berlin,DE
Wanzleben,DE,Berlin,DE
Naumburg,DE,Berlin,DE
Koninko,PL,Berlin,DE
Brüssow,DE,Berlin,DE
Bad Dürrenberg,DE,Berlin,DE
Lubsko,PL,Berlin,DE
Lindow,DE,Berlin,DE
Egeln,DE,Berlin,DE
Ruhland,DE,Berlin,DE
Prenzlau,DE,Berlin,DE
Grammentin,DE,Berlin,DE
Sommersdorf,DE,Berlin,DE
Osternienburger Land,DE,Berlin,DE
Mainaschaff,DE,Berlin,DE
Neuruppin,DE,Berlin,DE
Zwenkau,DE,Berlin,DE
Waldeck,DE,Berlin,DE
Lubsza,PL,Berlin,DE
Peitz,DE,Berlin,DE
Hanover,DE,Berlin,DE
Potsdam,DE,Berlin,DE
Kranichfeld,DE,Berlin,DE
Iłowa,PL,Berlin,DE
Strasburg,DE,Berlin,DE
Apen,DE,Berlin,DE
Bad Saarow,DE,Berlin,DE
Brandenburg,DE,Berlin,DE
Barlinek,PL,Berlin,DE
Falkenberg,DE,Berlin,DE
Leszno,PL,Berlin,DE
Murowaniec,PL,Berlin,DE
Leisnig,DE,Berlin,DE
Rødding,DK,Berlin,DE
Tangerhütte,DE,Berlin,DE
Gröden,DE,Berlin,DE
Zerbst,DE,Berlin,DE
Gatersleben,DE,Berlin,DE
Niedergörsdorf,DE,Berlin,DE
Hötensleben,DE,Berlin,DE
Zalesie Górne,PL,Berlin,DE
Nordwestuckermark,DE,Berlin,DE
Sandersdorf,DE,Berlin,DE
Delitzsch,DE,Berlin,DE
Osterburg,DE,Berlin,DE
Eisleben Lutherstadt,DE,Berlin,DE
Biederitz,DE,Berlin,DE
Penkow,DE,Berlin,DE
Ludwigsfelde,DE,Berlin,DE
Isernhagen-Süd,DE,Berlin,DE
Gumtow,DE,Berlin,DE
Wahrenbrück,DE,Berlin,DE
Magdeburg,DE,Berlin,DE
Bad Liebenwerda,DE,Berlin,DE
Gielow,DE,Berlin,DE
Nuthetal,DE,Berlin,DE
Wriezen,DE,Berlin,DE
Gryfino,PL,Berlin,DE
Brzoza,PL,Berlin,DE
Pręgowo,PL,Berlin,DE
Hoppegarten,DE,Berlin,DE
Schwarzheide,DE,Berlin,DE
Teuchern,DE,Berlin,DE
Schulzendorf,DE,Berlin,DE
Czapelsko,PL,Berlin,DE
Robercin,PL,Berlin,DE
Kołobrzeg,PL,Berlin,DE
Putlitz,DE,Berlin,DE
Żagań,PL,Berlin,DE
Tangermünde,DE,Berlin,DE
Senftenberg,DE,Berlin,DE
Schwedt,DE,Berlin,DE
Rathenow,DE,Berlin,DE
Bretten,DE,Berlin,DE
Santiago,CR,Bogota,CO
Vélez,CO,Bogota,CO
Claxton Bay,TT,Bogota,CO
Nosara,CR,Bogota,CO
Le François,MQ,Bogota,CO
Simón Bolívar,EC,Bogota,CO
Manaus,BR,Bogota,CO
Belalcázar,CO,Bogota,CO
Canas,CR,Bogota,CO
San Gil,CO,Bogota,CO
Chiquinquirá,CO,Bogota,CO
Píritu,VE,Bogota,CO
Baba,EC,Bogota,CO
Altagracia de Orituco,VE,Bogota,CO
Villavicencio,CO,Bogota,CO
Zapote,CR,Bogota,CO
San Cristóbal,VE,Bogota,CO
Pandi,CO,Bogota,CO
Pereira,CO,Bogota,CO
Zamora,EC,Bogota,CO
Sainte-Rose,GP,Bogota,CO
Barquisimeto,VE,Bogota,CO
Chordeleg,EC,Bogota,CO
Manta,EC,Bogota,CO
Montería,CO,Bogota,CO
Quito,EC,Bogota,CO
Parrita,CR,Bogota,CO
Saint-Joseph,MQ,Bogota,CO
Buenaventura,CO,Bogota,CO
Catia La Mar,VE,Bogota,CO
Amagá,CO,Bogota,CO
Lamentin,GP,Bogota,CO
Bucaramanga,CO,Bogota,CO
Nicoya,CR,Bogota,CO
Bogotá,CO,Bogota,CO
Arauca,CO,Bogota,CO
Basse-Terre,GP,Bogota,CO
Peñal,TT,Bogota,CO
Yarumal,CO,Bogota,CO
Castries,LC,Bogota,CO
Ginebra,CO,Bogota,CO
Sahagún,CO,Bogota,CO
Maicao,CO,Bogota,CO
Goyave,GP,Bogota,CO
Los Patios,CO,Bogota,CO
Petit-Canal,GP,Bogota,CO
Sabana de Torres,CO,Bogota,CO
Valencia,VE,Bogota,CO
Point Fortin,TT,Bogota,CO
Carapichaima,TT,Bogota,CO
Palmares,CR,Bogota,CO
Belleville,BB,Bogota,CO
Barbosa,CO,Bogota,CO
Rockstone,GY,Bogota,CO
Cayenne,GF,Bogota,CO
Carora,VE,Bogota,CO
Loreto,EC,Bogota,CO
San José,CR,Bogota,CO
Loma de Franco,EC,Bogota,CO
El Dorado,TT,Bogota,CO
Baie-Mahault,GP,Bogota,CO
Cagua,VE,Bogota,CO
Echeandía,EC,Bogota,CO
Roldanillo,CO,Bogota,CO
Tucupita,VE,Bogota,CO
Tinaquillo,VE,Bogota,CO
Le Lamentin,MQ,Bogota,CO
Aguas Zarcas,CR,Bogota,CO
Arouca,TT,Bogota,CO
Schoelcher,MQ,Bogota,CO
Soledad,CO,Bogota,CO
Puerto Ordaz and San Felix,VE,Bogota,CO
La Joya de Los Sachas,EC,Bogota,CO
Checker Hall,BB,Bogota,CO
Princes Town,TT,Bogota,CO
Palestina,EC,Bogota,CO
El Cerrito,CO,Bogota,CO
Puntarenas,CR,Bogota,CO
Valera,VE,Bogota,CO
Santa Fe de Antioquia,CO,Bogota,CO
Fort-de-France,MQ,Bogota,CO
El Carmen,CO,Bogota,CO
Ocaña,CO,Bogota,CO
Chunchi,EC,Bogota,CO
Machala,EC,Bogota,CO
Madrid,CO,Bogota,CO
Zaragoza,CR,Bogota,CO
Orotina,CR,Bogota,CO
El Porvenir,PA,Bogota,CO
Tosagua,EC,Bogota,CO
Sabaneta,CO,Bogota,CO
St John's,AG,Bogota,CO
Quepos,CR,Bogota,CO
Petit-Bourg,GP,Bogota,CO
Barranca,CR,Bogota,CO
Rosignol,GY,Bogota,CO
Zipaquirá,CO,Bogota,CO
San Miguelito,PA,Bogota,CO
Pavas,CR,Bogota,CO
Agrado,CO,Bogota,CO
Barrackpore,TT,Bogota,CO
Dosquebradas,CO,Bogota,CO
Sangre Grande,TT,Bogota,CO
Cartagena,CO,Bogota,CO
Acarigua,VE,Bogota,CO
San Juan,CR,Bogota,CO
Ibagué,CO,Bogota,CO
Galapa,CO,Bogota,CO
Freeport,TT,Bogota,CO
Masaya,NI,Bogota,CO
Valsayn,TT,Bogota,CO
Caucagua,VE,Bogota,CO
Patía,CO,Bogota,CO
Bello,CO,Bogota,CO
Carúpano,VE,Bogota,CO
Calima,CO,Bogota,CO
Palmira,CO,Bogota,CO
Curepe,TT,Bogota,CO
Panama City,PA,Bogota,CO
Manizales,CO,Bogota,CO
Facatativá,CO,Bogota,CO
Le Gros-Morne,MQ,Bogota,CO
Paracotos,VE,Bogota,CO
Trincity,TT,Bogota,CO
Mahdia,GY,Bogota,CO
Otavalo,EC,Bogota,CO
Tibás,CR,Bogota,CO
Pointe-à-Pitre,GP,Bogota,CO
San Juan,TT,Bogota,CO
Tilaran,CR,Bogota,CO
Sainte-Anne,GP,Bogota,CO
San Juan,EC,Bogota,CO
Fyzabad,TT,Bogota,CO
Cabudare,VE,Bogota,CO
Mocache,EC,Bogota,CO
Pasaje,EC,Bogota,CO
Sabana de Mendoza,VE,Bogota,CO
Cunupia,TT,Bogota,CO
Alausí,EC,Bogota,CO
Cajicá,CO,Bogota,CO
Cariamanga,EC,Bogota,CO
Guayaquil,EC,Bogota,CO
Desamparados,CR,Bogota,CO
Arima,TT,Bogota,CO
Sigsig,EC,Bogota,CO
Macas,EC,Bogota,CO
Barinas,VE,Bogota,CO
Welchman Hall,BB,Bogota,CO
Couva,TT,Bogota,CO
Valdivia,CO,Bogota,CO
Santo Domingo,CR,Bogota,CO
San Antonio,CR,Bogota,CO
Fusagasugá,CO,Bogota,CO
Gasparillo,TT,Bogota,CO
Floridablanca,CO,Bogota,CO
Rivière Salée,MQ,Bogota,CO
Chía,CO,Bogota,CO
Puyo,EC,Bogota,CO
Calle Blancos,CR,Bogota,CO
Melgar,CO,Bogota,CO
La Troncal,EC,Bogota,CO
Las Tablas,PA,Bogota,CO
Venture,BB,Bogota,CO
Biche,TT,Bogota,CO
Parika,GY,Bogota,CO
Mocoa,CO,Bogota,CO
Guanare,VE,Bogota,CO
Gamarra,CO,Bogota,CO
Pasto,CO,Bogota,CO
El Carmen,EC,Bogota,CO
Mosquera,CO,Bogota,CO
Araure,VE,Bogota,CO
Tulcán,EC,Bogota,CO
Armenia,CO,Bogota,CO
Popayán,CO,Bogota,CO
Espinal,CO,Bogota,CO
Macouria,GF,Bogota,CO
Alajuelita,CR,Bogota,CO
Miramar,CR,Bogota,CO
Christ Church,BB,Bogota,CO
Villa del Rosario,CO,Bogota,CO
Arjona,CO,Bogota,CO
La Chorrera,PA,Bogota,CO
Convención,CO,Bogota,CO
David,PA,Bogota,CO
Papallacta,EC,Bogota,CO
Jipijapa,EC,Bogota,CO
Tabio,CO,Bogota,CO
Rionegro,CO,Bogota,CO
La Villa del Rosario,VE,Bogota,CO
Tocancipá,CO,Bogota,CO
Rémire-Montjoly,GF,Bogota,CO
Kourou,GF,Bogota,CO
El Tigre,VE,Bogota,CO
Pacho,CO,Bogota,CO
Bayshore,TT,Bogota,CO
Cayambe,EC,Bogota,CO
Cotacachi,EC,Bogota,CO
Los Chiles,CR,Bogota,CO
Samborondón,EC,Bogota,CO
Baranoa,CO,Bogota,CO
Barataria,TT,Bogota,CO
Jacó,CR,Bogota,CO
Latacunga,EC,Bogota,CO
Le Lorrain,MQ,Bogota,CO
Carrizal,VE,Bogota,CO
Santa Ana,CR,Bogota,CO
Liberia,CR,Bogota,CO
San Josecito,CR,Bogota,CO
Tarouba,TT,Bogota,CO
Le Moule,GP,Bogota,CO
San Juan de Dios,CR,Bogota,CO
Valencia,TT,Bogota,CO
Guadalupe,CR,Bogota,CO
Ciudad Guayana,VE,Bogota,CO
The Valley,AI,Bogota,CO
Laventille,TT,Bogota,CO
Puerto Ayacucho,VE,Bogota,CO
Porlamar,VE,Bogota,CO
Puerto Asís,CO,Bogota,CO
Distrito Federal,VE,Bogota,CO
Cariari,CR,Bogota,CO
San Vicente,CR,Bogota,CO
Tres Ríos,CR,Bogota,CO
Riobamba,EC,Bogota,CO
San Juan de los Morros,VE,Bogota,CO
Quibdó,CO,Bogota,CO
Hacienda Guayas,EC,Bogota,CO
San Rafael,CR,Bogota,CO
Los Roques,VE,Bogota,CO
Calabacito,CO,Bogota,CO
Siparia,TT,Bogota,CO
Aserrí,CR,Bogota,CO
Cundinamarca,CO,Bogota,CO
San José del Guaviare,CO,Bogota,CO
Koolbaai,SX,Bogota,CO
La Fortuna,CR,Bogota,CO
Aguazul,CO,Bogota,CO
Bouillante,GP,Bogota,CO
Paipa,CO,Bogota,CO
Campo de Carabobo,VE,Bogota,CO
Quíbor,VE,Bogota,CO
Trujillo,VE,Bogota,CO
Guacarí,CO,Bogota,CO
Mercedes Norte,CR,Bogota,CO
Andalucía,CO,Bogota,CO
Milagro,EC,Bogota,CO
Socopó,VE,Bogota,CO
Ventanas,EC,Bogota,CO
San Miguel de Salcedo,EC,Bogota,CO
Belmont,TT,Bogota,CO
Duitama,CO,Bogota,CO
Portoviejo,EC,Bogota,CO
Valledupar,CO,Bogota,CO
Pichincha,EC,Bogota,CO
Shushufindi,EC,Bogota,CO
San Felipe,VE,Bogota,CO
Salinas,EC,Bogota,CO
Puerto Colombia,CO,Bogota,CO
Barranquilla,CO,Bogota,CO
Cota,CO,Bogota,CO
Saint-Esprit,MQ,Bogota,CO
San Isidro,CR,Bogota,CO
San Casimiro,VE,Bogota,CO
Buena Fe,EC,Bogota,CO
Ambato,EC,Bogota,CO
Cañar,EC,Bogota,CO
San Alberto,CO,Bogota,CO
Puerto Cortés,CR,Bogota,CO
Sincelejo,CO,Bogota,CO
San Fernando,TT,Bogota,CO
Saquisilí,EC,Bogota,CO
Paraíso,CR,Bogota,CO
Curridabat,CR,Bogota,CO
Pedernales,EC,Bogota,CO
La Victoria,VE,Bogota,CO
Longdenville,TT,Bogota,CO
Manzanares,CO,Bogota,CO
Boquete,PA,Bogota,CO
Tunja,CO,Bogota,CO
Maracay,VE,Bogota,CO
Tunapuna,TT,Bogota,CO
Bellefontaine,MQ,Bogota,CO
Naranjito,EC,Bogota,CO
Gros Islet,LC,Bogota,CO
Caparo,TT,Bogota,CO
La Asunción,CR,Bogota,CO
Santa Cruz,EC,Bogota,CO
Hacienda Mira,EC,Bogota,CO
Morne-à-l'Eau,GP,Bogota,CO
Rocafuerte,EC,Bogota,CO
El Salitre,EC,Bogota,CO
Segovia,CO,Bogota,CO
Santiago de Cali,CO,Bogota,CO
El Roble,CR,Bogota,CO
Magangué,CO,Bogota,CO
Paratebueno,CO,Bogota,CO
Grand Marigot,GP,Bogota,CO
Saint-François,GP,Bogota,CO
General Villamil,EC,Bogota,CO
Le Marigot,MQ,Bogota,CO
Guácimo,CR,Bogota,CO
New Amsterdam,GY,Bogota,CO
Atuntaqui,EC,Bogota,CO
San Antonio de Tejar,CR,Bogota,CO
Aguachica,CO,Bogota,CO
Charallave,VE,Bogota,CO
El Chaco,EC,Bogota,CO
Acacías,CO,Bogota,CO
Viterbo,CO,Bogota,CO
Le Gosier,GP,Bogota,CO
Sibundoy,CO,Bogota,CO
Sainte-Luce,MQ,Bogota,CO
Colón,PA,Bogota,CO
Roseau,DM,Bogota,CO
Siquirres,CR,Bogota,CO
Girardot City,CO,Bogota,CO
Funza,CO,Bogota,CO
Anselmo Llorente,CR,Bogota,CO
Medellín,CO,Bogota,CO
Los Higuerotes,VE,Bogota,CO
Riohacha,CO,Bogota,CO
San Francisco de Yare,VE,Bogota,CO
Quevedo,EC,Bogota,CO
Pointe-Noire,GP,Bogota,CO
Guápiles,CR,Bogota,CO
Matoury,GF,Bogota,CO
Charlestown,KN,Bogota,CO
Vinces,EC,Bogota,CO
Sampués,CO,Bogota,CO
Baños,EC,Bogota,CO
Tuluá,CO,Bogota,CO
Lalamor,EC,Bogota,CO
San Gabriel,CR,Bogota,CO
El Limón,VE,Bogota,CO
Maracaibo,VE,Bogota,CO
Patate,EC,Bogota,CO
Georgetown,GY,Bogota,CO
La Trinité,MQ,Bogota,CO
San Juan del Cesar,CO,Bogota,CO
Puerto Quito,EC,Bogota,CO
Barrancabermeja,CO,Bogota,CO
Puerto Cruz,VE,Bogota,CO
Daule,EC,Bogota,CO
Trois-Rivières,GP,Bogota,CO
Flandes,CO,Bogota,CO
San Pedro,CR,Bogota,CO
Sítio Novo,BR,Bogota,CO
Iquitos,PE,Bogota,CO
Morón,VE,Bogota,CO
Punta de Garambeo,VE,Bogota,CO
Bocas del Toro,PA,Bogota,CO
Bejuma,VE,Bogota,CO
Esmeraldas,EC,Bogota,CO
Sainte-Marie,MQ,Bogota,CO
Yopal,CO,Bogota,CO
Esparza,CR,Bogota,CO
Cúa,VE,Bogota,CO
Saint-Laurent-du-Maroni,GF,Bogota,CO
Santa Cruz,TT,Bogota,CO
Calamar,CO,Bogota,CO
Santander de Quilichao,CO,Bogota,CO
Envigado,CO,Bogota,CO
Chontales,CR,Bogota,CO
Villanueva,CO,Bogota,CO
Garachiné,PA,Bogota,CO
Fundación,CO,Bogota,CO
Pamplona,CO,Bogota,CO
Lecherías,VE,Bogota,CO
San Martín,CO,Bogota,CO
Chone,EC,Bogota,CO
Deshaies,GP,Bogota,CO
El Carmen de Bolívar,CO,Bogota,CO
Barrantes,CR,Bogota,CO
Azogues,EC,Bogota,CO
Tauramena,CO,Bogota,CO
Turrialba,CR,Bogota,CO
Ibarra,EC,Bogota,CO
Quesada,CR,Bogota,CO
Tena,EC,Bogota,CO
Los Ángeles,CR,Bogota,CO
Managua,NI,Bogota,CO
San Ramón,CR,Bogota,CO
Le Marin,MQ,Bogota,CO
Guaranda,EC,Bogota,CO
Santa Marta,CO,Bogota,CO
Rivière-Pilote,MQ,Bogota,CO
La Suiza,CR,Bogota,CO
Puerto Cabello,VE,Bogota,CO
Capesterre-Belle-Eau,GP,Bogota,CO
Morvant,TT,Bogota,CO
Saint-Claude,GP,Bogota,CO
Dulce Nombre,CR,Bogota,CO
Cuenca,EC,Bogota,CO
Ducos,MQ,Bogota,CO
Neiva,CO,Bogota,CO
Gourbeyre,GP,Bogota,CO
Monte Verde,CR,Bogota,CO
Chitré,PA,Bogota,CO
Le Robert,MQ,Bogota,CO
San Carlos,VE,Bogota,CO
Caracas,VE,Bogota,CO
Ipís,CR,Bogota,CO
Caroni,TT,Bogota,CO
Laakdal,BE,Brussels,BE
Meerbusch,DE,Brussels,BE
Hechtel-Eksel,BE,Brussels,BE
Kerken,DE,Brussels,BE
Tilburg,NL,Brussels,BE
Rebecq,BE,Brussels,BE
Lobbes,BE,Brussels,BE
Chiny,BE,Brussels,BE
Mortsel,BE,Brussels,BE
Willebroek,BE,Brussels,BE
Ichtegem,BE,Brussels,BE
Hever,BE,Brussels,BE
Athus,BE,Brussels,BE
Geraardsbergen,BE,Brussels,BE
Herstal,BE,Brussels,BE
Diksmuide,BE,Brussels,BE
Roermond,NL,Brussels,BE
Vremde,BE,Brussels,BE
Mons,BE,Brussels,BE
Hotton,BE,Brussels,BE
Achêne,BE,Brussels,BE
Putte,BE,Brussels,BE
Hulste,BE,Brussels,BE
Knokke-Heist,BE,Brussels,BE
Opwijk,BE,Brussels,BE
Eeklo,BE,Brussels,BE
Mettet,BE,Brussels,BE
Peltre,FR,Brussels,BE
Chapelle-lez-Herlaimont,BE,Brussels,BE
Dison,BE,Brussels,BE
Helden,NL,Brussels,BE
Ravels,BE,Brussels,BE
Merchtem,BE,Brussels,BE
Kalmthout,BE,Brussels,BE
Jette,BE,Brussels,BE
Diegem,BE,Brussels,BE
Tielt,BE,Brussels,BE
Ghent,BE,Brussels,BE
Tremelo,BE,Brussels,BE
Geilenkirchen,DE,Brussels,BE
Ougrée,BE,Brussels,BE
Evere,BE,Brussels,BE
Maurage,BE,Brussels,BE
Erkelenz,DE,Brussels,BE
Hamont,BE,Brussels,BE
Havré,BE,Brussels,BE
Simmerath,DE,Brussels,BE
Opglabbeek,BE,Brussels,BE
Nazareth,BE,Brussels,BE
Ekeren,BE,Brussels,BE
Charleroi,BE,Brussels,BE
Aalst,BE,Brussels,BE
Deinze,BE,Brussels,BE
Nideggen,DE,Brussels,BE
Genval,BE,Brussels,BE
Jalhay,BE,Brussels,BE
Baesweiler,DE,Brussels,BE
Martigues,FR,Brussels,BE
Lavacherie,BE,Brussels,BE
Uccle,BE,Brussels,BE
Casteau,BE,Brussels,BE
Lanaken,BE,Brussels,BE
Merelbeke,BE,Brussels,BE
Malonne,BE,Brussels,BE
Langerwehe,DE,Brussels,BE
Dilbeek,BE,Brussels,BE
Saint-Josse-ten-Noode,BE,Brussels,BE
Cologne,DE,Brussels,BE
Eschweiler,DE,Brussels,BE
Aywaille,BE,Brussels,BE
Nimy,BE,Brussels,BE
Ingelmunster,BE,Brussels,BE
Moerbeke,BE,Brussels,BE
Heers,BE,Brussels,BE
Eupen,BE,Brussels,BE
Butgenbach,BE,Brussels,BE
Temse,BE,Brussels,BE
Dunkirk,FR,Brussels,BE
Bierges,BE,Brussels,BE
Meerhout,BE,Brussels,BE
Berlaar,BE,Brussels,BE
Gummersbach,DE,Brussels,BE
Amel,BE,Brussels,BE
Libramont,BE,Brussels,BE
Kampenhout,BE,Brussels,BE
Anderlues,BE,Brussels,BE
Helmond,NL,Brussels,BE
Châtelet,BE,Brussels,BE
Les Bons Villers,BE,Brussels,BE
Compiègne,FR,Brussels,BE
Wijnegem,BE,Brussels,BE
Hoboken,BE,Brussels,BE
Deerlijk,BE,Brussels,BE
Bonheiden,BE,Brussels,BE
Vorselaar,BE,Brussels,BE
Seraing,BE,Brussels,BE
Übach-Palenberg,DE,Brussels,BE
Bovigny,BE,Brussels,BE
Lochristi,BE,Brussels,BE
Hamme,BE,Brussels,BE
Bouwel,BE,Brussels,BE
Ittre,BE,Brussels,BE
Karlsburg,DE,Brussels,BE
Tourcoing,FR,Brussels,BE
Seclin,FR,Brussels,BE
Sambreville,BE,Brussels,BE
Heist-op-den-Berg,BE,Brussels,BE
Dilsen-Stokkem,BE,Brussels,BE
Kortenberg,BE,Brussels,BE
Aalter,BE,Brussels,BE
Amougies,BE,Brussels,BE
Houdeng-Goegnies,BE,Brussels,BE
Heiligenhaus,DE,Brussels,BE
Schelle,BE,Brussels,BE
Mechelen,BE,Brussels,BE
Mol,BE,Brussels,BE
Kruishoutem,BE,Brussels,BE
Etterbeek,BE,Brussels,BE
Roeselare,BE,Brussels,BE
Heinsberg,DE,Brussels,BE
Arendonk,BE,Brussels,BE
Heusden,BE,Brussels,BE
Schriek,BE,Brussels,BE
Meigem,BE,Brussels,BE
Wanze,BE,Brussels,BE
Kraainem,BE,Brussels,BE
Tubize,BE,Brussels,BE
Baudour,BE,Brussels,BE
Brussels,BE,Brussels,BE
Woluwe-Saint-Pierre - Sint-Pieters-Woluwe,BE,Brussels,BE
Aartselaar,BE,Brussels,BE
Souvret,BE,Brussels,BE
Lovendegem,BE,Brussels,BE
Malmedy,BE,Brussels,BE
Messancy,BE,Brussels,BE
Wavre,BE,Brussels,BE
Bornem,BE,Brussels,BE
Wilrijk,BE,Brussels,BE
Hautrage,BE,Brussels,BE
Limburg Province,BE,Brussels,BE
Gooik,BE,Brussels,BE
Pronsfeld,DE,Brussels,BE
Watermael-Boitsfort,BE,Brussels,BE
Nijlen,BE,Brussels,BE
Ath,BE,Brussels,BE
Gentbrugge,BE,Brussels,BE
Boutersem,BE,Brussels,BE
Geel,BE,Brussels,BE
Mönchengladbach,DE,Brussels,BE
Ferrières,BE,Brussels,BE
Lesquin,FR,Brussels,BE
Diepenbeek,BE,Brussels,BE
Comines,BE,Brussels,BE
Koksijde,BE,Brussels,BE
Bredene,BE,Brussels,BE
Mörlen,DE,Brussels,BE
Zemst,BE,Brussels,BE
Naast,BE,Brussels,BE
Viroinval,BE,Brussels,BE
Quaregnon,BE,Brussels,BE
Maaseik,BE,Brussels,BE
Lennik,BE,Brussels,BE
Remicourt,BE,Brussels,BE
Merksplas,BE,Brussels,BE
Patignies,BE,Brussels,BE
Serskamp,BE,Brussels,BE
Wuustwezel,BE,Brussels,BE
Eisenach,DE,Brussels,BE
Venlo,NL,Brussels,BE
Anhée,BE,Brussels,BE
Beerse,BE,Brussels,BE
Zelzate,BE,Brussels,BE
Neufchâteau,BE,Brussels,BE
Euskirchen,DE,Brussels,BE
Fontaine-l'Évêque,BE,Brussels,BE
Erpe,BE,Brussels,BE
Asse,BE,Brussels,BE
Lebbeke,BE,Brussels,BE
Beverlo,BE,Brussels,BE
Crisnée,BE,Brussels,BE
Meulebeke,BE,Brussels,BE
Fernelmont,BE,Brussels,BE
Borgloon,BE,Brussels,BE
Alpen,DE,Brussels,BE
Louvain-la-Neuve,BE,Brussels,BE
Aarschot,BE,Brussels,BE
Grez-Doiceau,BE,Brussels,BE
Veldhoven,NL,Brussels,BE
Mouscron,BE,Brussels,BE
Diest,BE,Brussels,BE
Chièvres,BE,Brussels,BE
Esneux,BE,Brussels,BE
Monceau-sur-Sambre,BE,Brussels,BE
Ronse,BE,Brussels,BE
Verlaine,BE,Brussels,BE
Spa,BE,Brussels,BE
Brugelette,BE,Brussels,BE
Beauraing,BE,Brussels,BE
Lille,BE,Brussels,BE
Kaarst,DE,Brussels,BE
Zele,BE,Brussels,BE
Woluwe-Saint-Lambert,BE,Brussels,BE
Stolberg,DE,Brussels,BE
Aarsele,BE,Brussels,BE
Auderghem,BE,Brussels,BE
Engis,BE,Brussels,BE
Tinlot,BE,Brussels,BE
Blicquy,BE,Brussels,BE
Anzegem,BE,Brussels,BE
Bron,FR,Brussels,BE
Nieuwpoort,BE,Brussels,BE
Izegem,BE,Brussels,BE
Villers-le-Bouillet,BE,Brussels,BE
Herent,BE,Brussels,BE
Tienen,BE,Brussels,BE
Boom,BE,Brussels,BE
Gouvy,BE,Brussels,BE
Merksem,BE,Brussels,BE
Huldenberg,BE,Brussels,BE
Bavegem,BE,Brussels,BE
Grobbendonk,BE,Brussels,BE
Steenokkerzeel,BE,Brussels,BE
Libin,BE,Brussels,BE
Torhout,BE,Brussels,BE
Feluy,BE,Brussels,BE
Sint-Genesius-Rode,BE,Brussels,BE
Wondelgem,BE,Brussels,BE
Florennes,BE,Brussels,BE
Gingelom,BE,Brussels,BE
Oreye,BE,Brussels,BE
Bree,BE,Brussels,BE
Dampremy,BE,Brussels,BE
Mesen,BE,Brussels,BE
Pipaix,BE,Brussels,BE
Boechout,BE,Brussels,BE
Hannut,BE,Brussels,BE
Champlon,BE,Brussels,BE
Lasne,BE,Brussels,BE
Le Bizet,BE,Brussels,BE
Hemptinne,BE,Brussels,BE
Hasselt,BE,Brussels,BE
Roubaix,FR,Brussels,BE
Hemiksem,BE,Brussels,BE
Gozée,BE,Brussels,BE
Lint,BE,Brussels,BE
Geyer,DE,Brussels,BE
Binche,BE,Brussels,BE
Ottignies,BE,Brussels,BE
Meise,BE,Brussels,BE
Rochefort,BE,Brussels,BE
Neupré,BE,Brussels,BE
Wegberg,DE,Brussels,BE
Zwalm,BE,Brussels,BE
Rotselaar,BE,Brussels,BE
Destelbergen,BE,Brussels,BE
Melle,BE,Brussels,BE
Linter,BE,Brussels,BE
Haacht,BE,Brussels,BE
Merzenich,DE,Brussels,BE
Stabroek,BE,Brussels,BE
Maasmechelen,BE,Brussels,BE
Haillot,BE,Brussels,BE
Wervik,BE,Brussels,BE
Wasseiges,BE,Brussels,BE
Ville-d'Avray,FR,Brussels,BE
Kempen,DE,Brussels,BE
Durbuy,BE,Brussels,BE
Lens,BE,Brussels,BE
Rixensart,BE,Brussels,BE
Ans,BE,Brussels,BE
Houtvenne,BE,Brussels,BE
Gerpinnes,BE,Brussels,BE
Couillet,BE,Brussels,BE
Onkerzele,BE,Brussels,BE
Beringen,BE,Brussels,BE
Ellezelles,BE,Brussels,BE
Ransart,BE,Brussels,BE
Kortrijk,BE,Brussels,BE
Freiamt,DE,Brussels,BE
Ostend,BE,Brussels,BE
Oostrozebeke,BE,Brussels,BE
Lummen,BE,Brussels,BE
Trazegnies,BE,Brussels,BE
Manage,BE,Brussels,BE
Marche-en-Famenne,BE,Brussels,BE
Ledeberg,BE,Brussels,BE
Londerzeel,BE,Brussels,BE
Jüchen,DE,Brussels,BE
Namur,BE,Brussels,BE
Wevelgem,BE,Brussels,BE
La Calamine,BE,Brussels,BE
Scherpenheuvel-Zichem,BE,Brussels,BE
Schilde,BE,Brussels,BE
Leopoldsburg,BE,Brussels,BE
Basècles,BE,Brussels,BE
Frameries,BE,Brussels,BE
Le Cateau-Cambrésis,FR,Brussels,BE
Vroenhoven,BE,Brussels,BE
Mont-Saint-Guibert,BE,Brussels,BE
Deurne,BE,Brussels,BE
Couvin,BE,Brussels,BE
Visé,BE,Brussels,BE
Floreffe,BE,Brussels,BE
Anderlecht,BE,Brussels,BE
Borgerhout,BE,Brussels,BE
Lokeren,BE,Brussels,BE
Liège,BE,Brussels,BE
Richmond,GB,Brussels,BE
Deux-Acren,BE,Brussels,BE
Houthalen-Helchteren,BE,Brussels,BE
Aldenhoven,DE,Brussels,BE
Lommel,BE,Brussels,BE
La Hestre,BE,Brussels,BE
Heverlee,BE,Brussels,BE
Sinaai,BE,Brussels,BE
Leuze,BE,Brussels,BE
Blankenberge,BE,Brussels,BE
Ciney,BE,Brussels,BE
Zottegem,BE,Brussels,BE
Taintignies,BE,Brussels,BE
Memmingen,DE,Brussels,BE
Hamont-Achel,BE,Brussels,BE
Fosses-la-Ville,BE,Brussels,BE
Jemeppe-sur-Meuse,BE,Brussels,BE
Zoersel,BE,Brussels,BE
Valenciennes,FR,Brussels,BE
Alsdorf,DE,Brussels,BE
Stavelot,BE,Brussels,BE
Dinant,BE,Brussels,BE
Erkrath,DE,Brussels,BE
Overpelt,BE,Brussels,BE
Ottignies-Louvain-la-Neuve,BE,Brussels,BE
Houyet,BE,Brussels,BE
Sint-Gillis-Waas,BE,Brussels,BE
Habay-la-Vieille,BE,Brussels,BE
Hückelhoven,DE,Brussels,BE
Yvoir,BE,Brussels,BE
Turnhout,BE,Brussels,BE
Edegem,BE,Brussels,BE
Mont-sur-Marchienne,BE,Brussels,BE
Bernissart,BE,Brussels,BE
Nettetal,DE,Brussels,BE
Jodoigne,BE,Brussels,BE
Ham-sur-Heure-Nalinnes,BE,Brussels,BE
Genk,BE,Brussels,BE
Zoutleeuw,BE,Brussels,BE
Frasnes-lez-Gosselies,BE,Brussels,BE
Nandrin,BE,Brussels,BE
Philippeville,BE,Brussels,BE
Beveren,BE,Brussels,BE
Lembeek,BE,Brussels,BE
Gosselies,BE,Brussels,BE
Stekene,BE,Brussels,BE
Sombreffe,BE,Brussels,BE
As,BE,Brussels,BE
Ixelles-Elsene,BE,Brussels,BE
Sint-Lievens-Houtem,BE,Brussels,BE
Battice,BE,Brussels,BE
Tongeren,BE,Brussels,BE
Berchem,BE,Brussels,BE
Waregem,BE,Brussels,BE
Ranst,BE,Brussels,BE
Maldegem,BE,Brussels,BE
Tessenderlo,BE,Brussels,BE
Tielt-Winge,BE,Brussels,BE
Soumagne,BE,Brussels,BE
Hoeilaart,BE,Brussels,BE
Linden,BE,Brussels,BE
Waimes,BE,Brussels,BE
Vielsalm,BE,Brussels,BE
Wetteren,BE,Brussels,BE
Erembodegem,BE,Brussels,BE
Vosselaar,BE,Brussels,BE
Walcourt,BE,Brussels,BE
Vezin,BE,Brussels,BE
Wielsbeke,BE,Brussels,BE
Roetgen,DE,Brussels,BE
Elsdorf,DE,Brussels,BE
Harelbeke,BE,Brussels,BE
Essen,BE,Brussels,BE
Oostakker,BE,Brussels,BE
Bruges,BE,Brussels,BE
Heure-le-Romain,BE,Brussels,BE
Ganshoren,BE,Brussels,BE
Jemeppe-sur-Sambre,BE,Brussels,BE
Maastricht,NL,Brussels,BE
Drogenbos,BE,Brussels,BE
Schwalmtal,DE,Brussels,BE
Landen,BE,Brussels,BE
Lede,BE,Brussels,BE
Bertrix,BE,Brussels,BE
Herentals,BE,Brussels,BE
Saint-Nicolas,BE,Brussels,BE
Koersel,BE,Brussels,BE
Limelette,BE,Brussels,BE
Wiesme,BE,Brussels,BE
Fleurus,BE,Brussels,BE
Grâce-Hollogne,BE,Brussels,BE
Gelsenkirchen,DE,Brussels,BE
Zingem,BE,Brussels,BE
Saint-Ghislain,BE,Brussels,BE
Profondeville,BE,Brussels,BE
Machelen,BE,Brussels,BE
Rendeux,BE,Brussels,BE
Overijse,BE,Brussels,BE
Arquennes,BE,Brussels,BE
Frasnes-lez-Anvaing,BE,Brussels,BE
Welkenraedt,BE,Brussels,BE
Achet,BE,Brussels,BE
Schoten,BE,Brussels,BE
Pont-à-Celles,BE,Brussels,BE
Courcelles,BE,Brussels,BE
Neuss,DE,Brussels,BE
Linkebeek,BE,Brussels,BE
De Pinte,BE,Brussels,BE
Willich,DE,Brussels,BE
Kortemark,BE,Brussels,BE
Amay,BE,Brussels,BE
Herk-de-Stad,BE,Brussels,BE
Oosterzele,BE,Brussels,BE
Vaux-sur-Sûre,BE,Brussels,BE
Marbehan,BE,Brussels,BE
Mildenau,DE,Brussels,BE
Jurbise,BE,Brussels,BE
Halanzy,BE,Brussels,BE
Maizeret,BE,Brussels,BE
Ieper,BE,Brussels,BE
Ardooie,BE,Brussels,BE
Wemmel,BE,Brussels,BE
Marcinelle,BE,Brussels,BE
Neukirchen-Vluyn,DE,Brussels,BE
Plombières,BE,Brussels,BE
Langdorp,BE,Brussels,BE
Tervuren,BE,Brussels,BE
Sivry-Rance,BE,Brussels,BE
Arlon,BE,Brussels,BE
Soignies,BE,Brussels,BE
Beauvechain,BE,Brussels,BE
Büllingen,BE,Brussels,BE
Ploegsteert,BE,Brussels,BE
La Louvière,BE,Brussels,BE
Écaussinnes-d'Enghien,BE,Brussels,BE
Bailleul,BE,Brussels,BE
Erquelinnes,BE,Brussels,BE
Havelange,BE,Brussels,BE
Westerlo,BE,Brussels,BE
Groot-Bijgaarden,BE,Brussels,BE
Comblain-au-Pont,BE,Brussels,BE
Flémalle,BE,Brussels,BE
Elewijt,BE,Brussels,BE
Pulle,BE,Brussels,BE
Zwevegem,BE,Brussels,BE
Hastière,BE,Brussels,BE
Zaventem,BE,Brussels,BE
Liedekerke,BE,Brussels,BE
Saint-Vaast,BE,Brussels,BE
Gangelt,DE,Brussels,BE
Alken,BE,Brussels,BE
Montigny-le-Tilleul,BE,Brussels,BE
Voeren,BE,Brussels,BE
Burg-Reuland,BE,Brussels,BE
Beaumont,BE,Brussels,BE
Erftstadt,DE,Brussels,BE
Lubbeek,BE,Brussels,BE
Dessel,BE,Brussels,BE
Brasschaat,BE,Brussels,BE
Andenne,BE,Brussels,BE
Virton,BE,Brussels,BE
Poperinge,BE,Brussels,BE
Sint-Job-in-'t-Goor,BE,Brussels,BE
Jambes,BE,Brussels,BE
Waterloo,BE,Brussels,BE
Grimbergen,BE,Brussels,BE
Zonhoven,BE,Brussels,BE
Krefeld,DE,Brussels,BE
Tertre,BE,Brussels,BE
Wellin,BE,Brussels,BE
Kluisbergen,BE,Brussels,BE
Stadtlohn,DE,Brussels,BE
Düsseldorf,DE,Brussels,BE
Houffalize,BE,Brussels,BE
Denderhoutem,BE,Brussels,BE
Rijmenam,BE,Brussels,BE
Pecq,BE,Brussels,BE
Bastogne,BE,Brussels,BE
Denderleeuw,BE,Brussels,BE
Tournai,BE,Brussels,BE
Betzdorf,DE,Brussels,BE
Gembloux,BE,Brussels,BE
Waremme,BE,Brussels,BE
Masnuy-Saint-Pierre,BE,Brussels,BE
Bedburg,DE,Brussels,BE
Thuillies,BE,Brussels,BE
Brecht,BE,Brussels,BE
Chaumont-Gistoux,BE,Brussels,BE
Kapellen,BE,Brussels,BE
Schenefeld,DE,Brussels,BE
Lichtervelde,BE,Brussels,BE
Everberg,BE,Brussels,BE
Paris,FR,Brussels,BE
Vilvoorde,BE,Brussels,BE
Bassenge,BE,Brussels,BE
Oudenaarde,BE,Brussels,BE
Juprelle,BE,Brussels,BE
Jumet,BE,Brussels,BE
Avelgem,BE,Brussels,BE
Hoegaarden,BE,Brussels,BE
Lesdain,BE,Brussels,BE
Laarne,BE,Brussels,BE
Roux,BE,Brussels,BE
Retie,BE,Brussels,BE
Grevenbroich,DE,Brussels,BE
Duffel,BE,Brussels,BE
Orp-Jauche,BE,Brussels,BE
Braine-le-Comte,BE,Brussels,BE
Landskouter,BE,Brussels,BE
Koekelberg,BE,Brussels,BE
Schaarbeek,BE,Brussels,BE
Herenthout,BE,Brussels,BE
Kuurne,BE,Brussels,BE
Westende,BE,Brussels,BE
Tilleur,BE,Brussels,BE
Wolvertem,BE,Brussels,BE
Dour,BE,Brussels,BE
Tohogne,BE,Brussels,BE
Geleen,NL,Brussels,BE
Burst,BE,Brussels,BE
Somme-Leuze,BE,Brussels,BE
Nivelles,BE,Brussels,BE
Villers-la-Ville,BE,Brussels,BE
Wingene,BE,Brussels,BE
Bertem,BE,Brussels,BE
Sint-Katelijne-Waver,BE,Brussels,BE
Jülich,DE,Brussels,BE
Ninove,BE,Brussels,BE
Luxembourg,LU,Brussels,BE
Wilsele,BE,Brussels,BE
Tangstedt,DE,Brussels,BE
Zeebrugge,BE,Brussels,BE
Bilzen,BE,Brussels,BE
Düren,DE,Brussels,BE
Sankt Vith,BE,Brussels,BE
Rance,BE,Brussels,BE
De Haan,BE,Brussels,BE
Péruwelz,BE,Brussels,BE
Lodelinsart,BE,Brussels,BE
Oostkamp,BE,Brussels,BE
Lier,BE,Brussels,BE
Ebblinghem,FR,Brussels,BE
Herzogenrath,DE,Brussels,BE
Ruiselede,BE,Brussels,BE
Wezembeek-Oppem,BE,Brussels,BE
Houdeng-Aimeries,BE,Brussels,BE
Menen,BE,Brussels,BE
Neustadt an der Donau,DE,Brussels,BE
Niel,BE,Brussels,BE
Onhaye,BE,Brussels,BE
Bellecourt,BE,Brussels,BE
Bouffioulx,BE,Brussels,BE
Dendermonde,BE,Brussels,BE
Huy,BE,Brussels,BE
Sainte-Ode,BE,Brussels,BE
Gavere,BE,Brussels,BE
Hamois,BE,Brussels,BE
Perwez,BE,Brussels,BE
Genappe,BE,Brussels,BE
Heimbach,DE,Brussels,BE
Sint-Truiden,BE,Brussels,BE
Leuven,BE,Brussels,BE
Geetbets,BE,Brussels,BE
Puurs,BE,Brussels,BE
Sint-Niklaas,BE,Brussels,BE
Paal,BE,Brussels,BE
Wijgmaal,BE,Brussels,BE
Evergem,BE,Brussels,BE
Antwerp,BE,Brussels,BE
Ghlin,BE,Brussels,BE
Gilly,BE,Brussels,BE
Godarville,BE,Brussels,BE
Sonsbeck,DE,Brussels,BE
Froidchapelle,BE,Brussels,BE
Herselt,BE,Brussels,BE
Roosdaal,BE,Brussels,BE
Aachen,DE,Brussels,BE
De Panne,BE,Brussels,BE
Haaltert,BE,Brussels,BE
Jemappes,BE,Brussels,BE
Verviers,BE,Brussels,BE
Bouillon,BE,Brussels,BE
Koekelare,BE,Brussels,BE
Kontich,BE,Brussels,BE
Malle,BE,Brussels,BE
Ternat,BE,Brussels,BE
Incourt,BE,Brussels,BE
Grivegnée,BE,Brussels,BE
Affligem,BE,Brussels,BE
Forest,BE,Brussels,BE
Lezennes,FR,Brussels,BE
Lessines,BE,Brussels,BE
Hulshout,BE,Brussels,BE
Oetingen,BE,Brussels,BE
Brakel,BE,Brussels,BE
Heusden-Zolder,BE,Brussels,BE
Bovesse,BE,Brussels,BE
Herzele,BE,Brussels,BE
Cerfontaine,BE,Brussels,BE
Hennuyères,BE,Brussels,BE
Niederhadamar,DE,Brussels,BE
Bois-de-Villers,BE,Brussels,BE
Riemst,BE,Brussels,BE
Enghien,BE,Brussels,BE
Givry,BE,Brussels,BE
Roisin,BE,Brussels,BE
Solre-sur-Sambre,BE,Brussels,BE
Braine-l'Alleud,BE,Brussels,BE
Éghezée,BE,Brussels,BE
Viersen,DE,Brussels,BE
Saint-Hubert,BE,Brussels,BE
Beloeil,BE,Brussels,BE
Court-Saint-Étienne,BE,Brussels,BE
Kruibeke,BE,Brussels,BE
Momignies,BE,Brussels,BE
Halle,BE,Brussels,BE
Balâtre,BE,Brussels,BE
Kreuzau,DE,Brussels,BE
Dentergem,BE,Brussels,BE
Niederzier,DE,Brussels,BE
Wépion,BE,Brussels,BE
Braives,BE,Brussels,BE
Schleiden,DE,Brussels,BE
Gesves,BE,Brussels,BE
Monschau,DE,Brussels,BE
Morlanwelz-Mariemont,BE,Brussels,BE
Nieuwenrode,BE,Brussels,BE
Moorslede,BE,Brussels,BE
Seneffe,BE,Brussels,BE
Oteppe,BE,Brussels,BE
Peer,BE,Brussels,BE
Comodoro Rivadavia,AR,Buenos Aires,AR
Villalonga,AR,Buenos Aires,AR
Simoca,AR,Buenos Aires,AR
Alejandro Roca,AR,Buenos Aires,AR
Paysandú,UY,Buenos Aires,AR
El Bordo,AR,Buenos Aires,AR
Viamonte,AR,Buenos Aires,AR
Libertad,AR,Buenos Aires,AR
Laprida,AR,Buenos Aires,AR
Contralmirante Cordero,AR,Buenos Aires,AR
Areguá,PY,Buenos Aires,AR
Río Tercero,AR,Buenos Aires,AR
Colonia Caroya,AR,Buenos Aires,AR
Helvecia,AR,Buenos Aires,AR
Saladillo,AR,Buenos Aires,AR
Pucón,CL,Buenos Aires,AR
San Antonio de Areco,AR,Buenos Aires,AR
Villa Maipú,AR,Buenos Aires,AR
San Fernando,AR,Buenos Aires,AR
San Miguel,AR,Buenos Aires,AR
Piquillín,AR,Buenos Aires,AR
Concordia,AR,Buenos Aires,AR
Aguas Calientes,AR,Buenos Aires,AR
Berazategui,AR,Buenos Aires,AR
Villa del Totoral,AR,Buenos Aires,AR
Mariano Moreno,AR,Buenos Aires,AR
Roldán,AR,Buenos Aires,AR
Abra Pampa,AR,Buenos Aires,AR
Saavedra,AR,Buenos Aires,AR
Larroque,AR,Buenos Aires,AR
Pichanal,AR,Buenos Aires,AR
Partido de General Alvarado,AR,Buenos Aires,AR
Serodino,AR,Buenos Aires,AR
Ingeniero Maschwitz,AR,Buenos Aires,AR
Avellaneda,AR,Buenos Aires,AR
Laboulaye,AR,Buenos Aires,AR
Tornquist,AR,Buenos Aires,AR
Clorinda,AR,Buenos Aires,AR
San José,AR,Buenos Aires,AR
Pergamino,AR,Buenos Aires,AR
Ituzaingó,UY,Buenos Aires,AR
Vedia,AR,Buenos Aires,AR
Añatuya,AR,Buenos Aires,AR
Villa General Ramírez,AR,Buenos Aires,AR
Coronel Olmedo,AR,Buenos Aires,AR
Capilla del Señor,AR,Buenos Aires,AR
Canelones,UY,Buenos Aires,AR
Gálvez,AR,Buenos Aires,AR
Casbas,AR,Buenos Aires,AR
Villa Ángela,AR,Buenos Aires,AR
Lanús Este,AR,Buenos Aires,AR
Manuel Alberti,AR,Buenos Aires,AR
Pablo Podestá,AR,Buenos Aires,AR
Malvín Norte,UY,Buenos Aires,AR
Don Torcuato,AR,Buenos Aires,AR
Wilde,AR,Buenos Aires,AR
Caseros,AR,Buenos Aires,AR
Cañadón Once de Septiembre,AR,Buenos Aires,AR
Sampacho,AR,Buenos Aires,AR
Oberá,AR,Buenos Aires,AR
Blandengues,AR,Buenos Aires,AR
Cruz del Eje,AR,Buenos Aires,AR
Puerto Tirol,AR,Buenos Aires,AR
Esperanza,AR,Buenos Aires,AR
Sauce,UY,Buenos Aires,AR
Ballesteros Sud,AR,Buenos Aires,AR
Merlo,AR,Buenos Aires,AR
Puerto San Julián,AR,Buenos Aires,AR
Guernica,AR,Buenos Aires,AR
General Pacheco,AR,Buenos Aires,AR
Ensenada,AR,Buenos Aires,AR
Armstrong,AR,Buenos Aires,AR
González Moreno,AR,Buenos Aires,AR
Empedrado,AR,Buenos Aires,AR
Belén de Escobar,AR,Buenos Aires,AR
Villa Iris,AR,Buenos Aires,AR
Treinta de Agosto,AR,Buenos Aires,AR
Benavídez,AR,Buenos Aires,AR
General Alvear,AR,Buenos Aires,AR
Pujato,AR,Buenos Aires,AR
Pinamar,AR,Buenos Aires,AR
El Carril,AR,Buenos Aires,AR
Parada Robles,AR,Buenos Aires,AR
Veinticinco de Mayo,AR,Buenos Aires,AR
Manuel B. Gonnet,AR,Buenos Aires,AR
Villa de las Rosas,AR,Buenos Aires,AR
Euskadi,AR,Buenos Aires,AR
Quitilipi,AR,Buenos Aires,AR
Ciudadela,AR,Buenos Aires,AR
Trenque Lauquen,AR,Buenos Aires,AR
Puerto Piray,AR,Buenos Aires,AR
Gobernador Moyano,AR,Buenos Aires,AR
Villa Nueva,AR,Buenos Aires,AR
Hernández,AR,Buenos Aires,AR
Alderetes,AR,Buenos Aires,AR
Comandante Nicanor Otamendi,AR,Buenos Aires,AR
Granadero Baigorria,AR,Buenos Aires,AR
Fortín Soledad,AR,Buenos Aires,AR
San José de Jáchal,AR,Buenos Aires,AR
Villa Dolores,AR,Buenos Aires,AR
Zapala,AR,Buenos Aires,AR
Cerrillos,AR,Buenos Aires,AR
Arrecifes,AR,Buenos Aires,AR
28 de Noviembre,AR,Buenos Aires,AR
Chajarí,AR,Buenos Aires,AR
Villa Adelina,AR,Buenos Aires,AR
San Lorenzo,PY,Buenos Aires,AR
Almagro,AR,Buenos Aires,AR
El Taco,AR,Buenos Aires,AR
Río Ceballos,AR,Buenos Aires,AR
Charata,AR,Buenos Aires,AR
Santa Fe,AR,Buenos Aires,AR
General Rodríguez,AR,Buenos Aires,AR
Colonia del Sacramento,UY,Buenos Aires,AR
Reconquista,AR,Buenos Aires,AR
Posadas,AR,Buenos Aires,AR
Lanús,AR,Buenos Aires,AR
Lules,AR,Buenos Aires,AR
Roberts,AR,Buenos Aires,AR
Yuru Cuá,AR,Buenos Aires,AR
Laguna Alsina,AR,Buenos Aires,AR
Batán,AR,Buenos Aires,AR
Montevideo,UY,Buenos Aires,AR
La Trinidad,AR,Buenos Aires,AR
Termas de Río Hondo,AR,Buenos Aires,AR
Glew,AR,Buenos Aires,AR
Tres Lomas,AR,Buenos Aires,AR
Hasenkamp,AR,Buenos Aires,AR
Quilmes Oeste,AR,Buenos Aires,AR
Moreno,AR,Buenos Aires,AR
Viedma,AR,Buenos Aires,AR
Yerba Buena,AR,Buenos Aires,AR
Rawson,AR,Buenos Aires,AR
Ceres,AR,Buenos Aires,AR
Sierra Grande,AR,Buenos Aires,AR
General Roca,AR,Buenos Aires,AR
San Salvador,AR,Buenos Aires,AR
Centro,UY,Buenos Aires,AR
Llavallol,AR,Buenos Aires,AR
Alvear,AR,Buenos Aires,AR
Federal,AR,Buenos Aires,AR
Blaquier,AR,Buenos Aires,AR
San Andrés de Giles,AR,Buenos Aires,AR
Villa Eduardo Madero,AR,Buenos Aires,AR
Concepción,AR,Buenos Aires,AR
Ojo de Agua,AR,Buenos Aires,AR
Justo Daract,AR,Buenos Aires,AR
Malvinas Argentinas,AR,Buenos Aires,AR
La Cumbre,AR,Buenos Aires,AR
Nogoyá,AR,Buenos Aires,AR
Villa Atamisqui,AR,Buenos Aires,AR
Dudignac,AR,Buenos Aires,AR
Sáenz Peña,AR,Buenos Aires,AR
Palermo,AR,Buenos Aires,AR
San José de Mayo,UY,Buenos Aires,AR
Los Juríes,AR,Buenos Aires,AR
Valle de Anisacate,AR,Buenos Aires,AR
Florida,AR,Buenos Aires,AR
O'Higgins,AR,Buenos Aires,AR
Campo Gallo,AR,Buenos Aires,AR
Alta Gracia,AR,Buenos Aires,AR
San Basilio,AR,Buenos Aires,AR
Gobernador Roca,AR,Buenos Aires,AR
Ramos Mejía,AR,Buenos Aires,AR
Jacinto Vera,UY,Buenos Aires,AR
Mercedes,UY,Buenos Aires,AR
Olavarría,AR,Buenos Aires,AR
Tandil,AR,Buenos Aires,AR
Ezeiza,AR,Buenos Aires,AR
Salazar,AR,Buenos Aires,AR
Ricardo Rojas,AR,Buenos Aires,AR
Funes,AR,Buenos Aires,AR
San Antonio de Padua,AR,Buenos Aires,AR
Rafaela,AR,Buenos Aires,AR
Bigand,AR,Buenos Aires,AR
Río Grande,AR,Buenos Aires,AR
Goya,AR,Buenos Aires,AR
Curuzú Cuatiá,AR,Buenos Aires,AR
Lanús Oeste,AR,Buenos Aires,AR
Salvador Mazza,AR,Buenos Aires,AR
Río Segundo,AR,Buenos Aires,AR
Aldea Valle María,AR,Buenos Aires,AR
La Quiaca,AR,Buenos Aires,AR
Los Hornillos,AR,Buenos Aires,AR
María Teresa,AR,Buenos Aires,AR
Libertador General San Martín,AR,Buenos Aires,AR
San Jorge,AR,Buenos Aires,AR
Allen,AR,Buenos Aires,AR
Nordelta,AR,Buenos Aires,AR
Cosquín,AR,Buenos Aires,AR
Bulnes,AR,Buenos Aires,AR
Mar del Sur,AR,Buenos Aires,AR
Coronda,AR,Buenos Aires,AR
Salto,AR,Buenos Aires,AR
Campo Quijano,AR,Buenos Aires,AR
Coronel Pringles,AR,Buenos Aires,AR
Cañada de Gómez,AR,Buenos Aires,AR
Huerta Grande,AR,Buenos Aires,AR
Villa Soldati,AR,Buenos Aires,AR
San Juan Bautista,AR,Buenos Aires,AR
Villa Bosch,AR,Buenos Aires,AR
Ministro Rivadavia,AR,Buenos Aires,AR
Luis Guillón,AR,Buenos Aires,AR
Ituzaingó,AR,Buenos Aires,AR
Villa Constitución,AR,Buenos Aires,AR
León Rouges,AR,Buenos Aires,AR
Ombú,AR,Buenos Aires,AR
Gualeguaychú,AR,Buenos Aires,AR
Cañuelas,AR,Buenos Aires,AR
Perito Moreno,AR,Buenos Aires,AR
El Triunfo,AR,Buenos Aires,AR
Boca Toma,AR,Buenos Aires,AR
Martínez,AR,Buenos Aires,AR
Carmen de Areco,AR,Buenos Aires,AR
Aarón Castellanos,AR,Buenos Aires,AR
Villa María,AR,Buenos Aires,AR
Banfield,AR,Buenos Aires,AR
Quilicura,CL,Buenos Aires,AR
Itá,PY,Buenos Aires,AR
Pirané,AR,Buenos Aires,AR
Ingeniero Jacobacci,AR,Buenos Aires,AR
Belvedere,UY,Buenos Aires,AR
Almirante Brown,AR,Buenos Aires,AR
Roque Pérez,AR,Buenos Aires,AR
San José de Metán,AR,Buenos Aires,AR
Marcos Paz,AR,Buenos Aires,AR
San Benito,AR,Buenos Aires,AR
Tarariras,UY,Buenos Aires,AR
Dolores,AR,Buenos Aires,AR
Florentino Ameghino,AR,Buenos Aires,AR
Entre Rios,AR,Buenos Aires,AR
Colonia Tirolesa,AR,Buenos Aires,AR
Turdera,AR,Buenos Aires,AR
Maipú,AR,Buenos Aires,AR
Médanos,AR,Buenos Aires,AR
La Carlota,AR,Buenos Aires,AR
Gerli,AR,Buenos Aires,AR
Juárez Celman,AR,Buenos Aires,AR
Carcarañá,AR,Buenos Aires,AR
Villa Tesei,AR,Buenos Aires,AR
Villaguay,AR,Buenos Aires,AR
Pando,UY,Buenos Aires,AR
San Agustín,AR,Buenos Aires,AR
José de San Martín,AR,Buenos Aires,AR
Viale,AR,Buenos Aires,AR
Azul,AR,Buenos Aires,AR
Catriló,AR,Buenos Aires,AR
Constitución,AR,Buenos Aires,AR
Las Palmas,AR,Buenos Aires,AR
Diego de Alvear,AR,Buenos Aires,AR
Trevelin,AR,Buenos Aires,AR
Vergara,UY,Buenos Aires,AR
Barrancas,AR,Buenos Aires,AR
Italó,AR,Buenos Aires,AR
Santa Anita,AR,Buenos Aires,AR
Crespo,AR,Buenos Aires,AR
Chepes,AR,Buenos Aires,AR
Las Parejas,AR,Buenos Aires,AR
La Rioja,AR,Buenos Aires,AR
San Justo,AR,Buenos Aires,AR
General Villegas,AR,Buenos Aires,AR
Juan Cousté,AR,Buenos Aires,AR
Palpalá,AR,Buenos Aires,AR
Bandera,AR,Buenos Aires,AR
Ciudad del Libertador General San Martín,AR,Buenos Aires,AR
José Mármol,AR,Buenos Aires,AR
Hilario Ascasubi,AR,Buenos Aires,AR
Don Bosco,AR,Buenos Aires,AR
Coronel Brandsen,AR,Buenos Aires,AR
Puerto Madryn,AR,Buenos Aires,AR
Capitán Cáceres,AR,Buenos Aires,AR
Gobernador Juan E. Martínez,AR,Buenos Aires,AR
Chabás,AR,Buenos Aires,AR
La Barrancosa,AR,Buenos Aires,AR
Santos Lugares,AR,Buenos Aires,AR
Garín,AR,Buenos Aires,AR
Puerto Santa Cruz,AR,Buenos Aires,AR
San Nicolás de los Arroyos,AR,Buenos Aires,AR
Adrogué,AR,Buenos Aires,AR
Los Altos,AR,Buenos Aires,AR
El Talar,AR,Buenos Aires,AR
Maquinista Savio,AR,Buenos Aires,AR
Paraná,AR,Buenos Aires,AR
Puerto Esperanza,AR,Buenos Aires,AR
Pilar,AR,Buenos Aires,AR
Tanti,AR,Buenos Aires,AR
Villa Mugueta,AR,Buenos Aires,AR
Aguas Blancas,AR,Buenos Aires,AR
Arroyo Seco,AR,Buenos Aires,AR
Empalme San Vicente,AR,Buenos Aires,AR
Margarita Belén,AR,Buenos Aires,AR
La Cruz de Arriba,AR,Buenos Aires,AR
Tinogasta,AR,Buenos Aires,AR
Las Heras,AR,Buenos Aires,AR
San Luis,AR,Buenos Aires,AR
Villa Martelli,AR,Buenos Aires,AR
Limpio,PY,Buenos Aires,AR
Balcarce,AR,Buenos Aires,AR
Achiras,AR,Buenos Aires,AR
Tapalqué,AR,Buenos Aires,AR
Canals,AR,Buenos Aires,AR
Mercedes,AR,Buenos Aires,AR
General Galarza,AR,Buenos Aires,AR
María Grande,AR,Buenos Aires,AR
Alfredo Demarchi,AR,Buenos Aires,AR
Pellegrini,AR,Buenos Aires,AR
San Francisco Solano,AR,Buenos Aires,AR
Ramallo,AR,Buenos Aires,AR
Río Mayo,AR,Buenos Aires,AR
Loma Hermosa,AR,Buenos Aires,AR
Del Viso,AR,Buenos Aires,AR
Concepción del Uruguay,AR,Buenos Aires,AR
Romang,AR,Buenos Aires,AR
Salliqueló,AR,Buenos Aires,AR
López,AR,Buenos Aires,AR
Oliveros,AR,Buenos Aires,AR
Monte Vera,AR,Buenos Aires,AR
Darregueira,AR,Buenos Aires,AR
Boulogne Sur Mer,AR,Buenos Aires,AR
General Cabrera,AR,Buenos Aires,AR
Aldea Brasilera,AR,Buenos Aires,AR
Coronel Suárez,AR,Buenos Aires,AR
Santa Lucía,AR,Buenos Aires,AR
Saladas,AR,Buenos Aires,AR
Palacios,AR,Buenos Aires,AR
Punta Carretas,UY,Buenos Aires,AR
Medrano,AR,Buenos Aires,AR
La Paz,UY,Buenos Aires,AR
Sumampa,AR,Buenos Aires,AR
Real del Padre,AR,Buenos Aires,AR
Villa Domínico,AR,Buenos Aires,AR
Lincoln,AR,Buenos Aires,AR
San Pedro,AR,Buenos Aires,AR
Villa Lynch,AR,Buenos Aires,AR
Laguna Larga,AR,Buenos Aires,AR
Virreyes,AR,Buenos Aires,AR
La Cocha,AR,Buenos Aires,AR
Tortugas,AR,Buenos Aires,AR
Urundel,AR,Buenos Aires,AR
Apóstoles,AR,Buenos Aires,AR
Loncopué,AR,Buenos Aires,AR
Rafael Castillo,AR,Buenos Aires,AR
Villa Krause,AR,Buenos Aires,AR
Arenaza,AR,Buenos Aires,AR
Puerto Argentino,AR,Buenos Aires,AR
La Plata,AR,Buenos Aires,AR
Monte Hermoso,AR,Buenos Aires,AR
Bialet Massé,AR,Buenos Aires,AR
Villa Córdoba,AR,Buenos Aires,AR
General Daniel Cerri,AR,Buenos Aires,AR
Mar del Plata,AR,Buenos Aires,AR
San Miguel del Monte,AR,Buenos Aires,AR
Carhué,AR,Buenos Aires,AR
Pilciao,AR,Buenos Aires,AR
Tunuyán,AR,Buenos Aires,AR
Pomán,AR,Buenos Aires,AR
San Jacinto,UY,Buenos Aires,AR
Paso de la Patria,AR,Buenos Aires,AR
Gobernador Crespo,AR,Buenos Aires,AR
Recreo,AR,Buenos Aires,AR
La Violeta,AR,Buenos Aires,AR
Villa Rosa,AR,Buenos Aires,AR
Aldea San Antonio,AR,Buenos Aires,AR
Pehuajó,AR,Buenos Aires,AR
Puerto Iguazú,AR,Buenos Aires,AR
Balvanera,AR,Buenos Aires,AR
Rosario de la Frontera,AR,Buenos Aires,AR
Ricardone,AR,Buenos Aires,AR
Diamante,AR,Buenos Aires,AR
Nicanor Olivera,AR,Buenos Aires,AR
Nelson,AR,Buenos Aires,AR
Monte Quemado,AR,Buenos Aires,AR
Bernal Oeste,AR,Buenos Aires,AR
Lomas del Mirador,AR,Buenos Aires,AR
Bragado,AR,Buenos Aires,AR
Santa Clara de Saguier,AR,Buenos Aires,AR
Villa El Chocón,AR,Buenos Aires,AR
San Francisco,AR,Buenos Aires,AR
Baigorrita,AR,Buenos Aires,AR
Punta del Este,UY,Buenos Aires,AR
Monte Comán,AR,Buenos Aires,AR
Sauce,AR,Buenos Aires,AR
Villa de Mayo,AR,Buenos Aires,AR
Juan José Paso,AR,Buenos Aires,AR
Carmen de Patagones,AR,Buenos Aires,AR
La Reja,AR,Buenos Aires,AR
Iriondo,AR,Buenos Aires,AR
Rosario,AR,Buenos Aires,AR
Durazno,UY,Buenos Aires,AR
Sayago,UY,Buenos Aires,AR
Fighiera,AR,Buenos Aires,AR
Pontevedra,AR,Buenos Aires,AR
San Carlos Norte,AR,Buenos Aires,AR
Lobería,AR,Buenos Aires,AR
San Genaro,AR,Buenos Aires,AR
Capilla del Monte,AR,Buenos Aires,AR
Tres Arroyos,AR,Buenos Aires,AR
Gobernador Castro,AR,Buenos Aires,AR
San Antonio Oeste,AR,Buenos Aires,AR
Palo Santo,AR,Buenos Aires,AR
Senillosa,AR,Buenos Aires,AR
Río Turbio,AR,Buenos Aires,AR
La Mendieta,AR,Buenos Aires,AR
Capitán Sarmiento,AR,Buenos Aires,AR
Germania,AR,Buenos Aires,AR
Zárate,AR,Buenos Aires,AR
Asunción,PY,Buenos Aires,AR
Tartagal,AR,Buenos Aires,AR
Vera,AR,Buenos Aires,AR
Nueva Lehmann,AR,Buenos Aires,AR
Juan Bautista Alberdi,AR,Buenos Aires,AR
Los Cerrillos,UY,Buenos Aires,AR
Pigüé,AR,Buenos Aires,AR
San José de la Dormida,AR,Buenos Aires,AR
San Cristóbal,AR,Buenos Aires,AR
Calchaquí,AR,Buenos Aires,AR
Los Toldos,AR,Buenos Aires,AR
América,AR,Buenos Aires,AR
Baradero,AR,Buenos Aires,AR
Buceo,UY,Buenos Aires,AR
Canning,AR,Buenos Aires,AR
El Calafate,AR,Buenos Aires,AR
Henderson,AR,Buenos Aires,AR
Caucete,AR,Buenos Aires,AR
Trancas,AR,Buenos Aires,AR
Villa Escolar,AR,Buenos Aires,AR
Jardín América,AR,Buenos Aires,AR
Leones,AR,Buenos Aires,AR
Fray Bentos,UY,Buenos Aires,AR
Valle Hermoso,AR,Buenos Aires,AR
Paso del Rey,AR,Buenos Aires,AR
Troncos del Talar,AR,Buenos Aires,AR
Los Polvorines,AR,Buenos Aires,AR
Trinidad,UY,Buenos Aires,AR
Benito Juárez,AR,Buenos Aires,AR
Claypole,AR,Buenos Aires,AR
Temuco,CL,Buenos Aires,AR
Pampa de los Guanacos,AR,Buenos Aires,AR
Malabrigo,AR,Buenos Aires,AR
Monte Grande,AR,Buenos Aires,AR
Quilmes,AR,Buenos Aires,AR
General Guido,AR,Buenos Aires,AR
Bovril,AR,Buenos Aires,AR
Muñiz,AR,Buenos Aires,AR
La Bodeguita,AR,Buenos Aires,AR
Monte Maíz,AR,Buenos Aires,AR
City Bell,AR,Buenos Aires,AR
Los Cardales,AR,Buenos Aires,AR
Monje,AR,Buenos Aires,AR
Monteros,AR,Buenos Aires,AR
Santo Tomé,AR,Buenos Aires,AR
Villa Ramallo,AR,Buenos Aires,AR
Suipacha,AR,Buenos Aires,AR
Quimilí,AR,Buenos Aires,AR
Colonia Wanda,AR,Buenos Aires,AR
Melo,UY,Buenos Aires,AR
Cafayate,AR,Buenos Aires,AR
Bernal,AR,Buenos Aires,AR
Coronel Vidal,AR,Buenos Aires,AR
Haedo,AR,Buenos Aires,AR
Ibicuy,AR,Buenos Aires,AR
Villa Española,UY,Buenos Aires,AR
Presidencia Roque Sáenz Peña,AR,Buenos Aires,AR
González Catán,AR,Buenos Aires,AR
Temperley,AR,Buenos Aires,AR
San Isidro,AR,Buenos Aires,AR
Clason,AR,Buenos Aires,AR
Córdoba,AR,Buenos Aires,AR
Cruz Alta,AR,Buenos Aires,AR
Lago Puelo,AR,Buenos Aires,AR
Hurlingham,AR,Buenos Aires,AR
Chillar,AR,Buenos Aires,AR
Montserrat,AR,Buenos Aires,AR
Marcos Juárez,AR,Buenos Aires,AR
Villa Ballester,AR,Buenos Aires,AR
Cardona,UY,Buenos Aires,AR
Necochea,AR,Buenos Aires,AR
Perico,AR,Buenos Aires,AR
Firmat,AR,Buenos Aires,AR
Villa Ocampo,AR,Buenos Aires,AR
Matheu,AR,Buenos Aires,AR
Corzuela,AR,Buenos Aires,AR
Paternal,AR,Buenos Aires,AR
Mataderos,AR,Buenos Aires,AR
Minas,UY,Buenos Aires,AR
Río Colorado,AR,Buenos Aires,AR
Dique Luján,AR,Buenos Aires,AR
Corral de Bustos,AR,Buenos Aires,AR
Almafuerte,AR,Buenos Aires,AR
Río Cuarto,AR,Buenos Aires,AR
San Javier,AR,Buenos Aires,AR
Villa Pueyrredón,AR,Buenos Aires,AR
Coronel Juan Solá,AR,Buenos Aires,AR
San Rafael,AR,Buenos Aires,AR
General Pico,AR,Buenos Aires,AR
Orán,AR,Buenos Aires,AR
Las Lomitas,AR,Buenos Aires,AR
Salsipuedes,AR,Buenos Aires,AR
Concepción del Bermejo,AR,Buenos Aires,AR
Cordón,UY,Buenos Aires,AR
Beccar,AR,Buenos Aires,AR
Centenario,AR,Buenos Aires,AR
Itá Ibaté,AR,Buenos Aires,AR
Aldo Bonzi,AR,Buenos Aires,AR
Nueva Esperanza,AR,Buenos Aires,AR
Bariloche,AR,Buenos Aires,AR
Gobernador Mansilla,AR,Buenos Aires,AR
Villa Regina,AR,Buenos Aires,AR
Rodeo de la Cruz,AR,Buenos Aires,AR
General Las Heras,AR,Buenos Aires,AR
San Lorenzo,AR,Buenos Aires,AR
Laguna Paiva,AR,Buenos Aires,AR
Martín Coronado,AR,Buenos Aires,AR
Villa Basilio Nievas,AR,Buenos Aires,AR
Aldea Protestante,AR,Buenos Aires,AR
Villa Mercedes,AR,Buenos Aires,AR
Malargüe,AR,Buenos Aires,AR
Chivilcoy,AR,Buenos Aires,AR
Juan José Castelli,AR,Buenos Aires,AR
Victoria,AR,Buenos Aires,AR
Los Charrúas,AR,Buenos Aires,AR
Sosa,AR,Buenos Aires,AR
La Florida,AR,Buenos Aires,AR
Olivos,AR,Buenos Aires,AR
Maldonado,UY,Buenos Aires,AR
Sunchales,AR,Buenos Aires,AR
Casilda,AR,Buenos Aires,AR
Resistencia,AR,Buenos Aires,AR
Lobos,AR,Buenos Aires,AR
La Lucila,AR,Buenos Aires,AR
Estación Migues,UY,Buenos Aires,AR
Tala,UY,Buenos Aires,AR
Bahía Blanca,AR,Buenos Aires,AR
Alejandra,AR,Buenos Aires,AR
Campana,AR,Buenos Aires,AR
Bahía Bustamante,AR,Buenos Aires,AR
Venado Tuerto,AR,Buenos Aires,AR
Grand Bourg,AR,Buenos Aires,AR
Chascomús,AR,Buenos Aires,AR
General Rojo,AR,Buenos Aires,AR
Arribeños,AR,Buenos Aires,AR
Villa José León Suárez,AR,Buenos Aires,AR
Lima,AR,Buenos Aires,AR
Jacipunco,AR,Buenos Aires,AR
Rincón de Milberg,AR,Buenos Aires,AR
Chacabuco,AR,Buenos Aires,AR
Bajada del Agrio,AR,Buenos Aires,AR
San Fernando de Escoipe,AR,Buenos Aires,AR
Lomas de Zamora,AR,Buenos Aires,AR
Teodelina,AR,Buenos Aires,AR
Cinco Saltos,AR,Buenos Aires,AR
Chimpay,AR,Buenos Aires,AR
Magdalena,AR,Buenos Aires,AR
Inés Indart,AR,Buenos Aires,AR
Miramar,AR,Buenos Aires,AR
Villa Francia,AR,Buenos Aires,AR
Progreso,UY,Buenos Aires,AR
Villa San Andrés,AR,Buenos Aires,AR
Munro,AR,Buenos Aires,AR
Isidro Casanova,AR,Buenos Aires,AR
Montecristo,AR,Buenos Aires,AR
Ciudad de la Costa,UY,Buenos Aires,AR
Belén,AR,Buenos Aires,AR
Libertador San Martín,AR,Buenos Aires,AR
San Carlos de Bolívar,AR,Buenos Aires,AR
Virrey del Pino,AR,Buenos Aires,AR
San Antonio de Arredondo,AR,Buenos Aires,AR
Tigre,AR,Buenos Aires,AR
Bella Vista,AR,Buenos Aires,AR
Orense,AR,Buenos Aires,AR
Bordenave,AR,Buenos Aires,AR
Valentín Alsina,AR,Buenos Aires,AR
Ranelagh,AR,Buenos Aires,AR
Rojas,AR,Buenos Aires,AR
Hughes,AR,Buenos Aires,AR
Villa Allende,AR,Buenos Aires,AR
Pueblo Moreno,AR,Buenos Aires,AR
Las Varillas,AR,Buenos Aires,AR
Rufino,AR,Buenos Aires,AR
Corrientes,AR,Buenos Aires,AR
Rocha,UY,Buenos Aires,AR
Yuto,AR,Buenos Aires,AR
San Juan,AR,Buenos Aires,AR
La Matanza,AR,Buenos Aires,AR
Unquillo,AR,Buenos Aires,AR
Villa Elisa,AR,Buenos Aires,AR
Baltasar Brum,UY,Buenos Aires,AR
Presidente Derqui,AR,Buenos Aires,AR
Cipolletti,AR,Buenos Aires,AR
Morse,AR,Buenos Aires,AR
Formosa,AR,Buenos Aires,AR
Arroyito,AR,Buenos Aires,AR
Buenos Aires,AR,Buenos Aires,AR
Mocoretá,AR,Buenos Aires,AR
Ciudad Evita,AR,Buenos Aires,AR
Alejandro Korn,AR,Buenos Aires,AR
Florida Oeste,AR,Buenos Aires,AR
Pedernales,AR,Buenos Aires,AR
La Paz,AR,Buenos Aires,AR
Godoy Cruz,AR,Buenos Aires,AR
Maquinchao,AR,Buenos Aires,AR
Carapachay,AR,Buenos Aires,AR
San Martín,AR,Buenos Aires,AR
Ayacucho,AR,Buenos Aires,AR
Barranqueras,AR,Buenos Aires,AR
Tres de Febrero,AR,Buenos Aires,AR
Villa Giardino,AR,Buenos Aires,AR
Las Peñas,AR,Buenos Aires,AR
Lucas González,AR,Buenos Aires,AR
Ascensión,AR,Buenos Aires,AR
Maciá,AR,Buenos Aires,AR
General Pinto,AR,Buenos Aires,AR
Mina Clavero,AR,Buenos Aires,AR
Suncho Corral,AR,Buenos Aires,AR
Longchamps,AR,Buenos Aires,AR
El Palomar,AR,Buenos Aires,AR
San Eduardo,AR,Buenos Aires,AR
Rafael Calzada,AR,Buenos Aires,AR
Las Toscas,AR,Buenos Aires,AR
Caballito,AR,Buenos Aires,AR
Villa Media Agua,AR,Buenos Aires,AR
Villa Luzuriaga,AR,Buenos Aires,AR
Puerto Eldorado,AR,Buenos Aires,AR
Villa La Punta,AR,Buenos Aires,AR
Berón de Astrada,AR,Buenos Aires,AR
Rosario del Tala,AR,Buenos Aires,AR
Las Rosas,AR,Buenos Aires,AR
Uruguaiana,BR,Buenos Aires,AR
La Banda,AR,Buenos Aires,AR
Las Lajitas,AR,Buenos Aires,AR
José C. Paz,AR,Buenos Aires,AR
Rosario de Lerma,AR,Buenos Aires,AR
Colonia Belgrano,AR,Buenos Aires,AR
Acevedo,AR,Buenos Aires,AR
Gobernador Mayer,AR,Buenos Aires,AR
Fernando de la Mora,PY,Buenos Aires,AR
Barrio Sur,UY,Buenos Aires,AR
General Güemes,AR,Buenos Aires,AR
Castelar,AR,Buenos Aires,AR
Capitán Bermúdez,AR,Buenos Aires,AR
Luján,AR,Buenos Aires,AR
Guaminí,AR,Buenos Aires,AR
Victorica,AR,Buenos Aires,AR
La Tablada,AR,Buenos Aires,AR
Burzaco,AR,Buenos Aires,AR
Santa Rosa,AR,Buenos Aires,AR
Villa de Soto,AR,Buenos Aires,AR
Machagai,AR,Buenos Aires,AR
Deán Funes,AR,Buenos Aires,AR
Vera y Pintado,AR,Buenos Aires,AR
Bell Ville,AR,Buenos Aires,AR
Junín,AR,Buenos Aires,AR
Morón,AR,Buenos Aires,AR
Adolfo Gonzáles Chaves,AR,Buenos Aires,AR
La Esperanza,AR,Buenos Aires,AR
Tilcara,AR,Buenos Aires,AR
Rivadavia,AR,Buenos Aires,AR
Berisso,AR,Buenos Aires,AR
Mendiolaza,AR,Buenos Aires,AR
San Carlos,UY,Buenos Aires,AR
Plottier,AR,Buenos Aires,AR
Leandro N. Alem,AR,Buenos Aires,AR
Paso de los Libres,AR,Buenos Aires,AR
Jesús María,AR,Buenos Aires,AR
Moisés Ville,AR,Buenos Aires,AR
Las Armas,AR,Buenos Aires,AR
Ingeniero Adolfo Sourdeaux,AR,Buenos Aires,AR
Catamarca,AR,Buenos Aires,AR
Guerrico,AR,Buenos Aires,AR
Taco Pozo,AR,Buenos Aires,AR
Punta Alta,AR,Buenos Aires,AR
Las Piedras,UY,Buenos Aires,AR
Playa Unión,AR,Buenos Aires,AR
Francisco Álvarez,AR,Buenos Aires,AR
Los Cocos,AR,Buenos Aires,AR
Frías,AR,Buenos Aires,AR
General Juan Madariaga,AR,Buenos Aires,AR
Tortuguitas,AR,Buenos Aires,AR
Duggan,AR,Buenos Aires,AR
La Floresta,UY,Buenos Aires,AR
Maciel,AR,Buenos Aires,AR
General Belgrano,AR,Buenos Aires,AR
Fiambalá,AR,Buenos Aires,AR
Capiatá,PY,Buenos Aires,AR
Carlos Casares,AR,Buenos Aires,AR
Oncativo,AR,Buenos Aires,AR
Aguilares,AR,Buenos Aires,AR
Río Pico,AR,Buenos Aires,AR
Elortondo,AR,Buenos Aires,AR
Oliva,AR,Buenos Aires,AR
Colón,AR,Buenos Aires,AR
Mendoza,AR,Buenos Aires,AR
Gualeguay,AR,Buenos Aires,AR
Salta,AR,Buenos Aires,AR
Vicente López,AR,Buenos Aires,AR
Coronel Dorrego,AR,Buenos Aires,AR
Chilecito,AR,Buenos Aires,AR
San Carlos Centro,AR,Buenos Aires,AR
Acassuso,AR,Buenos Aires,AR
Nueve de Julio,AR,Buenos Aires,AR
Villa Quinteros,AR,Buenos Aires,AR
Selva,AR,Buenos Aires,AR
Sancti Spíritu,AR,Buenos Aires,AR
Puerto Deseado,AR,Buenos Aires,AR
Belén,UY,Buenos Aires,AR
Laferrere,AR,Buenos Aires,AR
Oro Verde,AR,Buenos Aires,AR
Las Lajas,AR,Buenos Aires,AR
Aldea Asunción,AR,Buenos Aires,AR
La Dulce,AR,Buenos Aires,AR
Olds,CA,Calgary,CA
Kaslo,CA,Calgary,CA
Monarch,CA,Calgary,CA
Montney,CA,Calgary,CA
Water Valley,CA,Calgary,CA
Bragg Creek,CA,Calgary,CA
Kimberley,CA,Calgary,CA
Slocan,CA,Calgary,CA
Tilley,CA,Calgary,CA
Golden,CA,Calgary,CA
Anglemont,CA,Calgary,CA
Castlegar,CA,Calgary,CA
Acheson,CA,Calgary,CA
Rimbey,CA,Calgary,CA
Evansburg,CA,Calgary,CA
Chestermere,CA,Calgary,CA
Barrhead,CA,Calgary,CA
Lethbridge,CA,Calgary,CA
Priddis,CA,Calgary,CA
Warburg,CA,Calgary,CA
Barnwell,CA,Calgary,CA
Cardston,CA,Calgary,CA
Canmore,CA,Calgary,CA
Vegreville,CA,Calgary,CA
High River,CA,Calgary,CA
Fort St. John,CA,Calgary,CA
Calmar,CA,Calgary,CA
Assiniboia,CA,Calgary,CA
Irricana,CA,Calgary,CA
Cold Lake,CA,Calgary,CA
Medicine Hat,CA,Calgary,CA
Morinville,CA,Calgary,CA
Devon,CA,Calgary,CA
Cochrane,CA,Calgary,CA
Fort Macleod,CA,Calgary,CA
Tofield,CA,Calgary,CA
Plamondon,CA,Calgary,CA
Invermere,CA,Calgary,CA
Onoway,CA,Calgary,CA
Winlaw,CA,Calgary,CA
Turner Valley,CA,Calgary,CA
Picture Butte,CA,Calgary,CA
Brooks,CA,Calgary,CA
Bassano,CA,Calgary,CA
Salmo,CA,Calgary,CA
Magrath,CA,Calgary,CA
Spirit River,CA,Calgary,CA
Mundare,CA,Calgary,CA
Blairmore,CA,Calgary,CA
Anzac,CA,Calgary,CA
Bellevue,CA,Calgary,CA
Slave Lake,CA,Calgary,CA
Fort Vermilion,CA,Calgary,CA
Grassy Lake,CA,Calgary,CA
Hinton,CA,Calgary,CA
Pickardville,CA,Calgary,CA
Innisfail,CA,Calgary,CA
Great Falls,US,Calgary,CA
Fairview,CA,Calgary,CA
Sturgeon,CA,Calgary,CA
High Level,CA,Calgary,CA
Bow Island,CA,Calgary,CA
Spring Lake,CA,Calgary,CA
St. Albert,CA,Calgary,CA
Blackfalds,CA,Calgary,CA
Taber,CA,Calgary,CA
Sylvan Lake,CA,Calgary,CA
Saint-Lambert,CA,Calgary,CA
Sicamous,CA,Calgary,CA
La Crête,CA,Calgary,CA
Leduc,CA,Calgary,CA
Sexsmith,CA,Calgary,CA
Dawson Creek,CA,Calgary,CA
Strathmore,CA,Calgary,CA
Pincher Creek,CA,Calgary,CA
Grimshaw,CA,Calgary,CA
Vancouver,CA,Calgary,CA
Falher,CA,Calgary,CA
Whitecourt,CA,Calgary,CA
Raymond,CA,Calgary,CA
High Prairie,CA,Calgary,CA
Hardisty,CA,Calgary,CA
Elk Point,CA,Calgary,CA
Bonnyville,CA,Calgary,CA
Spruce Grove,CA,Calgary,CA
Waskatenau,CA,Calgary,CA
Lundbreck,CA,Calgary,CA
Stony Plain,CA,Calgary,CA
Drayton Valley,CA,Calgary,CA
Wetaskiwin,CA,Calgary,CA
Hudson's Hope,CA,Calgary,CA
Siksika,CA,Calgary,CA
Trois-Rivières,CA,Calgary,CA
Lac La Biche,CA,Calgary,CA
Lougheed,CA,Calgary,CA
Valleyview,CA,Calgary,CA
Wainwright,CA,Calgary,CA
Breton,CA,Calgary,CA
Coaldale,CA,Calgary,CA
Athabasca,CA,Calgary,CA
Nanton,CA,Calgary,CA
Sherwood Park,CA,Calgary,CA
Morrin,CA,Calgary,CA
New Norway,CA,Calgary,CA
Duchess,CA,Calgary,CA
Edmonton,CA,Calgary,CA
St. Paul,CA,Calgary,CA
Irma,CA,Calgary,CA
Smoky Lake,CA,Calgary,CA
Czar,CA,Calgary,CA
East Coulee,CA,Calgary,CA
Beaumont,CA,Calgary,CA
Carstairs,CA,Calgary,CA
Saskatoon,CA,Calgary,CA
Edson,CA,Calgary,CA
Linden,CA,Calgary,CA
Lamont,CA,Calgary,CA
Cluny,CA,Calgary,CA
Consort,CA,Calgary,CA
Ft Saskatchewan,CA,Calgary,CA
Grande Cache,CA,Calgary,CA
Lacombe,CA,Calgary,CA
Lyalta,CA,Calgary,CA
Ponoka,CA,Calgary,CA
Stettler,CA,Calgary,CA
Chetwynd,CA,Calgary,CA
Warner,CA,Calgary,CA
Lloydminster,CA,Calgary,CA
Grande Prairie,CA,Calgary,CA
Didsbury,CA,Calgary,CA
Alix,CA,Calgary,CA
Gibbons,CA,Calgary,CA
Fort MacKay,CA,Calgary,CA
Red Deer,CA,Calgary,CA
Morley,CA,Calgary,CA
Black Diamond,CA,Calgary,CA
Mannville,CA,Calgary,CA
Drumheller,CA,Calgary,CA
Airdrie,CA,Calgary,CA
Westlock,CA,Calgary,CA
Three Hills,CA,Calgary,CA
Jasper,CA,Calgary,CA
Okotoks,CA,Calgary,CA
Swift Current,CA,Calgary,CA
Ardrossan,CA,Calgary,CA
Calgary,CA,Calgary,CA
Rocky Mountain House,CA,Calgary,CA
Chase,CA,Calgary,CA
Mirror,CA,Calgary,CA
Vulcan,CA,Calgary,CA
Camrose,CA,Calgary,CA
Nobleford,CA,Calgary,CA
Sturgeon County,CA,Calgary,CA
Peace River,CA,Calgary,CA
Fort McMurray,CA,Calgary,CA
Sparwood,CA,Calgary,CA
Banff,CA,Calgary,CA
Little Smoky,CA,Calgary,CA
Cremona,CA,Calgary,CA
Regina,CA,Calgary,CA
Barons,CA,Calgary,CA
Wing,US,Charleston,US
Starke,US,Charleston,US
Heath Springs,US,Charleston,US
Pensacola,US,Charleston,US
Miramar Beach,US,Charleston,US
Helena,US,Charleston,US
Raeford,US,Charleston,US
Cumming,US,Charleston,US
Kingsport,US,Charleston,US
Simpsonville,US,Charleston,US
Soperton,US,Charleston,US
Hope Mills,US,Charleston,US
Charlotte,US,Charleston,US
Macclenny,US,Charleston,US
Pineville,US,Charleston,US
Pinson,US,Charleston,US
Winston-Salem,US,Charleston,US
Perry,US,Charleston,US
Lula,US,Charleston,US
Lithia Springs,US,Charleston,US
Newland,US,Charleston,US
Clemson,US,Charleston,US
Apex,US,Charleston,US
Terry,US,Charleston,US
Saint Johns,US,Charleston,US
Trussville,US,Charleston,US
Centre,US,Charleston,US
Roswell,US,Charleston,US
Roanoke Rapids,US,Charleston,US
Norcross,US,Charleston,US
Colfax,US,Charleston,US
Suwanee,US,Charleston,US
Morgan City,US,Charleston,US
Winnabow,US,Charleston,US
Piedmont,US,Charleston,US
Fernandina Beach,US,Charleston,US
Lamar,US,Charleston,US
Slocomb,US,Charleston,US
Coraopolis,US,Charleston,US
Chattanooga,US,Charleston,US
Davidson,US,Charleston,US
Snow Camp,US,Charleston,US
Bennettsville,US,Charleston,US
Anderson,US,Charleston,US
Clarkesville,US,Charleston,US
Orange Park,US,Charleston,US
Kennesaw,US,Charleston,US
Peachtree Corners,US,Charleston,US
Lincolnton,US,Charleston,US
Stone Mountain,US,Charleston,US
Newnan,US,Charleston,US
Lake Charles,US,Charleston,US
Rock Hill,US,Charleston,US
Roxboro,US,Charleston,US
Pacific Palisades,US,Charleston,US
Ozark,US,Charleston,US
Cherokee,US,Charleston,US
Bogart,US,Charleston,US
Pell City,US,Charleston,US
Kings Mountain,US,Charleston,US
Laurel Hill,US,Charleston,US
Hamlet,US,Charleston,US
Matthews,US,Charleston,US
Moore,US,Charleston,US
Bremen,US,Charleston,US
Springville,US,Charleston,US
Bunnlevel,US,Charleston,US
Los Teques,VE,Charleston,US
Williston,US,Charleston,US
Gray,US,Charleston,US
Travelers Rest,US,Charleston,US
Jefferson City,US,Charleston,US
Savannah,US,Charleston,US
Rockingham,US,Charleston,US
Ludowici,US,Charleston,US
Marietta,US,Charleston,US
Fort Gaines,US,Charleston,US
Ooltewah,US,Charleston,US
Baton Rouge,US,Charleston,US
Evans,US,Charleston,US
Wetumpka,US,Charleston,US
Ellenwood,US,Charleston,US
Bluff City,US,Charleston,US
Hinesville,US,Charleston,US
Dothan,US,Charleston,US
Snellville,US,Charleston,US
Patterson,US,Charleston,US
Erwin,US,Charleston,US
Albertville,US,Charleston,US
Dunn,US,Charleston,US
Glennville,US,Charleston,US
Hephzibah,US,Charleston,US
High Point,US,Charleston,US
Maple Grove,US,Charleston,US
Mercer,US,Charleston,US
Maryville,US,Charleston,US
Augusta,US,Charleston,US
North Charleston,US,Charleston,US
Asheville,US,Charleston,US
Ridgeville,US,Charleston,US
Athens,US,Charleston,US
Taylors,US,Charleston,US
Kingstree,US,Charleston,US
Laurinburg,US,Charleston,US
Holly Springs,US,Charleston,US
Riverdale,US,Charleston,US
The Villages,US,Charleston,US
Dunwoody,US,Charleston,US
Graham,US,Charleston,US
Munford,US,Charleston,US
Louisburg,US,Charleston,US
Smyrna,US,Charleston,US
Conyers,US,Charleston,US
Huntsville,US,Charleston,US
Whitsett,US,Charleston,US
Hector,US,Charleston,US
Conway,US,Charleston,US
Statesboro,US,Charleston,US
Duluth,US,Charleston,US
Boone,US,Charleston,US
Elon,US,Charleston,US
Woodstock,US,Charleston,US
Brownsville,US,Charleston,US
Murfreesboro,US,Charleston,US
Gastonia,US,Charleston,US
Riceboro,US,Charleston,US
Atlanta,US,Charleston,US
Tifton,US,Charleston,US
Greer,US,Charleston,US
Talladega,US,Charleston,US
Port Saint Lucie,US,Charleston,US
Surprise,US,Charleston,US
Crestview,US,Charleston,US
Carthage,US,Charleston,US
Cramerton,US,Charleston,US
West Sacramento,US,Charleston,US
Axis,US,Charleston,US
Richmond Hill,US,Charleston,US
Tuscaloosa,US,Charleston,US
Sandy Springs,US,Charleston,US
Port Royal,US,Charleston,US
Red Rock,US,Charleston,US
Bossier City,US,Charleston,US
Opp,US,Charleston,US
McCalla,US,Charleston,US
Glasgow,US,Charleston,US
Tucker,US,Charleston,US
Goldsboro,US,Charleston,US
Myrtle Beach,US,Charleston,US
Statesville,US,Charleston,US
Brewton,US,Charleston,US
New Bern,US,Charleston,US
Coralville,US,Charleston,US
Reeds Spring,US,Chicago,US
Cedar Falls,US,Chicago,US
Pontiac,US,Chicago,US
Naperville,US,Chicago,US
Carlyle,US,Chicago,US
Mount Gilead,US,Chicago,US
Dyer,US,Chicago,US
Greenleaf,US,Chicago,US
Millersville,US,Chicago,US
Cabool,US,Chicago,US
Galesburg,US,Chicago,US
Holt,US,Chicago,US
Saline,US,Chicago,US
Florissant,US,Chicago,US
Cincinnati,US,Chicago,US
Wichita,US,Chicago,US
Oakdale,US,Chicago,US
Manitouwadge,CA,Chicago,US
Libertyville,US,Chicago,US
Moline,US,Chicago,US
Hartland,US,Chicago,US
Jeffersonville,US,Chicago,US
Republic,US,Chicago,US
Closter,US,Chicago,US
Swartz Creek,US,Chicago,US
Hobart,US,Chicago,US
Saint Francis,US,Chicago,US
Mackinaw,US,Chicago,US
Negaunee,US,Chicago,US
West Lafayette,US,Chicago,US
Sparta,US,Chicago,US
Itasca,US,Chicago,US
Grand Ledge,US,Chicago,US
Apex,US,Chicago,US
Butler,US,Chicago,US
Evanston,US,Chicago,US
Groveport,US,Chicago,US
Marinette,US,Chicago,US
Brownsburg,US,Chicago,US
Sussex,US,Chicago,US
Pine Island,US,Chicago,US
Two Rivers,US,Chicago,US
Pueblo Nuevo El Chivo,VE,Chicago,US
Toddville,US,Chicago,US
Glendale Heights,US,Chicago,US
Kalamazoo,US,Chicago,US
Northfield,US,Chicago,US
Lockport,US,Chicago,US
Portage,US,Chicago,US
Oak Creek,US,Chicago,US
Shepherdsville,US,Chicago,US
Plover,US,Chicago,US
Lisle,US,Chicago,US
Alvin,US,Chicago,US
Antioch,US,Chicago,US
South Kingstown,US,Chicago,US
Janesville,US,Chicago,US
Circle Pines,US,Chicago,US
Valparaiso,US,Chicago,US
Schiller Park,US,Chicago,US
Elk Grove Village,US,Chicago,US
Fenton,US,Chicago,US
Fuquay-Varina,US,Chicago,US
Schaumburg,US,Chicago,US
Whitewater,US,Chicago,US
Bannockburn,US,Chicago,US
Wheaton,US,Chicago,US
Sturgeon Bay,US,Chicago,US
Hudsonville,US,Chicago,US
Fairborn,US,Chicago,US
Amboy,US,Chicago,US
Saint Charles,US,Chicago,US
Winamac,US,Chicago,US
Lenexa,US,Chicago,US
Burnsville,US,Chicago,US
Kimberly,US,Chicago,US
Gallatin,US,Chicago,US
Romney,US,Chicago,US
Jackson,US,Chicago,US
Bellingham,US,Chicago,US
Ankeny,US,Chicago,US
New Canaan,US,Chicago,US
Warsaw,US,Chicago,US
Stoughton,US,Chicago,US
Lakeville,US,Chicago,US
Ballwin,US,Chicago,US
Otsego,US,Chicago,US
Mokena,US,Chicago,US
Eldridge,US,Chicago,US
Scottsdale,US,Chicago,US
Alton,US,Chicago,US
Channahon,US,Chicago,US
Hohenwald,US,Chicago,US
Maryland Heights,US,Chicago,US
Neola,US,Chicago,US
Rosemont,US,Chicago,US
Avondale,US,Chicago,US
Grand Rapids,US,Chicago,US
Chicago,US,Chicago,US
Skiatook,US,Chicago,US
Terre Haute,US,Chicago,US
Spring Hill,US,Chicago,US
Muncie,US,Chicago,US
Papillion,US,Chicago,US
Jonesville,US,Chicago,US
Galveston,US,Chicago,US
Sun Prairie,US,Chicago,US
Delphi,US,Chicago,US
Lake Nebagamon,US,Chicago,US
Berkley,US,Chicago,US
La Crosse,US,Chicago,US
Floyds Knobs,US,Chicago,US
Springboro,US,Chicago,US
Rolla,US,Chicago,US
Plainfield,US,Chicago,US
Brookfield,US,Chicago,US
Indiana,US,Chicago,US
Shoreview,US,Chicago,US
Zanesville,US,Chicago,US
Pittsburgh,US,Chicago,US
Independence,US,Chicago,US
Vernon Hills,US,Chicago,US
Elgin,US,Chicago,US
Cleves,US,Chicago,US
Elk River,US,Chicago,US
Edmonton,US,Chicago,US
Owensboro,US,Chicago,US
Sturgis,US,Chicago,US
Hilbert,US,Chicago,US
Granby,CA,Chicago,US
Zionsville,US,Chicago,US
Green Bay,US,Chicago,US
Dubuque,US,Chicago,US
Schreiber,CA,Chicago,US
Oakbrook Terrace,US,Chicago,US
Westerville,US,Chicago,US
Lodi,US,Chicago,US
Duluth,US,Chicago,US
Bluffton,US,Chicago,US
Chesaning,US,Chicago,US
Rockford,US,Chicago,US
Lombard,US,Chicago,US
Clewiston,US,Chicago,US
Minneapolis,US,Chicago,US
North Liberty,US,Chicago,US
Westmont,US,Chicago,US
Buchanan,US,Chicago,US
Cicero,US,Chicago,US
Buffalo Grove,US,Chicago,US
Winfield,US,Chicago,US
Lake Saint Louis,US,Chicago,US
Waukesha,US,Chicago,US
Eagle River,US,Chicago,US
Beardstown,US,Chicago,US
Stafford,US,Chicago,US
Cambridge,US,Chicago,US
Ringwood,US,Chicago,US
Abingdon,US,Chicago,US
Muscatine,US,Chicago,US
Lake Bluff,US,Chicago,US
Glenview,US,Chicago,US
Carmel,US,Chicago,US
Joliet,US,Chicago,US
Grove City,US,Chicago,US
Round Lake,US,Chicago,US
Iowa City,US,Chicago,US
Decorah,US,Chicago,US
Oak Brook,US,Chicago,US
Franklin Park,US,Chicago,US
Niles,US,Chicago,US
Sorrento,US,Chicago,US
Marshall,US,Chicago,US
Ellettsville,US,Chicago,US
Rock Island,US,Chicago,US
Huntley,US,Chicago,US
Fond du Lac,US,Chicago,US
Orland Park,US,Chicago,US
Pekin,US,Chicago,US
Wright City,US,Chicago,US
Albion,US,Chicago,US
Lonsdale,US,Chicago,US
Strafford,US,Chicago,US
Lafayette,US,Chicago,US
Bloomfield Hills,US,Chicago,US
Wilmette,US,Chicago,US
Oak Park,US,Chicago,US
Frohna,US,Chicago,US
Prospect Heights,US,Chicago,US
Waunakee,US,Chicago,US
Gardner,US,Chicago,US
Perryville,US,Chicago,US
Hamilton,US,Chicago,US
Breckenridge,US,Chicago,US
Overland Park,US,Chicago,US
Greenwood,US,Chicago,US
Adrian,US,Chicago,US
Bloomington,US,Chicago,US
Rapid River,US,Chicago,US
Langhorne,US,Chicago,US
Pewaukee,US,Chicago,US
Grayslake,US,Chicago,US
New Berlin,US,Chicago,US
Livonia,US,Chicago,US
Onalaska,US,Chicago,US
Milwaukee,US,Chicago,US
Coralville,US,Chicago,US
Atikokan,CA,Chicago,US
East Lansing,US,Chicago,US
Palm Coast,US,Chicago,US
Potterville,US,Chicago,US
North Wales,US,Chicago,US
La Grange Park,US,Chicago,US
Crystal Falls,US,Chicago,US
Deerfield,US,Chicago,US
Wood Dale,US,Chicago,US
Noblesville,US,Chicago,US
Bowling Green,US,Chicago,US
Wheeling,US,Chicago,US
Gurnee,US,Chicago,US
Middleton,US,Chicago,US
West Des Moines,US,Chicago,US
East Dubuque,US,Chicago,US
Bowie,US,Chicago,US
Crestwood,US,Chicago,US
Hammond,US,Chicago,US
Chestnut,US,Chicago,US
Allentown,US,Chicago,US
Bettendorf,US,Chicago,US
Efland,US,Chicago,US
McCook,US,Chicago,US
Barron,US,Chicago,US
Lansing,US,Chicago,US
Cudahy,US,Chicago,US
Nashville,US,Chicago,US
Woodridge,US,Chicago,US
Mankato,US,Chicago,US
Streamwood,US,Chicago,US
Lexington Park,US,Chicago,US
Wisconsin Rapids,US,Chicago,US
Pickle Lake,CA,Chicago,US
Fort Wayne,US,Chicago,US
Hamden,US,Chicago,US
Peru,US,Chicago,US
Horse Cave,US,Chicago,US
Cedar Rapids,US,Chicago,US
Hopkins,US,Chicago,US
Vandalia,US,Chicago,US
Tempe,US,Chicago,US
Beloit,US,Chicago,US
Ludington,US,Chicago,US
Missouri Valley,US,Chicago,US
Youngstown,US,Chicago,US
Waukegan,US,Chicago,US
Oconomowoc,US,Chicago,US
Wooster,US,Chicago,US
Kenosha,US,Chicago,US
Park Ridge,US,Chicago,US
Fort Thomas,US,Chicago,US
Nashua,US,Chicago,US
Bolingbrook,US,Chicago,US
West Olive,US,Chicago,US
Carol Stream,US,Chicago,US
South Bend,US,Chicago,US
Mediapolis,US,Chicago,US
Bayfield,US,Chicago,US
Decatur,US,Chicago,US
Dryden,CA,Chicago,US
Glen Ellyn,US,Chicago,US
Council Bluffs,US,Chicago,US
Ely,US,Chicago,US
Wausau,US,Chicago,US
Wapakoneta,US,Chicago,US
Dayton,US,Chicago,US
Anoka,US,Chicago,US
Fairless Hills,US,Chicago,US
Ann Arbor,US,Chicago,US
Eureka,US,Chicago,US
Kewaskum,US,Chicago,US
Sikeston,US,Chicago,US
Evansville,US,Chicago,US
Delaware,US,Chicago,US
Macy,US,Chicago,US
Des Plaines,US,Chicago,US
Mauston,US,Chicago,US
Mishawaka,US,Chicago,US
Maple Grove,US,Chicago,US
Romeoville,US,Chicago,US
Axtell,US,Chicago,US
Elkhart,US,Chicago,US
Wauwatosa,US,Chicago,US
Munster,US,Chicago,US
Holland,US,Chicago,US
Effingham,US,Chicago,US
Kalkaska,US,Chicago,US
Hebron,US,Chicago,US
Skokie,US,Chicago,US
Lake Zurich,US,Chicago,US
Nazareth,US,Chicago,US
Montgomery,US,Chicago,US
Saint Paul,US,Chicago,US
Spartanburg,US,Chicago,US
Creve Coeur,US,Chicago,US
Menomonee Falls,US,Chicago,US
Corning,US,Chicago,US
Menominee,US,Chicago,US
Rosemount,US,Chicago,US
Erlanger,US,Chicago,US
Blue Island,US,Chicago,US
Edgewood,US,Chicago,US
Granite City,US,Chicago,US
Saint Cloud,US,Chicago,US
Lake Ann,US,Chicago,US
Seneca,US,Chicago,US
Frankfort,US,Chicago,US
Osseo,US,Chicago,US
Mequon,US,Chicago,US
Nipigon,CA,Chicago,US
Benton Harbor,US,Chicago,US
Indianapolis,US,Chicago,US
Davenport,US,Chicago,US
Sheboygan,US,Chicago,US
Eau Claire,US,Chicago,US
Faribault,US,Chicago,US
Camby,US,Chicago,US
Menasha,US,Chicago,US
Menomonie,US,Chicago,US
Dublin,US,Chicago,US
Sugar Grove,US,Chicago,US
Bellaire,US,Chicago,US
Oshkosh,US,Chicago,US
Martin,US,Chicago,US
Salem,US,Chicago,US
Madison,US,Chicago,US
Brainerd,US,Chicago,US
Paducah,US,Chicago,US
Hoffman Estates,US,Chicago,US
Franksville,US,Chicago,US
Normal,US,Chicago,US
Mount Pleasant,US,Chicago,US
Sellersburg,US,Chicago,US
Clarendon Hills,US,Chicago,US
Reynoldsburg,US,Chicago,US
Crescent,US,Chicago,US
Fishers,US,Chicago,US
Northbrook,US,Chicago,US
Francesville,US,Chicago,US
De Pere,US,Chicago,US
Remington,US,Chicago,US
Blacklick,US,Chicago,US
Girard,US,Chicago,US
Southfield,US,Chicago,US
Palatine,US,Chicago,US
Pickerington,US,Chicago,US
Neenah,US,Chicago,US
Talladega,US,Chicago,US
Arlington Heights,US,Chicago,US
Bee Cave,US,Chicago,US
La Grange,US,Chicago,US
Appleton,US,Chicago,US
Hillside,US,Chicago,US
Carter Lake,US,Chicago,US
Eyota,US,Chicago,US
Godfrey,US,Chicago,US
White River,CA,Chicago,US
Amery,US,Chicago,US
Schofield,US,Chicago,US
Staunton,US,Chicago,US
Clinton,US,Chicago,US
East Moline,US,Chicago,US
Albuquerque,US,Chicago,US
West Chicago,US,Chicago,US
Ear Falls,CA,Chicago,US
Miamisburg,US,Chicago,US
DeSoto,US,Dallas,US
Bryan,US,Dallas,US
Frisco,US,Dallas,US
Grand Prairie,US,Dallas,US
Lumberton,US,Dallas,US
Cypress,US,Dallas,US
Chouteau,US,Dallas,US
Allen,US,Dallas,US
Bartlesville,US,Dallas,US
Kemp,US,Dallas,US
Midlothian,US,Dallas,US
Haskell,US,Dallas,US
Balch Springs,US,Dallas,US
Diboll,US,Dallas,US
Kinwood,US,Dallas,US
Arabi,US,Dallas,US
Batesville,US,Dallas,US
Lake Jackson,US,Dallas,US
The Colony,US,Dallas,US
Manila,US,Dallas,US
Lubbock,US,Dallas,US
Plano,US,Dallas,US
Chesterfield,US,Dallas,US
Scranton,US,Dallas,US
Corpus Christi,US,Dallas,US
Harvey,US,Dallas,US
Montevideo,US,Dallas,US
Tahlequah,US,Dallas,US
Millington,US,Dallas,US
Irving,US,Dallas,US
Manvel,US,Dallas,US
Mesquite,US,Dallas,US
Euless,US,Dallas,US
Jones,US,Dallas,US
Austin,US,Dallas,US
Saint Johns,US,Dallas,US
Southlake,US,Dallas,US
Ville Platte,US,Dallas,US
Midland,US,Dallas,US
Ness City,US,Dallas,US
Rockwall,US,Dallas,US
Little Elm,US,Dallas,US
Sugar Land,US,Dallas,US
New Braunfels,US,Dallas,US
Convent,US,Dallas,US
Des Arc,US,Dallas,US
Dripping Springs,US,Dallas,US
Canton,US,Dallas,US
Guymon,US,Dallas,US
Gray,US,Dallas,US
Kemah,US,Dallas,US
Haledon,US,Dallas,US
Fort Lupton,US,Dallas,US
Geronimo,US,Dallas,US
Guthrie,US,Dallas,US
Mansfield,US,Dallas,US
Owasso,US,Dallas,US
Round Rock,US,Dallas,US
Ashland,US,Dallas,US
Eureka Springs,US,Dallas,US
San Angelo,US,Dallas,US
Van Buren,US,Dallas,US
Montalba,US,Dallas,US
De Witt,US,Dallas,US
Minturn,US,Dallas,US
Temple,US,Dallas,US
Conroe,US,Dallas,US
Rowlett,US,Dallas,US
Georgetown,US,Dallas,US
Friendswood,US,Dallas,US
Fort Worth,US,Dallas,US
Tyler,US,Dallas,US
Florence,US,Dallas,US
Kingwood,US,Dallas,US
Springhill,US,Dallas,US
Newalla,US,Dallas,US
Paragould,US,Dallas,US
Coppell,US,Dallas,US
Mobile,US,Dallas,US
Abilene,US,Dallas,US
Bedford,US,Dallas,US
Killeen,US,Dallas,US
Joplin,US,Dallas,US
St Louis,US,Dallas,US
North Richland Hills,US,Dallas,US
Chickasha,US,Dallas,US
Ponca City,US,Dallas,US
Maurepas,US,Dallas,US
Tulsa,US,Dallas,US
Blytheville,US,Dallas,US
Copperas Cove,US,Dallas,US
Huntsville,US,Dallas,US
Grapevine,US,Dallas,US
Denton,US,Dallas,US
Fort Smith,US,Dallas,US
Lorain,US,Dallas,US
Carrollton,US,Dallas,US
Spring,US,Dallas,US
Edmond,US,Dallas,US
Cache,US,Dallas,US
Ardmore,US,Dallas,US
Katy,US,Dallas,US
Tuscola,US,Dallas,US
Russellville,US,Dallas,US
Booneville,US,Dallas,US
Lompoc,US,Dallas,US
Centerton,US,Dallas,US
Leander,US,Dallas,US
Pearlington,US,Dallas,US
Lewisville,US,Dallas,US
Bossier City,US,Dallas,US
Palestine,US,Dallas,US
Waxahachie,US,Dallas,US
Lufkin,US,Dallas,US
Champlin,US,Dallas,US
Saginaw,US,Dallas,US
Ciudad Juárez,MX,Dallas,US
Prior Lake,US,Dallas,US
Wylie,US,Dallas,US
McKinney,US,Dallas,US
Artesia,US,Dallas,US
Mt. Dora,US,Dallas,US
Greeley,US,Dallas,US
Weatherford,US,Dallas,US
Perrin,US,Dallas,US
Chester,US,Dallas,US
McAllen,US,Dallas,US
Mabank,US,Dallas,US
Jefferson,US,Dallas,US
Mustang,US,Dallas,US
Leesville,US,Dallas,US
Mertzon,US,Dallas,US
Baquiriachi,MX,Dallas,US
Lee's Summit,US,Dallas,US
Baytown,US,Dallas,US
Anna,US,Dallas,US
Crandall,US,Dallas,US
Norco,US,Dallas,US
Eustace,US,Dallas,US
Breaux Bridge,US,Dallas,US
Hulbert,US,Dallas,US
Strawberry Plains,US,Dallas,US
Humble,US,Dallas,US
The Woodlands,US,Dallas,US
Sidney,US,Dallas,US
Denison,US,Dallas,US
Macksville,US,Dallas,US
North Fort Myers,US,Dallas,US
Celina,US,Dallas,US
Lake Charles,US,Dallas,US
Rosenberg,US,Dallas,US
Bryant,US,Dallas,US
Goodyear,US,Dallas,US
Ennis,US,Dallas,US
Kenner,US,Dallas,US
Coushatta,US,Dallas,US
Keller,US,Dallas,US
Addison,US,Dallas,US
Yorba Linda,US,Dallas,US
Heber Springs,US,Dallas,US
Paris,US,Dallas,US
Hastings,US,Dallas,US
Vail,US,Dallas,US
Sherwood,US,Dallas,US
Hazen,US,Dallas,US
Kaufman,US,Dallas,US
Minden,US,Dallas,US
Hermitage,US,Dallas,US
Locust Grove,US,Dallas,US
Kernersville,US,Dallas,US
Slaton,US,Dallas,US
Macon,US,Dallas,US
Wetumka,US,Dallas,US
Winter Garden,US,Dallas,US
Baton Rouge,US,Dallas,US
Broken Arrow,US,Dallas,US
Lorena,US,Dallas,US
Missouri City,US,Dallas,US
Houma,US,Dallas,US
Amarillo,US,Dallas,US
Luling,US,Dallas,US
West University Place,US,Dallas,US
Balmorhea,US,Dallas,US
Carlsbad,US,Dallas,US
Crowley,US,Dallas,US
Pflugerville,US,Dallas,US
Arlington,US,Dallas,US
Fulshear,US,Dallas,US
League City,US,Dallas,US
West Monroe,US,Dallas,US
Webster,US,Dallas,US
Texas City,US,Dallas,US
Beaumont,US,Dallas,US
Hesston,US,Dallas,US
Angleton,US,Dallas,US
Oklahoma City,US,Dallas,US
Bremond,US,Dallas,US
College Station,US,Dallas,US
Pearland,US,Dallas,US
Texarkana,US,Dallas,US
Kennesaw,US,Dallas,US
Bentonville,US,Dallas,US
Manor,US,Dallas,US
Grenada,US,Dallas,US
Colleyville,US,Dallas,US
El Paso,US,Dallas,US
Fort Lee,US,Dallas,US
Nacogdoches,US,Dallas,US
Shreveport,US,Dallas,US
Moss Point,US,Dallas,US
Mission,US,Dallas,US
Cabot,US,Dallas,US
Big Lake,US,Dallas,US
Red Rock,US,Dallas,US
Powell,US,Dallas,US
Hewitt,US,Dallas,US
Haslet,US,Dallas,US
Victoria,US,Dallas,US
Bartlett,US,Dallas,US
Claremore,US,Dallas,US
Flint,US,Dallas,US
Richardson,US,Dallas,US
Cedar Park,US,Dallas,US
Walls,US,Dallas,US
Cassville,US,Dallas,US
Saint John,US,Dallas,US
Brinkley,US,Dallas,US
New Martinsville,US,Dallas,US
Monticello,US,Dallas,US
Prairieville,US,Dallas,US
Prosper,US,Dallas,US
Breckenridge,US,Dallas,US
Pearl,US,Dallas,US
Duncanville,US,Dallas,US
Collinsville,US,Dallas,US
Dallas,US,Dallas,US
Republic,US,Dallas,US
Navasota,US,Dallas,US
White Deer,US,Dallas,US
Marquez,US,Dallas,US
Kyle,US,Dallas,US
Collierville,US,Dallas,US
Nesbit,US,Dallas,US
Ocean Springs,US,Dallas,US
North Little Rock,US,Dallas,US
Little Rock,US,Dallas,US
Flower Mound,US,Dallas,US
Haverhill,US,Dallas,US
Porterville,US,Dallas,US
Forney,US,Dallas,US
Davidson,US,Dallas,US
Seneca,US,Dallas,US
Garland,US,Dallas,US
Memphis,US,Dallas,US
New Iberia,US,Dallas,US
La Porte,US,Dallas,US
Houston,US,Dallas,US
Dow City,US,Dallas,US
Lithonia,US,Dallas,US
Metairie,US,Dallas,US
Aubrey,US,Dallas,US
Larose,US,Dallas,US
Hubbard,US,Dallas,US
Slidell,US,Dallas,US
Carencro,US,Dallas,US
Ruston,US,Dallas,US
Kilgore,US,Dallas,US
Morgan City,US,Dallas,US
Scurry,US,Dallas,US
Rogers,US,Dallas,US
Byhalia,US,Dallas,US
Live Oak,US,Dallas,US
Farmers Branch,US,Dallas,US
Tuttle,US,Dallas,US
Latonia,US,Dallas,US
Lawrence,US,Dallas,US
Baxter Springs,US,Dallas,US
New Orleans,US,Dallas,US
Corsicana,US,Dallas,US
Sand Springs,US,Dallas,US
Gonzales,US,Dallas,US
Bixby,US,Dallas,US
Henryetta,US,Dallas,US
Columbia,US,Dallas,US
Ridgeland,US,Dallas,US
Okmulgee,US,Dallas,US
Porter,US,Dallas,US
Sealy,US,Dallas,US
La Vernia,US,Dallas,US
Sherman,US,Dallas,US
Brazoria,US,Dallas,US
Argyle,US,Dallas,US
Arthurstown,IE,Dublin,IE
Riverstown,IE,Dublin,IE
South Shields,GB,Dublin,IE
Castlemartyr,IE,Dublin,IE
Blackwood,IE,Dublin,IE
Sligo,IE,Dublin,IE
Kilkee,IE,Dublin,IE
Santry,IE,Dublin,IE
Wexford,IE,Dublin,IE
Louth,IE,Dublin,IE
Selfoss,IS,Dublin,IE
Monkstown,IE,Dublin,IE
Buckie,GB,Dublin,IE
Artane,IE,Dublin,IE
Lusk,IE,Dublin,IE
Andover,GB,Dublin,IE
Charlestown,IE,Dublin,IE
Glin,IE,Dublin,IE
Rosenallis,IE,Dublin,IE
Greystones,IE,Dublin,IE
Rochfortbridge,IE,Dublin,IE
Kilrush,IE,Dublin,IE
Ardnacrusha,IE,Dublin,IE
Cong,IE,Dublin,IE
Virginia,IE,Dublin,IE
Ballymena,GB,Dublin,IE
Kinsale,IE,Dublin,IE
Kilfenora,IE,Dublin,IE
Ashbourne,IE,Dublin,IE
Carrigallen,IE,Dublin,IE
Glennamaddy,IE,Dublin,IE
Carrigaline,IE,Dublin,IE
Julianstown,IE,Dublin,IE
Killorglin,IE,Dublin,IE
Bandon,IE,Dublin,IE
Castletownroche,IE,Dublin,IE
Redcross,IE,Dublin,IE
Carrigtohill,IE,Dublin,IE
Ratoath,IE,Dublin,IE
Clonard,IE,Dublin,IE
Blackrock,IE,Dublin,IE
Monaghan,IE,Dublin,IE
Mannheim,DE,Dublin,IE
Bettystown,IE,Dublin,IE
Belfast,GB,Dublin,IE
Blackpool,GB,Dublin,IE
Perth,GB,Dublin,IE
Dungloe,IE,Dublin,IE
Castleknock,IE,Dublin,IE
Stamullin,IE,Dublin,IE
County Offaly,IE,Dublin,IE
Inverurie,GB,Dublin,IE
Hafnarfjordur,IS,Dublin,IE
Youghal,IE,Dublin,IE
Newcastle,IE,Dublin,IE
Dunshaughlin,IE,Dublin,IE
Baltray,IE,Dublin,IE
Burton Latimer,GB,Dublin,IE
Sale,GB,Dublin,IE
Carndonagh,IE,Dublin,IE
Kells,IE,Dublin,IE
Burt,IE,Dublin,IE
Kilcoole,IE,Dublin,IE
Kilmessan,IE,Dublin,IE
Castleblayney,IE,Dublin,IE
Manchester,GB,Dublin,IE
Paulstown,IE,Dublin,IE
Cloghan,IE,Dublin,IE
Rathfarnham,IE,Dublin,IE
Carrigaholt,IE,Dublin,IE
Cabra,IE,Dublin,IE
Tullow,IE,Dublin,IE
Trim,IE,Dublin,IE
Knocklyon,IE,Dublin,IE
Glaslough,IE,Dublin,IE
Cecilstown,IE,Dublin,IE
Thurles,IE,Dublin,IE
Roundwood,IE,Dublin,IE
Akranes,IS,Dublin,IE
Bantry,IE,Dublin,IE
Clones,IE,Dublin,IE
Meath,IE,Dublin,IE
Falkirk,GB,Dublin,IE
Ballyheige,IE,Dublin,IE
Garðabaer,IS,Dublin,IE
Westport,IE,Dublin,IE
Clane,IE,Dublin,IE
Ennistimon,IE,Dublin,IE
Portlaoise,IE,Dublin,IE
Castlebar,IE,Dublin,IE
Vitry-sur-Seine,FR,Dublin,IE
Bruff,IE,Dublin,IE
Callan,IE,Dublin,IE
Rosses Point,IE,Dublin,IE
Limerick,IE,Dublin,IE
Prescot,GB,Dublin,IE
Howth,IE,Dublin,IE
Millstreet,IE,Dublin,IE
Navan,IE,Dublin,IE
Banteer,IE,Dublin,IE
Stradbally,IE,Dublin,IE
Bentham,GB,Dublin,IE
Loughlinstown,IE,Dublin,IE
Camborne,GB,Dublin,IE
Reykjavik,IS,Dublin,IE
Balbriggan,IE,Dublin,IE
Stretford,GB,Dublin,IE
Kinvarra,IE,Dublin,IE
Widnes,GB,Dublin,IE
Clifden,IE,Dublin,IE
Boxberg,DE,Dublin,IE
Kilmaine,IE,Dublin,IE
Tralee,IE,Dublin,IE
Ballinamore,IE,Dublin,IE
Avoca,IE,Dublin,IE
Cork,IE,Dublin,IE
Athenry,IE,Dublin,IE
Caher,IE,Dublin,IE
Castlerea,IE,Dublin,IE
Moate,IE,Dublin,IE
Hendon,GB,Dublin,IE
Ballingeary,IE,Dublin,IE
Kingscourt,IE,Dublin,IE
Listowel,IE,Dublin,IE
Finglas,IE,Dublin,IE
Castleisland,IE,Dublin,IE
Glenties,IE,Dublin,IE
Edinburgh,GB,Dublin,IE
Tobercurry,IE,Dublin,IE
Naas,IE,Dublin,IE
Motherwell,GB,Dublin,IE
Oranmore,IE,Dublin,IE
Rooskey,IE,Dublin,IE
Carrick-on-Suir,IE,Dublin,IE
Duncormick,IE,Dublin,IE
Castledermot,IE,Dublin,IE
Drumshanbo,IE,Dublin,IE
Ballina,IE,Dublin,IE
Donabate,IE,Dublin,IE
Mullingar,IE,Dublin,IE
Dingle,IE,Dublin,IE
Ennis,IE,Dublin,IE
Delgany,IE,Dublin,IE
Nenagh,IE,Dublin,IE
Portarlington,IE,Dublin,IE
Mosfellsbaer,IS,Dublin,IE
Kilcullen,IE,Dublin,IE
Wicklow,IE,Dublin,IE
Londonderry,GB,Dublin,IE
Gorey,IE,Dublin,IE
Ardrahan,IE,Dublin,IE
Lismore,IE,Dublin,IE
Lisdoonvarna,IE,Dublin,IE
Mountmellick,IE,Dublin,IE
Dunleer,IE,Dublin,IE
Clonakilty,IE,Dublin,IE
Rathnew,IE,Dublin,IE
Athlone,IE,Dublin,IE
Skerries,IE,Dublin,IE
Waterford,IE,Dublin,IE
Tallow,IE,Dublin,IE
Beirut,LB,Dublin,IE
Granard,IE,Dublin,IE
Killala,IE,Dublin,IE
Crawley,GB,Dublin,IE
Clonroche,IE,Dublin,IE
Craughwell,IE,Dublin,IE
Laois,IE,Dublin,IE
Workington,GB,Dublin,IE
Letterkenny,IE,Dublin,IE
Devon,GB,Dublin,IE
Ballybofey,IE,Dublin,IE
Skibbereen,IE,Dublin,IE
Dundrum,IE,Dublin,IE
Elphin,IE,Dublin,IE
Dún Laoghaire,IE,Dublin,IE
Longwood,IE,Dublin,IE
Bellananagh,IE,Dublin,IE
Mornington,IE,Dublin,IE
Ashington,GB,Dublin,IE
Maynooth,IE,Dublin,IE
Ballinrobe,IE,Dublin,IE
Wallsend,GB,Dublin,IE
Banagher,IE,Dublin,IE
Rathangan,IE,Dublin,IE
Belmullet,IE,Dublin,IE
Castlepollard,IE,Dublin,IE
Blessington,IE,Dublin,IE
Walsall,GB,Dublin,IE
Blanchardstown,IE,Dublin,IE
Craigavon,GB,Dublin,IE
Roscommon,IE,Dublin,IE
Sandyford,IE,Dublin,IE
Ballinasloe,IE,Dublin,IE
Arklow,IE,Dublin,IE
Ardfinnan,IE,Dublin,IE
Fahan,IE,Dublin,IE
Mohill,IE,Dublin,IE
Cratloe,IE,Dublin,IE
Ummoon,IE,Dublin,IE
Liscannor,IE,Dublin,IE
Campbeltown,GB,Dublin,IE
Roundstone,IE,Dublin,IE
Summerhill,IE,Dublin,IE
Drogheda,IE,Dublin,IE
Dundalk,IE,Dublin,IE
Ballinaclash,IE,Dublin,IE
Derrybeg,IE,Dublin,IE
Welshpool,GB,Dublin,IE
Foxrock,IE,Dublin,IE
Milltown Malbay,IE,Dublin,IE
Edenderry,IE,Dublin,IE
Leixlip,IE,Dublin,IE
Douglas,IE,Dublin,IE
Birr,IE,Dublin,IE
Mountrath,IE,Dublin,IE
Fermoy,IE,Dublin,IE
Mountshannon,IE,Dublin,IE
Ballyjamesduff,IE,Dublin,IE
Portroe,IE,Dublin,IE
Tyrrellspass,IE,Dublin,IE
Dalkey,IE,Dublin,IE
Lincoln,GB,Dublin,IE
Annagary,IE,Dublin,IE
Donegal,IE,Dublin,IE
Headford,IE,Dublin,IE
Lutry,CH,Dublin,IE
Ballaghaderreen,IE,Dublin,IE
Newcastle West,IE,Dublin,IE
Buncrana,IE,Dublin,IE
Kenmare,IE,Dublin,IE
Clonee,IE,Dublin,IE
Crumlin,IE,Dublin,IE
Newton-le-Willows,GB,Dublin,IE
Killarney,IE,Dublin,IE
Enniscorthy,IE,Dublin,IE
Romford,GB,Dublin,IE
Mallow,IE,Dublin,IE
Galway,IE,Dublin,IE
Stirling,GB,Dublin,IE
Inverness,GB,Dublin,IE
Vestmannaeyjar,IS,Dublin,IE
Lifford,IE,Dublin,IE
Salford,GB,Dublin,IE
Walshisland,IE,Dublin,IE
Sauðarkrokur,IS,Dublin,IE
North Yorks,GB,Dublin,IE
Carrickmacross,IE,Dublin,IE
Tamworth,GB,Dublin,IE
Whitegate,IE,Dublin,IE
Roscrea,IE,Dublin,IE
Kanturk,IE,Dublin,IE
St Helens,GB,Dublin,IE
Clarecastle,IE,Dublin,IE
Loughrea,IE,Dublin,IE
Abbeyleix,IE,Dublin,IE
Ballyhaunis,IE,Dublin,IE
Carrigans,IE,Dublin,IE
London,GB,Dublin,IE
Kinnegad,IE,Dublin,IE
Isle of Arran,GB,Dublin,IE
Kildare,IE,Dublin,IE
Daingean,IE,Dublin,IE
Roosky,IE,Dublin,IE
Fochabers,GB,Dublin,IE
Slane,IE,Dublin,IE
Bray,IE,Dublin,IE
Bailieborough,IE,Dublin,IE
Athboy,IE,Dublin,IE
Dundee,GB,Dublin,IE
Newry,IE,Dublin,IE
Ballymote,IE,Dublin,IE
Sallins,IE,Dublin,IE
Wrexham,GB,Dublin,IE
Allenwood Cross Roads,IE,Dublin,IE
Clonmel,IE,Dublin,IE
Tullamore,IE,Dublin,IE
West Grinstead,GB,Dublin,IE
Castlefin,IE,Dublin,IE
Moyvane,IE,Dublin,IE
Mochdre,GB,Dublin,IE
Drumkeeran,IE,Dublin,IE
Coventry,GB,Dublin,IE
Sheldon,GB,Dublin,IE
Knock,IE,Dublin,IE
Tallaght,IE,Dublin,IE
Kill,IE,Dublin,IE
Tynagh,IE,Dublin,IE
Killaloe,IE,Dublin,IE
Droichead Nua,IE,Dublin,IE
Rathdrum,IE,Dublin,IE
Edgeworthstown,IE,Dublin,IE
Abbeylara,IE,Dublin,IE
Kilkenny,IE,Dublin,IE
Baltinglass,IE,Dublin,IE
Rathmore,IE,Dublin,IE
Ballycoolen,IE,Dublin,IE
Boyle,IE,Dublin,IE
Swords,IE,Dublin,IE
Leitrim,IE,Dublin,IE
Duncannon,IE,Dublin,IE
Carmarthen,GB,Dublin,IE
Macroom,IE,Dublin,IE
Kilmacanoge,IE,Dublin,IE
Celbridge,IE,Dublin,IE
Royston,GB,Dublin,IE
Glanmire,IE,Dublin,IE
Ballyragget,IE,Dublin,IE
Mayo,IE,Dublin,IE
Tuam,IE,Dublin,IE
Doonbeg,IE,Dublin,IE
Hexham,GB,Dublin,IE
Carlow,IE,Dublin,IE
Kilflynn,IE,Dublin,IE
County Westmeath,IE,Dublin,IE
Enfield,IE,Dublin,IE
Milltown,IE,Dublin,IE
Cappoquin,IE,Dublin,IE
Charleville,IE,Dublin,IE
Chorley,GB,Dublin,IE
Hamble,GB,Dublin,IE
Kilcock,IE,Dublin,IE
Rathkeale,IE,Dublin,IE
Moville,IE,Dublin,IE
Longford,IE,Dublin,IE
Akureyri,IS,Dublin,IE
Culmullin Cross Roads,IE,Dublin,IE
Mitchelstown,IE,Dublin,IE
Bruckless,IE,Dublin,IE
Campanario,ES,Dublin,IE
Cashel,IE,Dublin,IE
Wigan,GB,Dublin,IE
Tramore,IE,Dublin,IE
Haslingden,GB,Dublin,IE
Clondalkin,IE,Dublin,IE
Egilsstaðir,IS,Dublin,IE
Enniskerry,IE,Dublin,IE
Dungarvan,IE,Dublin,IE
Coolaney,IE,Dublin,IE
Ardee,IE,Dublin,IE
Coleraine,GB,Dublin,IE
Cobh,IE,Dublin,IE
Stranorlar,IE,Dublin,IE
Lucan,IE,Dublin,IE
Reykjanesbaer,IS,Dublin,IE
Cootehill,IE,Dublin,IE
Westhill,GB,Dublin,IE
Duleek,IE,Dublin,IE
Grange,IE,Dublin,IE
Southsea,GB,Dublin,IE
Rath,IE,Dublin,IE
Co Kerry,IE,Dublin,IE
Olafsvik,IS,Dublin,IE
Newmarket on Fergus,IE,Dublin,IE
Beaconsfield,GB,Dublin,IE
Athy,IE,Dublin,IE
Carney,IE,Dublin,IE
Emyvale,IE,Dublin,IE
Dublin,IE,Dublin,IE
Tipperary,IE,Dublin,IE
Kopavogur,IS,Dublin,IE
Ballyvaghan,IE,Dublin,IE
Sixmilebridge,IE,Dublin,IE
Carrick on Shannon,IE,Dublin,IE
Bunree,IE,Dublin,IE
Cavan,IE,Dublin,IE
Glenageary,IE,Dublin,IE
Abbeyfeale,IE,Dublin,IE
Ballincollig,IE,Dublin,IE
Portadown,GB,Dublin,IE
Ballinakill,IE,Dublin,IE
Kilmallock,IE,Dublin,IE
Midleton,IE,Dublin,IE
Dunboyne,IE,Dublin,IE
Ballisodare,IE,Dublin,IE
New Ross,IE,Dublin,IE
Monasterevin,IE,Dublin,IE
Gort,IE,Dublin,IE
Shannon,IE,Dublin,IE
Dunmanway,IE,Dublin,IE
Malahide,IE,Dublin,IE
Kildalkey,IE,Dublin,IE
Clonsilla,IE,Dublin,IE
Claremorris,IE,Dublin,IE
Ballyconnell,IE,Dublin,IE
Haar,DE,Frankfurt,DE
Oebisfelde,DE,Frankfurt,DE
Heiligenhaus,DE,Frankfurt,DE
Wermelskirchen,DE,Frankfurt,DE
Worms,DE,Frankfurt,DE
Ganderkesee,DE,Frankfurt,DE
Neunkirchen am Potzberg,DE,Frankfurt,DE
Herzberg am Harz,DE,Frankfurt,DE
Stuttgart,DE,Frankfurt,DE
Kurtscheid,DE,Frankfurt,DE
Neuhofen,DE,Frankfurt,DE
Gotha,DE,Frankfurt,DE
Wolfhagen,DE,Frankfurt,DE
Schramberg,DE,Frankfurt,DE
Benningen am Neckar,DE,Frankfurt,DE
Schernfeld,DE,Frankfurt,DE
Altdorf,DE,Frankfurt,DE
Langensendelbach,DE,Frankfurt,DE
Lenningen,DE,Frankfurt,DE
Heideck,DE,Frankfurt,DE
Rauenberg,DE,Frankfurt,DE
Bad Windsheim,DE,Frankfurt,DE
Giessen,DE,Frankfurt,DE
Forst,DE,Frankfurt,DE
Schwebheim,DE,Frankfurt,DE
Dornhan,DE,Frankfurt,DE
Troisdorf,DE,Frankfurt,DE
Rodenberg,DE,Frankfurt,DE
Nieder-Saulheim,DE,Frankfurt,DE
Dettenhausen,DE,Frankfurt,DE
Lauf an der Pegnitz,DE,Frankfurt,DE
Bernkastel-Kues,DE,Frankfurt,DE
Monzingen,DE,Frankfurt,DE
Pegnitz,DE,Frankfurt,DE
Schönaich,DE,Frankfurt,DE
Oberbillig,DE,Frankfurt,DE
Utting am Ammersee,DE,Frankfurt,DE
Erlenbach,DE,Frankfurt,DE
Mainleus,DE,Frankfurt,DE
Gaildorf,DE,Frankfurt,DE
Wustrow,DE,Frankfurt,DE
Rüthen,DE,Frankfurt,DE
Goldbach,DE,Frankfurt,DE
Usingen,DE,Frankfurt,DE
Hochspeyer,DE,Frankfurt,DE
Buchholz (Westerwald),DE,Frankfurt,DE
Nüsttal,DE,Frankfurt,DE
Kastellaun,DE,Frankfurt,DE
Sand,DE,Frankfurt,DE
Dreis,DE,Frankfurt,DE
Mainhardt,DE,Frankfurt,DE
Zingst,DE,Frankfurt,DE
Mainz,DE,Frankfurt,DE
Nottuln,DE,Frankfurt,DE
Engelskirchen,DE,Frankfurt,DE
Offenau,DE,Frankfurt,DE
Bruchweiler-Bärenbach,DE,Frankfurt,DE
Werne,DE,Frankfurt,DE
Burgwedel,DE,Frankfurt,DE
Petersberg,DE,Frankfurt,DE
Kornwestheim,DE,Frankfurt,DE
Bottrop,DE,Frankfurt,DE
Werdohl,DE,Frankfurt,DE
Hamelin,DE,Frankfurt,DE
Neunkirchen,DE,Frankfurt,DE
Steinbach am Wald,DE,Frankfurt,DE
Höchst im Odenwald,DE,Frankfurt,DE
Feuchtwangen,DE,Frankfurt,DE
Kriftel,DE,Frankfurt,DE
Fronhofen,DE,Frankfurt,DE
Schmalkalden,DE,Frankfurt,DE
Altheim,DE,Frankfurt,DE
Mühlheim am Main,DE,Frankfurt,DE
Bad Rappenau,DE,Frankfurt,DE
Althengstett,DE,Frankfurt,DE
Neuenbürg,DE,Frankfurt,DE
Memmelsdorf,DE,Frankfurt,DE
Büchel,DE,Frankfurt,DE
Malsch,DE,Frankfurt,DE
Uhingen,DE,Frankfurt,DE
Norderstedt,DE,Frankfurt,DE
Wemding,DE,Frankfurt,DE
Haßleben,DE,Frankfurt,DE
Krauthausen,DE,Frankfurt,DE
Niederstetten,DE,Frankfurt,DE
Freyung,DE,Frankfurt,DE
Schifflange,LU,Frankfurt,DE
Burbach,DE,Frankfurt,DE
Göttingen,DE,Frankfurt,DE
Birkenau,DE,Frankfurt,DE
Freiberg am Neckar,DE,Frankfurt,DE
Venningen,DE,Frankfurt,DE
Niddatal,DE,Frankfurt,DE
Diespeck,DE,Frankfurt,DE
Rödental,DE,Frankfurt,DE
Schwalbach am Taunus,DE,Frankfurt,DE
Bischofsheim,DE,Frankfurt,DE
Selm,DE,Frankfurt,DE
Annweiler am Trifels,DE,Frankfurt,DE
Erlenbach bei Marktheidenfeld,DE,Frankfurt,DE
Adelschlag,DE,Frankfurt,DE
Gleichen,DE,Frankfurt,DE
Michelbach an der Bilz,DE,Frankfurt,DE
Morbach,DE,Frankfurt,DE
Hadamar,DE,Frankfurt,DE
Raubling,DE,Frankfurt,DE
Bindlach,DE,Frankfurt,DE
Grünberg,DE,Frankfurt,DE
Arnsberg,DE,Frankfurt,DE
Horhausen,DE,Frankfurt,DE
Reiskirchen,DE,Frankfurt,DE
Ochsenfurt,DE,Frankfurt,DE
Niederaula,DE,Frankfurt,DE
Sinsheim,DE,Frankfurt,DE
Heilbronn,DE,Frankfurt,DE
Trebur,DE,Frankfurt,DE
Nohfelden,DE,Frankfurt,DE
Koblenz,DE,Frankfurt,DE
Obertshausen,DE,Frankfurt,DE
Taipei,TW,Frankfurt,DE
Themar,DE,Frankfurt,DE
Bickenbach,DE,Frankfurt,DE
Meschede,DE,Frankfurt,DE
Fiersbach,DE,Frankfurt,DE
Emersacker,DE,Frankfurt,DE
Lubin,DE,Frankfurt,DE
Rüdenhausen,DE,Frankfurt,DE
Hanover,DE,Frankfurt,DE
Collenberg,DE,Frankfurt,DE
Leinefelde-Worbis,DE,Frankfurt,DE
Heidelberg,DE,Frankfurt,DE
Schiffweiler,DE,Frankfurt,DE
Achim,DE,Frankfurt,DE
Neuenmarkt,DE,Frankfurt,DE
Bad Berleburg,DE,Frankfurt,DE
Burk,DE,Frankfurt,DE
Kirchheim bei München,DE,Frankfurt,DE
Pleidelsheim,DE,Frankfurt,DE
Sayda,DE,Frankfurt,DE
Hövelhof,DE,Frankfurt,DE
Maharashtra,IN,Frankfurt,DE
Bürstadt,DE,Frankfurt,DE
Sinzig,DE,Frankfurt,DE
Oberwiesenthal,DE,Frankfurt,DE
Thaleischweiler-Fröschen,DE,Frankfurt,DE
Weinsberg,DE,Frankfurt,DE
Bammental,DE,Frankfurt,DE
Oberzissen,DE,Frankfurt,DE
Rietberg,DE,Frankfurt,DE
Kelbra,DE,Frankfurt,DE
Bovenden,DE,Frankfurt,DE
Holzgerlingen,DE,Frankfurt,DE
Bad Wünnenberg,DE,Frankfurt,DE
Bad Pyrmont,DE,Frankfurt,DE
Löhne,DE,Frankfurt,DE
Radevormwald,DE,Frankfurt,DE
Wesseling,DE,Frankfurt,DE
Gedern,DE,Frankfurt,DE
Sinntal,DE,Frankfurt,DE
Weil im Schönbuch,DE,Frankfurt,DE
Buchenbach,DE,Frankfurt,DE
Mechernich,DE,Frankfurt,DE
Sonneberg,DE,Frankfurt,DE
Neudietendorf,DE,Frankfurt,DE
Wetter,DE,Frankfurt,DE
Freisen,DE,Frankfurt,DE
Epfenbach,DE,Frankfurt,DE
Amberg,DE,Frankfurt,DE
Greven,DE,Frankfurt,DE
Hanshagen,DE,Frankfurt,DE
Lichtenau,DE,Frankfurt,DE
Perleberg,DE,Frankfurt,DE
Großlittgen,DE,Frankfurt,DE
Schwäbisch Hall,DE,Frankfurt,DE
Groß-Zimmern,DE,Frankfurt,DE
Cochem,DE,Frankfurt,DE
Untereisesheim,DE,Frankfurt,DE
Bad Kissingen,DE,Frankfurt,DE
Obersulm,DE,Frankfurt,DE
Speyer,DE,Frankfurt,DE
Frankenberg,DE,Frankfurt,DE
Auerbach,DE,Frankfurt,DE
Erlensee,DE,Frankfurt,DE
Enger,DE,Frankfurt,DE
Meddersheim,DE,Frankfurt,DE
Solingen,DE,Frankfurt,DE
Ansbach,DE,Frankfurt,DE
Königswinter,DE,Frankfurt,DE
Nidda,DE,Frankfurt,DE
Wilnsdorf,DE,Frankfurt,DE
Reilingen,DE,Frankfurt,DE
Seinsheim,DE,Frankfurt,DE
Swieqi,MT,Frankfurt,DE
Greifenstein,DE,Frankfurt,DE
Berlin,DE,Frankfurt,DE
Sommerhausen,DE,Frankfurt,DE
Hohenroth,DE,Frankfurt,DE
Albersweiler,DE,Frankfurt,DE
Zaisenhausen,DE,Frankfurt,DE
Syke,DE,Frankfurt,DE
Mörfelden-Walldorf,DE,Frankfurt,DE
Ayl,DE,Frankfurt,DE
Holzwickede,DE,Frankfurt,DE
Bruckberg,DE,Frankfurt,DE
Sembach,DE,Frankfurt,DE
Möckmühl,DE,Frankfurt,DE
Olpe,DE,Frankfurt,DE
Georgensgmünd,DE,Frankfurt,DE
Neuerburg,DE,Frankfurt,DE
Alzenau in Unterfranken,DE,Frankfurt,DE
Eich,DE,Frankfurt,DE
Kleinheubach,DE,Frankfurt,DE
Felsberg,DE,Frankfurt,DE
Gemmrigheim,DE,Frankfurt,DE
Schwaikheim,DE,Frankfurt,DE
Valley,DE,Frankfurt,DE
Blankenrath,DE,Frankfurt,DE
Brakel,DE,Frankfurt,DE
Langenzenn,DE,Frankfurt,DE
Bodenwerder,DE,Frankfurt,DE
Rockenhausen,DE,Frankfurt,DE
Rülzheim,DE,Frankfurt,DE
Weischlitz,DE,Frankfurt,DE
Aschau am Inn,DE,Frankfurt,DE
Bad Salzuflen,DE,Frankfurt,DE
Erfweiler,DE,Frankfurt,DE
Kronach,DE,Frankfurt,DE
Obernburg am Main,DE,Frankfurt,DE
Grafenberg,DE,Frankfurt,DE
Bad Herrenalb,DE,Frankfurt,DE
Niederkassel,DE,Frankfurt,DE
Erfurt,DE,Frankfurt,DE
Lutter,DE,Frankfurt,DE
Babenhausen,DE,Frankfurt,DE
Ratingen,DE,Frankfurt,DE
Neubrandenburg,DE,Frankfurt,DE
Rauschenberg,DE,Frankfurt,DE
Gäufelden,DE,Frankfurt,DE
Etteldorf,DE,Frankfurt,DE
Petershagen,DE,Frankfurt,DE
Dornstadt,DE,Frankfurt,DE
Möhnesee,DE,Frankfurt,DE
Hausach,DE,Frankfurt,DE
Walldürn,DE,Frankfurt,DE
Welschbillig,DE,Frankfurt,DE
Zwickau,DE,Frankfurt,DE
Reichshof,DE,Frankfurt,DE
Graben-Neudorf,DE,Frankfurt,DE
Dinkelsbühl,DE,Frankfurt,DE
Wenden,DE,Frankfurt,DE
Röthenbach an der Pegnitz,DE,Frankfurt,DE
Lohmar,DE,Frankfurt,DE
Groß Ammensleben,DE,Frankfurt,DE
Bodenheim,DE,Frankfurt,DE
Ehrenkirchen,DE,Frankfurt,DE
Tübingen,DE,Frankfurt,DE
Bad Nauheim,DE,Frankfurt,DE
Bad Soden am Taunus,DE,Frankfurt,DE
Steinbach-Hallenberg,DE,Frankfurt,DE
Rückersdorf,DE,Frankfurt,DE
Zell am Harmersbach,DE,Frankfurt,DE
Metterich,DE,Frankfurt,DE
Biebertal,DE,Frankfurt,DE
Ramstein-Miesenbach,DE,Frankfurt,DE
Lippstadt,DE,Frankfurt,DE
Breitungen,DE,Frankfurt,DE
Ruhland,DE,Frankfurt,DE
Backnang,DE,Frankfurt,DE
Konz,DE,Frankfurt,DE
Berghülen,DE,Frankfurt,DE
Pulheim,DE,Frankfurt,DE
Ahrbrück,DE,Frankfurt,DE
Brühl,DE,Frankfurt,DE
Neckargemünd,DE,Frankfurt,DE
Schwelm,DE,Frankfurt,DE
Ebersbach an der Fils,DE,Frankfurt,DE
Bad Münstereifel,DE,Frankfurt,DE
Sontra,DE,Frankfurt,DE
Külsheim,DE,Frankfurt,DE
Lehrberg,DE,Frankfurt,DE
Alfdorf,DE,Frankfurt,DE
Nackenheim,DE,Frankfurt,DE
Biblis,DE,Frankfurt,DE
Sundern,DE,Frankfurt,DE
Eisfeld,DE,Frankfurt,DE
Böhl-Iggelheim,DE,Frankfurt,DE
Lebach,DE,Frankfurt,DE
Bernau am Chiemsee,DE,Frankfurt,DE
Schönecken,DE,Frankfurt,DE
Rosbach vor der Höhe,DE,Frankfurt,DE
Bönen,DE,Frankfurt,DE
Dietenhofen,DE,Frankfurt,DE
Lahntal,DE,Frankfurt,DE
Dietzhölztal,DE,Frankfurt,DE
Rheine,DE,Frankfurt,DE
Wiesentheid,DE,Frankfurt,DE
Wächtersbach,DE,Frankfurt,DE
Lederhose,DE,Frankfurt,DE
Böchingen,DE,Frankfurt,DE
Willebadessen,DE,Frankfurt,DE
Weilbach,DE,Frankfurt,DE
Wittelshofen,DE,Frankfurt,DE
Neckarbischofsheim,DE,Frankfurt,DE
Mainaschaff,DE,Frankfurt,DE
Loßburg,DE,Frankfurt,DE
Ottobeuren,DE,Frankfurt,DE
Merchweiler,DE,Frankfurt,DE
Crailsheim,DE,Frankfurt,DE
Weinstadt,DE,Frankfurt,DE
Bad Tölz,DE,Frankfurt,DE
Weisel,DE,Frankfurt,DE
Villingen-Schwenningen,DE,Frankfurt,DE
Halle,DE,Frankfurt,DE
Dahn,DE,Frankfurt,DE
Meckenbeuren,DE,Frankfurt,DE
Eltville,DE,Frankfurt,DE
Edingen-Neckarhausen,DE,Frankfurt,DE
Geiselwind,DE,Frankfurt,DE
Soest,DE,Frankfurt,DE
Waldenburg,DE,Frankfurt,DE
Bamberg,DE,Frankfurt,DE
Oer-Erkenschwick,DE,Frankfurt,DE
Leinfelden-Echterdingen,DE,Frankfurt,DE
Krefeld,DE,Frankfurt,DE
Gundelfingen,DE,Frankfurt,DE
Korb,DE,Frankfurt,DE
Rennerod,DE,Frankfurt,DE
Germering,DE,Frankfurt,DE
Laberweinting,DE,Frankfurt,DE
Völklingen,DE,Frankfurt,DE
Schlotheim,DE,Frankfurt,DE
Allmersbach im Tal,DE,Frankfurt,DE
Apolda,DE,Frankfurt,DE
Bedburg,DE,Frankfurt,DE
Wiesenbronn,DE,Frankfurt,DE
Barchfeld,DE,Frankfurt,DE
Ebensfeld,DE,Frankfurt,DE
Oberwesel,DE,Frankfurt,DE
Hennef (Sieg),DE,Frankfurt,DE
Hilchenbach,DE,Frankfurt,DE
Oberreichenbach,DE,Frankfurt,DE
Biburg,DE,Frankfurt,DE
Rothenbuch,DE,Frankfurt,DE
Dülmen,DE,Frankfurt,DE
Kamen,DE,Frankfurt,DE
Bad Sobernheim,DE,Frankfurt,DE
Hildburghausen,DE,Frankfurt,DE
Karlsbad,DE,Frankfurt,DE
Norath,DE,Frankfurt,DE
Osterholz-Scharmbeck,DE,Frankfurt,DE
Kusel,DE,Frankfurt,DE
Schöffengrund,DE,Frankfurt,DE
Dornstetten,DE,Frankfurt,DE
Welver,DE,Frankfurt,DE
Weiterstadt,DE,Frankfurt,DE
Eltmann,DE,Frankfurt,DE
Hosenfeld,DE,Frankfurt,DE
Angelbachtal,DE,Frankfurt,DE
Wachenheim,DE,Frankfurt,DE
Steimel,DE,Frankfurt,DE
Dillenburg,DE,Frankfurt,DE
Emmerthal,DE,Frankfurt,DE
Eningen unter Achalm,DE,Frankfurt,DE
Weißenfels,DE,Frankfurt,DE
Leonberg,DE,Frankfurt,DE
Maßbach,DE,Frankfurt,DE
Dipperz,DE,Frankfurt,DE
Bechhofen,DE,Frankfurt,DE
Remich,LU,Frankfurt,DE
Germersheim,DE,Frankfurt,DE
Kranichfeld,DE,Frankfurt,DE
Staufenberg,DE,Frankfurt,DE
Solms,DE,Frankfurt,DE
Vellmar,DE,Frankfurt,DE
Spornitz,DE,Frankfurt,DE
Veitshöchheim,DE,Frankfurt,DE
Dieburg,DE,Frankfurt,DE
Wietzen,DE,Frankfurt,DE
Korschenbroich,DE,Frankfurt,DE
Biebergemünd,DE,Frankfurt,DE
Kelsterbach,DE,Frankfurt,DE
Vlotho,DE,Frankfurt,DE
Görlitz,DE,Frankfurt,DE
Himmelkron,DE,Frankfurt,DE
Seeheim-Jugenheim,DE,Frankfurt,DE
Sassenberg,DE,Frankfurt,DE
Burgoberbach,DE,Frankfurt,DE
Minderlittgen,DE,Frankfurt,DE
Gauting,DE,Frankfurt,DE
Gaggenau,DE,Frankfurt,DE
Kirchberg,DE,Frankfurt,DE
Ketsch,DE,Frankfurt,DE
Altena,DE,Frankfurt,DE
Königsbrunn,DE,Frankfurt,DE
Hürth,DE,Frankfurt,DE
Geseke,DE,Frankfurt,DE
Bad Ditzenbach,DE,Frankfurt,DE
Radolfzell,DE,Frankfurt,DE
Hockenheim,DE,Frankfurt,DE
Delbrück,DE,Frankfurt,DE
Waldfischbach-Burgalben,DE,Frankfurt,DE
Elsenfeld,DE,Frankfurt,DE
Bad Salzungen,DE,Frankfurt,DE
Borgholzhausen,DE,Frankfurt,DE
Retzstadt,DE,Frankfurt,DE
Auenwald,DE,Frankfurt,DE
Lüdenscheid,DE,Frankfurt,DE
Saarbrücken,DE,Frankfurt,DE
Sulzemoos,DE,Frankfurt,DE
Neustadt (Hessen),DE,Frankfurt,DE
Bad Dürkheim,DE,Frankfurt,DE
Osterburken,DE,Frankfurt,DE
Plettenberg,DE,Frankfurt,DE
Bondorf,DE,Frankfurt,DE
Arenshausen,DE,Frankfurt,DE
Trendelburg,DE,Frankfurt,DE
Höhr-Grenzhausen,DE,Frankfurt,DE
Saalfeld,DE,Frankfurt,DE
Tastungen,DE,Frankfurt,DE
Marienmünster,DE,Frankfurt,DE
Fritzlar,DE,Frankfurt,DE
Kayl,LU,Frankfurt,DE
Schloß Holte-Stukenbrock,DE,Frankfurt,DE
Euskirchen,DE,Frankfurt,DE
Bad Friedrichshall,DE,Frankfurt,DE
Bad Karlshafen,DE,Frankfurt,DE
Weißenthurm,DE,Frankfurt,DE
Igensdorf,DE,Frankfurt,DE
Durbach,DE,Frankfurt,DE
Bessenbach,DE,Frankfurt,DE
Bad Camberg,DE,Frankfurt,DE
Steinhagen,DE,Frankfurt,DE
Greßthal,DE,Frankfurt,DE
Homberg (Efze),DE,Frankfurt,DE
Bad Mergentheim,DE,Frankfurt,DE
Fürstenfeldbruck,DE,Frankfurt,DE
Butzbach,DE,Frankfurt,DE
Remseck am Neckar,DE,Frankfurt,DE
Sulzfeld,DE,Frankfurt,DE
Speicher,DE,Frankfurt,DE
Brotterode,DE,Frankfurt,DE
Hallstadt,DE,Frankfurt,DE
Wüschheim,DE,Frankfurt,DE
Lahnstein,DE,Frankfurt,DE
Durmersheim,DE,Frankfurt,DE
Eppelheim,DE,Frankfurt,DE
Niederroth,DE,Frankfurt,DE
Saarwellingen,DE,Frankfurt,DE
Mengerskirchen,DE,Frankfurt,DE
Ruppertshofen,DE,Frankfurt,DE
Göhren-Lebbin,DE,Frankfurt,DE
Hilders,DE,Frankfurt,DE
Plochingen,DE,Frankfurt,DE
Langenlonsheim,DE,Frankfurt,DE
Münsingen,DE,Frankfurt,DE
Öhringen,DE,Frankfurt,DE
Maintal,DE,Frankfurt,DE
Bad Dürrheim,DE,Frankfurt,DE
Ipswich,GB,Frankfurt,DE
Lünen,DE,Frankfurt,DE
Bergisch Gladbach,DE,Frankfurt,DE
Dortmund,DE,Frankfurt,DE
Sulzbach am Main,DE,Frankfurt,DE
Iserlohn,DE,Frankfurt,DE
Sonsbeck,DE,Frankfurt,DE
Zweiflingen,DE,Frankfurt,DE
Weilerswist,DE,Frankfurt,DE
Nachrodt-Wiblingwerde,DE,Frankfurt,DE
Oberreidenbach,DE,Frankfurt,DE
Porta Westfalica,DE,Frankfurt,DE
Kuhardt,DE,Frankfurt,DE
Gerstungen,DE,Frankfurt,DE
Emskirchen,DE,Frankfurt,DE
Michelfeld,DE,Frankfurt,DE
Ilsede,DE,Frankfurt,DE
Witten,DE,Frankfurt,DE
Kürten,DE,Frankfurt,DE
Biedenkopf,DE,Frankfurt,DE
Maulbronn,DE,Frankfurt,DE
Haibach,DE,Frankfurt,DE
Lohfelden,DE,Frankfurt,DE
Elmau,DE,Frankfurt,DE
Emmelshausen,DE,Frankfurt,DE
Bohmte,DE,Frankfurt,DE
Wutha,DE,Frankfurt,DE
Seligenstadt,DE,Frankfurt,DE
Vöhl,DE,Frankfurt,DE
Brensbach,DE,Frankfurt,DE
Wabern,DE,Frankfurt,DE
Salem,DE,Frankfurt,DE
Marbach am Neckar,DE,Frankfurt,DE
Grünstadt,DE,Frankfurt,DE
Muggensturm,DE,Frankfurt,DE
Überherrn,DE,Frankfurt,DE
Bad Marienberg,DE,Frankfurt,DE
Unna,DE,Frankfurt,DE
Oberhausen,DE,Frankfurt,DE
Schöneck,DE,Frankfurt,DE
Wimsheim,DE,Frankfurt,DE
Stemmen,DE,Frankfurt,DE
Weißbach,DE,Frankfurt,DE
Kruchten,DE,Frankfurt,DE
Kirchen,DE,Frankfurt,DE
Twistetal,DE,Frankfurt,DE
Neumark,DE,Frankfurt,DE
Waldenbuch,DE,Frankfurt,DE
Flieden,DE,Frankfurt,DE
Steinach,DE,Frankfurt,DE
Dautphetal,DE,Frankfurt,DE
Zell,DE,Frankfurt,DE
Hasloch,DE,Frankfurt,DE
Eppelborn,DE,Frankfurt,DE
Bad Schwalbach,DE,Frankfurt,DE
Oerlinghausen,DE,Frankfurt,DE
Bad Köstritz,DE,Frankfurt,DE
Lohra,DE,Frankfurt,DE
Tauberbischofsheim,DE,Frankfurt,DE
Niederbreitbach,DE,Frankfurt,DE
Leimen,DE,Frankfurt,DE
Kissing,DE,Frankfurt,DE
Marktbreit,DE,Frankfurt,DE
Mudau,DE,Frankfurt,DE
Magstadt,DE,Frankfurt,DE
Bötzingen,DE,Frankfurt,DE
Grimma,DE,Frankfurt,DE
Bad Tennstedt,DE,Frankfurt,DE
Zeil,DE,Frankfurt,DE
Großenlüder,DE,Frankfurt,DE
Odenthal,DE,Frankfurt,DE
Weinheim,DE,Frankfurt,DE
Roth,DE,Frankfurt,DE
Bad Brückenau,DE,Frankfurt,DE
Altensteig,DE,Frankfurt,DE
Hardegsen,DE,Frankfurt,DE
Northeim,DE,Frankfurt,DE
Metzingen,DE,Frankfurt,DE
Deggendorf,DE,Frankfurt,DE
Schwaigern,DE,Frankfurt,DE
Ludwigsburg,DE,Frankfurt,DE
Manderscheid,DE,Frankfurt,DE
Hessisch Oldendorf,DE,Frankfurt,DE
Groß-Gerau,DE,Frankfurt,DE
Bischheim,DE,Frankfurt,DE
Wackersdorf,DE,Frankfurt,DE
Laupheim,DE,Frankfurt,DE
Rodgau,DE,Frankfurt,DE
Duchroth,DE,Frankfurt,DE
Siegen,DE,Frankfurt,DE
Bibertal,DE,Frankfurt,DE
Eschau,DE,Frankfurt,DE
Bad Frankenhausen,DE,Frankfurt,DE
Kastel,DE,Frankfurt,DE
Bremen,DE,Frankfurt,DE
Strohn,DE,Frankfurt,DE
Stadtallendorf,DE,Frankfurt,DE
Ehningen,DE,Frankfurt,DE
Reutlingen,DE,Frankfurt,DE
Rielasingen-Worblingen,DE,Frankfurt,DE
Altomünster,DE,Frankfurt,DE
Ettlingen,DE,Frankfurt,DE
Niederfüllbach,DE,Frankfurt,DE
Ensdorf,DE,Frankfurt,DE
Werdau,DE,Frankfurt,DE
Straßlach-Dingharting,DE,Frankfurt,DE
Reuth bei Erbendorf,DE,Frankfurt,DE
Langenfeld,DE,Frankfurt,DE
Sommerach,DE,Frankfurt,DE
Faid,DE,Frankfurt,DE
Schönenberg-Kübelberg,DE,Frankfurt,DE
Groß-Bieberau,DE,Frankfurt,DE
Ellwangen,DE,Frankfurt,DE
Bad Ems,DE,Frankfurt,DE
Oberweis,DE,Frankfurt,DE
Bad Bergzaben,DE,Frankfurt,DE
Querfurt,DE,Frankfurt,DE
Waldkraiburg,DE,Frankfurt,DE
Niederstedem,DE,Frankfurt,DE
Inden,DE,Frankfurt,DE
Schwalbach,DE,Frankfurt,DE
Nördlingen,DE,Frankfurt,DE
Hochheim am Main,DE,Frankfurt,DE
Eschenau,DE,Frankfurt,DE
Uttenreuth,DE,Frankfurt,DE
Reichenbach-Steegen,DE,Frankfurt,DE
Krunkel,DE,Frankfurt,DE
Bad Kreuznach,DE,Frankfurt,DE
Offingen,DE,Frankfurt,DE
Wöllstadt,DE,Frankfurt,DE
Göppingen,DE,Frankfurt,DE
Forchtenberg,DE,Frankfurt,DE
Reichelsheim,DE,Frankfurt,DE
Langen,DE,Frankfurt,DE
Bayreuth,DE,Frankfurt,DE
Heddesheim,DE,Frankfurt,DE
Nidderau,DE,Frankfurt,DE
Dermbach,DE,Frankfurt,DE
Bad Laasphe,DE,Frankfurt,DE
Rüdersdorf,DE,Frankfurt,DE
Rüsselsheim am Main,DE,Frankfurt,DE
Bad König,DE,Frankfurt,DE
Jettingen-Scheppach,DE,Frankfurt,DE
Mayen,DE,Frankfurt,DE
Langenselbold,DE,Frankfurt,DE
Hemmelzen,DE,Frankfurt,DE
Neuhof,DE,Frankfurt,DE
Karlsruhe,DE,Frankfurt,DE
Kahl am Main,DE,Frankfurt,DE
Karlstadt am Main,DE,Frankfurt,DE
Rastatt,DE,Frankfurt,DE
Pottenstein,DE,Frankfurt,DE
Werbach,DE,Frankfurt,DE
Lauchheim,DE,Frankfurt,DE
Penzberg,DE,Frankfurt,DE
Gelnhausen,DE,Frankfurt,DE
Nuthetal,DE,Frankfurt,DE
Esslingen am Neckar,DE,Frankfurt,DE
Schwetzingen,DE,Frankfurt,DE
Dorf Güll,DE,Frankfurt,DE
Chemnitz,DE,Frankfurt,DE
Breidenbach,DE,Frankfurt,DE
Schlöben,DE,Frankfurt,DE
Frankfurt am Main,DE,Frankfurt,DE
Weimar,DE,Frankfurt,DE
Dingdorf,DE,Frankfurt,DE
Neuenburg am Rhein,DE,Frankfurt,DE
Hettstedt,DE,Frankfurt,DE
Auetal,DE,Frankfurt,DE
Klingenberg am Main,DE,Frankfurt,DE
Lahr,DE,Frankfurt,DE
Berka,DE,Frankfurt,DE
Bad Hersfeld,DE,Frankfurt,DE
Willingshausen,DE,Frankfurt,DE
Ober-Ramstadt,DE,Frankfurt,DE
Töging am Inn,DE,Frankfurt,DE
Darmstadt,DE,Frankfurt,DE
Postbauer-Heng,DE,Frankfurt,DE
Linnich,DE,Frankfurt,DE
Bietigheim-Bissingen,DE,Frankfurt,DE
Grub am Forst,DE,Frankfurt,DE
Fröndenberg,DE,Frankfurt,DE
Leimersheim,DE,Frankfurt,DE
Ellerbek,DE,Frankfurt,DE
Schlüchtern,DE,Frankfurt,DE
Sangerhausen,DE,Frankfurt,DE
Hemsbach,DE,Frankfurt,DE
Watzerath,DE,Frankfurt,DE
Tamm,DE,Frankfurt,DE
Altlay,DE,Frankfurt,DE
Sława,PL,Frankfurt,DE
Höchberg,DE,Frankfurt,DE
Daaden,DE,Frankfurt,DE
Taunusstein,DE,Frankfurt,DE
Georgenthal,DE,Frankfurt,DE
Rothenburg upon Tauber,DE,Frankfurt,DE
Osthofen,DE,Frankfurt,DE
Steinfischbach,DE,Frankfurt,DE
Ditzingen,DE,Frankfurt,DE
Hemer,DE,Frankfurt,DE
Pfungstadt,DE,Frankfurt,DE
Röhl,DE,Frankfurt,DE
Mössingen,DE,Frankfurt,DE
Böblingen,DE,Frankfurt,DE
Großengottern,DE,Frankfurt,DE
Laubach,DE,Frankfurt,DE
Rommersheim,DE,Frankfurt,DE
Empfingen,DE,Frankfurt,DE
Lubmin,DE,Frankfurt,DE
Lohr a. Main,DE,Frankfurt,DE
Stockheim,DE,Frankfurt,DE
Ochsenhausen,DE,Frankfurt,DE
Bretzfeld,DE,Frankfurt,DE
Ingersheim,DE,Frankfurt,DE
Rosdorf,DE,Frankfurt,DE
Sauerlach,DE,Frankfurt,DE
Strasbourg,FR,Frankfurt,DE
Mittel-Gründau,DE,Frankfurt,DE
Weilmünster,DE,Frankfurt,DE
Gutenstetten,DE,Frankfurt,DE
Westerburg,DE,Frankfurt,DE
Oberursel,DE,Frankfurt,DE
Weidhausen,DE,Frankfurt,DE
Altenahr,DE,Frankfurt,DE
Erlabrunn,DE,Frankfurt,DE
Tharandt,DE,Frankfurt,DE
Edesheim,DE,Frankfurt,DE
Großbottwar,DE,Frankfurt,DE
Gollhofen,DE,Frankfurt,DE
Tambach-Dietharz,DE,Frankfurt,DE
Winkelhaid,DE,Frankfurt,DE
Ilmenau,DE,Frankfurt,DE
Rötz,DE,Frankfurt,DE
Ingelheim,DE,Frankfurt,DE
Mellrichstadt,DE,Frankfurt,DE
Weil der Stadt,DE,Frankfurt,DE
Gebhardshain,DE,Frankfurt,DE
Monheim,DE,Frankfurt,DE
Urbach,DE,Frankfurt,DE
Münchsteinach,DE,Frankfurt,DE
Hannoversch Münden,DE,Frankfurt,DE
Karbach,DE,Frankfurt,DE
Eichenau,DE,Frankfurt,DE
Kelkheim,DE,Frankfurt,DE
Schifferstadt,DE,Frankfurt,DE
Rutesheim,DE,Frankfurt,DE
Oberndorf,DE,Frankfurt,DE
Kelberg,DE,Frankfurt,DE
Röhrmoos,DE,Frankfurt,DE
Waldbröl,DE,Frankfurt,DE
Lipporn,DE,Frankfurt,DE
Walting,DE,Frankfurt,DE
Kümmersbruck,DE,Frankfurt,DE
Reinheim,DE,Frankfurt,DE
Kirchheim am Neckar,DE,Frankfurt,DE
Leihgestern,DE,Frankfurt,DE
Aßlar,DE,Frankfurt,DE
Mömbris,DE,Frankfurt,DE
Bischberg,DE,Frankfurt,DE
Dettingen unter Teck,DE,Frankfurt,DE
Simmertal,DE,Frankfurt,DE
Kieselbronn,DE,Frankfurt,DE
Gierstädt,DE,Frankfurt,DE
Kleve,DE,Frankfurt,DE
Rittersdorf,DE,Frankfurt,DE
Neustadt an der Weinstraße,DE,Frankfurt,DE
Brandenburg,DE,Frankfurt,DE
Freigericht,DE,Frankfurt,DE
Küps,DE,Frankfurt,DE
Waldmohr,DE,Frankfurt,DE
Bacharach,DE,Frankfurt,DE
Ergersheim,DE,Frankfurt,DE
Deggingen,DE,Frankfurt,DE
Spiesen-Elversberg,DE,Frankfurt,DE
Marpingen,DE,Frankfurt,DE
Wolpertshausen,DE,Frankfurt,DE
Illingen,DE,Frankfurt,DE
Fürth,DE,Frankfurt,DE
Viernheim,DE,Frankfurt,DE
Obernkirchen,DE,Frankfurt,DE
Freudenberg,DE,Frankfurt,DE
Schwabach,DE,Frankfurt,DE
Hungen,DE,Frankfurt,DE
Berg,DE,Frankfurt,DE
Remscheid,DE,Frankfurt,DE
Mertesheim,DE,Frankfurt,DE
Königstein im Taunus,DE,Frankfurt,DE
Prüm,DE,Frankfurt,DE
Bruchköbel,DE,Frankfurt,DE
Bebra,DE,Frankfurt,DE
Michelstadt,DE,Frankfurt,DE
Barntrup,DE,Frankfurt,DE
Quierschied,DE,Frankfurt,DE
Rinteln,DE,Frankfurt,DE
Ginsheim-Gustavsburg,DE,Frankfurt,DE
Rösrath,DE,Frankfurt,DE
Willich,DE,Frankfurt,DE
Büdingen,DE,Frankfurt,DE
Neustadt an der Aisch,DE,Frankfurt,DE
Bad Arolsen,DE,Frankfurt,DE
Hofbieber,DE,Frankfurt,DE
Baudenbach,DE,Frankfurt,DE
Wassertrüdingen,DE,Frankfurt,DE
Lichtenfels,DE,Frankfurt,DE
Hainburg,DE,Frankfurt,DE
Ottersberg,DE,Frankfurt,DE
Paderborn,DE,Frankfurt,DE
Nürtingen,DE,Frankfurt,DE
Kürnach,DE,Frankfurt,DE
Isenbüttel,DE,Frankfurt,DE
Ebernhahn,DE,Frankfurt,DE
Stotzheim,DE,Frankfurt,DE
Friedrichsthal,DE,Frankfurt,DE
Walluf,DE,Frankfurt,DE
Gräfenroda,DE,Frankfurt,DE
Oberasbach,DE,Frankfurt,DE
Obermiethnach,DE,Frankfurt,DE
Waldaschaff,DE,Frankfurt,DE
Bad Neustadt an der Saale,DE,Frankfurt,DE
Homburg,DE,Frankfurt,DE
Marktzeuln,DE,Frankfurt,DE
Würselen,DE,Frankfurt,DE
Langgöns,DE,Frankfurt,DE
Oppenheim,DE,Frankfurt,DE
Uhldingen-Mühlhofen,DE,Frankfurt,DE
Alsenz,DE,Frankfurt,DE
Loerrach,DE,Frankfurt,DE
Sömmerda,DE,Frankfurt,DE
Bad Oeynhausen,DE,Frankfurt,DE
Calw,DE,Frankfurt,DE
Metebach,DE,Frankfurt,DE
Seck,DE,Frankfurt,DE
Freisbach,DE,Frankfurt,DE
Oberderdingen,DE,Frankfurt,DE
Stockstadt am Main,DE,Frankfurt,DE
Kall,DE,Frankfurt,DE
Espenau,DE,Frankfurt,DE
Uffenheim,DE,Frankfurt,DE
Schleiden,DE,Frankfurt,DE
Neulußheim,DE,Frankfurt,DE
Hagen,DE,Frankfurt,DE
Büdesheim,DE,Frankfurt,DE
Bilshausen,DE,Frankfurt,DE
Lugau,DE,Frankfurt,DE
Bolanden,DE,Frankfurt,DE
Stephanskirchen,DE,Frankfurt,DE
Esch-sur-Alzette,LU,Frankfurt,DE
Litzendorf,DE,Frankfurt,DE
Waldalgesheim,DE,Frankfurt,DE
Weidenberg,DE,Frankfurt,DE
Jockgrim,DE,Frankfurt,DE
Erbach im Odenwald,DE,Frankfurt,DE
Bornheim,DE,Frankfurt,DE
Bad Laer,DE,Frankfurt,DE
Münchhausen am Christenberg,DE,Frankfurt,DE
Stuhr,DE,Frankfurt,DE
Pommern,DE,Frankfurt,DE
Kordel,DE,Frankfurt,DE
Wiesbaum,DE,Frankfurt,DE
Werneck,DE,Frankfurt,DE
Ober-Mörlen,DE,Frankfurt,DE
Mogendorf,DE,Frankfurt,DE
Baltmannsweiler,DE,Frankfurt,DE
Ulmen,DE,Frankfurt,DE
Norheim,DE,Frankfurt,DE
Birkweiler,DE,Frankfurt,DE
Markt Erlbach,DE,Frankfurt,DE
Nuremberg,DE,Frankfurt,DE
Schönwalde,DE,Frankfurt,DE
Ladenburg,DE,Frankfurt,DE
Pilsach,DE,Frankfurt,DE
Schillingsfürst,DE,Frankfurt,DE
Heidenrod,DE,Frankfurt,DE
Bad Berneck im Fichtelgebirge,DE,Frankfurt,DE
Neuenrade,DE,Frankfurt,DE
Rheinbach,DE,Frankfurt,DE
Haiger,DE,Frankfurt,DE
Eggolsheim,DE,Frankfurt,DE
Hornbach,DE,Frankfurt,DE
Ladbergen,DE,Frankfurt,DE
Vaterstetten,DE,Frankfurt,DE
Eisenach,DE,Frankfurt,DE
Nünschweiler,DE,Frankfurt,DE
Oppenweiler,DE,Frankfurt,DE
Essingen,DE,Frankfurt,DE
Iphofen,DE,Frankfurt,DE
Waibstadt,DE,Frankfurt,DE
Osterode am Harz,DE,Frankfurt,DE
Leidersbach,DE,Frankfurt,DE
Oberaula,DE,Frankfurt,DE
Möglingen,DE,Frankfurt,DE
Stein,DE,Frankfurt,DE
Winnen,DE,Frankfurt,DE
Winterlingen,DE,Frankfurt,DE
Murr,DE,Frankfurt,DE
Estenfeld,DE,Frankfurt,DE
Weißenohe,DE,Frankfurt,DE
Wadern,DE,Frankfurt,DE
Flein,DE,Frankfurt,DE
Schwanstetten,DE,Frankfurt,DE
Ehingen,DE,Frankfurt,DE
Mittenwalde,DE,Frankfurt,DE
Mosbach,DE,Frankfurt,DE
Bad Liebenzell,DE,Frankfurt,DE
Haiterbach,DE,Frankfurt,DE
Marktheidenfeld,DE,Frankfurt,DE
Gütersloh,DE,Frankfurt,DE
Baiersbronn,DE,Frankfurt,DE
Vilsheim,DE,Frankfurt,DE
Bad Schönborn,DE,Frankfurt,DE
Oberstedem,DE,Frankfurt,DE
Meinerzhagen,DE,Frankfurt,DE
Mengen,DE,Frankfurt,DE
Nettersheim,DE,Frankfurt,DE
Rollshausen,DE,Frankfurt,DE
Hemhofen,DE,Frankfurt,DE
Landau,DE,Frankfurt,DE
Trier,DE,Frankfurt,DE
Baiersdorf,DE,Frankfurt,DE
Ransbach-Baumbach,DE,Frankfurt,DE
Schwanfeld,DE,Frankfurt,DE
Neidenfels,DE,Frankfurt,DE
Kitzingen,DE,Frankfurt,DE
Yerevan,AM,Frankfurt,DE
Eppertshausen,DE,Frankfurt,DE
Steinheim an der Murr,DE,Frankfurt,DE
Igersheim,DE,Frankfurt,DE
Zweibrücken,DE,Frankfurt,DE
Eschwege,DE,Frankfurt,DE
Westerstede,DE,Frankfurt,DE
Obrigheim,DE,Frankfurt,DE
Kuppenheim,DE,Frankfurt,DE
Hof,DE,Frankfurt,DE
Feldafing,DE,Frankfurt,DE
Guxhagen,DE,Frankfurt,DE
Mainburg,DE,Frankfurt,DE
Eppstein,DE,Frankfurt,DE
Landstuhl,DE,Frankfurt,DE
Mörlen,DE,Frankfurt,DE
Spardorf,DE,Frankfurt,DE
Altengottern,DE,Frankfurt,DE
Hellenhahn-Schellenberg,DE,Frankfurt,DE
Aalen,DE,Frankfurt,DE
Rehborn,DE,Frankfurt,DE
Großheubach,DE,Frankfurt,DE
Homberg,DE,Frankfurt,DE
Halver,DE,Frankfurt,DE
Rodenbach,DE,Frankfurt,DE
Bad Wiessee,DE,Frankfurt,DE
Miehlen,DE,Frankfurt,DE
Planegg,DE,Frankfurt,DE
Gernsheim,DE,Frankfurt,DE
Roding,DE,Frankfurt,DE
Oberleichtersbach,DE,Frankfurt,DE
Wallerfangen,DE,Frankfurt,DE
Korntal,DE,Frankfurt,DE
Hünfeld,DE,Frankfurt,DE
Karben,DE,Frankfurt,DE
Merzig,DE,Frankfurt,DE
Steinbach am Taunus,DE,Frankfurt,DE
Neuenstein,DE,Frankfurt,DE
Murrhardt,DE,Frankfurt,DE
Dissen,DE,Frankfurt,DE
Kolbingen,DE,Frankfurt,DE
Neuendettelsau,DE,Frankfurt,DE
Hanau,DE,Frankfurt,DE
Alsfeld,DE,Frankfurt,DE
Bergneustadt,DE,Frankfurt,DE
Greding,DE,Frankfurt,DE
Wirges,DE,Frankfurt,DE
Limburgerhof,DE,Frankfurt,DE
Badem,DE,Frankfurt,DE
Bad Sassendorf,DE,Frankfurt,DE
Eichstätt,DE,Frankfurt,DE
Puderbach,DE,Frankfurt,DE
Weisenheim am Sand,DE,Frankfurt,DE
Dillingen,DE,Frankfurt,DE
Kämpfelbach,DE,Frankfurt,DE
Pierrefitte-sur-Seine,FR,Frankfurt,DE
Namborn,DE,Frankfurt,DE
Östringen,DE,Frankfurt,DE
Bellenberg,DE,Frankfurt,DE
Großsachsenheim,DE,Frankfurt,DE
Grünebach,DE,Frankfurt,DE
Gärtringen,DE,Frankfurt,DE
Denkendorf,DE,Frankfurt,DE
Goldenstedt,DE,Frankfurt,DE
Wuelfrath,DE,Frankfurt,DE
Oestrich-Winkel,DE,Frankfurt,DE
Buchen in Odenwald,DE,Frankfurt,DE
Meckenheim,DE,Frankfurt,DE
Bad Rodach,DE,Frankfurt,DE
Oberriexingen,DE,Frankfurt,DE
Breisach,DE,Frankfurt,DE
Beilngries,DE,Frankfurt,DE
Nordhausen,DE,Frankfurt,DE
Wilhermsdorf,DE,Frankfurt,DE
Bad Orb,DE,Frankfurt,DE
Stegaurach,DE,Frankfurt,DE
Zwingenberg,DE,Frankfurt,DE
Battenberg,DE,Frankfurt,DE
Bielefeld,DE,Frankfurt,DE
Großwallstadt,DE,Frankfurt,DE
Bottenbach,DE,Frankfurt,DE
Ottendorf-Okrilla,DE,Frankfurt,DE
Aschaffenburg,DE,Frankfurt,DE
Wertheim am Main,DE,Frankfurt,DE
Heitersheim,DE,Frankfurt,DE
Heinersreuth,DE,Frankfurt,DE
Geislingen an der Steige,DE,Frankfurt,DE
Oettingen in Bayern,DE,Frankfurt,DE
Sulzbach,DE,Frankfurt,DE
Waltershausen,DE,Frankfurt,DE
Cologne,DE,Frankfurt,DE
Baden-Baden,DE,Frankfurt,DE
Elleben,DE,Frankfurt,DE
Haan,DE,Frankfurt,DE
Egelsbach,DE,Frankfurt,DE
Flörsheim,DE,Frankfurt,DE
Kleinlangheim,DE,Frankfurt,DE
Herborn,DE,Frankfurt,DE
Mühlhausen,DE,Frankfurt,DE
Schwäbisch Gmünd,DE,Frankfurt,DE
Zell am Main,DE,Frankfurt,DE
Faulbach,DE,Frankfurt,DE
Waldkirch,DE,Frankfurt,DE
Herrenberg,DE,Frankfurt,DE
Oberhausen-Rheinhausen,DE,Frankfurt,DE
Laatzen,DE,Frankfurt,DE
Wolfsburg,DE,Frankfurt,DE
Talheim,DE,Frankfurt,DE
Großbardorf,DE,Frankfurt,DE
Döhlau,DE,Frankfurt,DE
Sankt Wendel,DE,Frankfurt,DE
Heßdorf,DE,Frankfurt,DE
Albstadt,DE,Frankfurt,DE
Oberzent,DE,Frankfurt,DE
Kronberg,DE,Frankfurt,DE
Schlitz,DE,Frankfurt,DE
Kirn,DE,Frankfurt,DE
Feldkirchen-Westerham,DE,Frankfurt,DE
Wallerstein,DE,Frankfurt,DE
Lahnau,DE,Frankfurt,DE
Breitscheid,DE,Frankfurt,DE
Maxdorf,DE,Frankfurt,DE
Amerdingen,DE,Frankfurt,DE
Gummersbach,DE,Frankfurt,DE
Rüdesheim am Rhein,DE,Frankfurt,DE
Grünkraut,DE,Frankfurt,DE
Bad Langensalza,DE,Frankfurt,DE
Bullach,DE,Frankfurt,DE
Groß-Umstadt,DE,Frankfurt,DE
Nauheim,DE,Frankfurt,DE
Keltern,DE,Frankfurt,DE
Dietzenbach,DE,Frankfurt,DE
Kreuzwertheim,DE,Frankfurt,DE
Ruhmannsfelden,DE,Frankfurt,DE
Großen Buseck,DE,Frankfurt,DE
Wenzenbach,DE,Frankfurt,DE
Mindelheim,DE,Frankfurt,DE
Recklinghausen,DE,Frankfurt,DE
Zella-Mehlis,DE,Frankfurt,DE
Bitburg,DE,Frankfurt,DE
Neu-Anspach,DE,Frankfurt,DE
Hillesheim,DE,Frankfurt,DE
Rudolstadt,DE,Frankfurt,DE
Rottenburg,DE,Frankfurt,DE
Straußfurt,DE,Frankfurt,DE
Radeberg,DE,Frankfurt,DE
Wiesloch,DE,Frankfurt,DE
Weiden,DE,Frankfurt,DE
Hatzenbühl,DE,Frankfurt,DE
Niedernhall,DE,Frankfurt,DE
Warendorf,DE,Frankfurt,DE
Burgbernheim,DE,Frankfurt,DE
Birkenfeld,DE,Frankfurt,DE
Otzberg,DE,Frankfurt,DE
Deudesfeld,DE,Frankfurt,DE
Lorsch,DE,Frankfurt,DE
Altenkirchen,DE,Frankfurt,DE
Walzbachtal,DE,Frankfurt,DE
Schönthal,DE,Frankfurt,DE
Pfedelbach,DE,Frankfurt,DE
Haßloch,DE,Frankfurt,DE
Wipperfürth,DE,Frankfurt,DE
Neubiberg,DE,Frankfurt,DE
Edertal,DE,Frankfurt,DE
Gaimersheim,DE,Frankfurt,DE
Massenbachhausen,DE,Frankfurt,DE
Waldstetten,DE,Frankfurt,DE
Hohenahr,DE,Frankfurt,DE
Altenstadt,DE,Frankfurt,DE
Siegburg,DE,Frankfurt,DE
Barmstedt,DE,Frankfurt,DE
Heltersberg,DE,Frankfurt,DE
Steinheim am Albuch,DE,Frankfurt,DE
Kaarst,DE,Frankfurt,DE
Wörrstadt,DE,Frankfurt,DE
Winnerath,DE,Frankfurt,DE
Schenefeld,DE,Frankfurt,DE
Hamburg,DE,Frankfurt,DE
Dornburg,DE,Frankfurt,DE
Markgröningen,DE,Frankfurt,DE
Freinsheim,DE,Frankfurt,DE
Lauterbach,DE,Frankfurt,DE
Bendorf,DE,Frankfurt,DE
Pastetten,DE,Frankfurt,DE
Nußloch,DE,Frankfurt,DE
Traitsching,DE,Frankfurt,DE
Nack,DE,Frankfurt,DE
Remagen,DE,Frankfurt,DE
Hafenlohr,DE,Frankfurt,DE
Pöttmes,DE,Frankfurt,DE
Heilbad Heiligenstadt,DE,Frankfurt,DE
Hasbergen,DE,Frankfurt,DE
Cölbe,DE,Frankfurt,DE
Weidenbach,DE,Frankfurt,DE
Bodenwöhr,DE,Frankfurt,DE
Mauschbach,DE,Frankfurt,DE
Achstetten,DE,Frankfurt,DE
Schwalmstadt,DE,Frankfurt,DE
Drakenburg,DE,Frankfurt,DE
Sinzheim,DE,Frankfurt,DE
Mühlacker,DE,Frankfurt,DE
Nusplingen,DE,Frankfurt,DE
Neuffen,DE,Frankfurt,DE
Flammersfeld,DE,Frankfurt,DE
Prien am Chiemsee,DE,Frankfurt,DE
Herne,DE,Frankfurt,DE
Dingelstädt,DE,Frankfurt,DE
Münzenberg,DE,Frankfurt,DE
Hamm (Sieg),DE,Frankfurt,DE
Hilden,DE,Frankfurt,DE
Röthlein,DE,Frankfurt,DE
Gimbsheim,DE,Frankfurt,DE
Unterföhring,DE,Frankfurt,DE
Netphen,DE,Frankfurt,DE
Frankenthal,DE,Frankfurt,DE
Denzlingen,DE,Frankfurt,DE
Leienkaul,DE,Frankfurt,DE
Leun,DE,Frankfurt,DE
Nieder-Olm,DE,Frankfurt,DE
Ludwigshafen am Rhein,DE,Frankfurt,DE
Suhlendorf,DE,Frankfurt,DE
Gerolstein,DE,Frankfurt,DE
Adenau,DE,Frankfurt,DE
Langenau,DE,Frankfurt,DE
Wöllstein,DE,Frankfurt,DE
Brilon,DE,Frankfurt,DE
Monzelfeld,DE,Frankfurt,DE
Oberthal,DE,Frankfurt,DE
Nierstein,DE,Frankfurt,DE
Ennepetal,DE,Frankfurt,DE
Rimpar,DE,Frankfurt,DE
Pfaffenhofen,DE,Frankfurt,DE
Zusmarshausen,DE,Frankfurt,DE
Altbach,DE,Frankfurt,DE
Bettingen,DE,Frankfurt,DE
Thalmässing,DE,Frankfurt,DE
Ilshofen,DE,Frankfurt,DE
Mutlangen,DE,Frankfurt,DE
Waidhaus,DE,Frankfurt,DE
Stadtsteinach,DE,Frankfurt,DE
Veilsdorf,DE,Frankfurt,DE
Wölfersheim,DE,Frankfurt,DE
Adelsdorf,DE,Frankfurt,DE
Attendorn,DE,Frankfurt,DE
Idar-Oberstein,DE,Frankfurt,DE
Schömberg,DE,Frankfurt,DE
Warburg,DE,Frankfurt,DE
Dorn-Dürkheim,DE,Frankfurt,DE
Gröbenzell,DE,Frankfurt,DE
Gebsattel,DE,Frankfurt,DE
Runkel,DE,Frankfurt,DE
Bruchmühlbach-Miesau,DE,Frankfurt,DE
Treuchtlingen,DE,Frankfurt,DE
Vallendar,DE,Frankfurt,DE
Leutkirch,DE,Frankfurt,DE
Kirburg,DE,Frankfurt,DE
Kirchhain,DE,Frankfurt,DE
Eislingen,DE,Frankfurt,DE
Hohenschäftlarn,DE,Frankfurt,DE
Mistelbach,DE,Frankfurt,DE
Donsieders,DE,Frankfurt,DE
Frücht,DE,Frankfurt,DE
Ranschbach,DE,Frankfurt,DE
Donaueschingen,DE,Frankfurt,DE
Miltenberg,DE,Frankfurt,DE
Erxleben,DE,Frankfurt,DE
Schimberg,DE,Frankfurt,DE
Gevelsberg,DE,Frankfurt,DE
Wittlich,DE,Frankfurt,DE
Untergruppenbach,DE,Frankfurt,DE
Fischbachau,DE,Frankfurt,DE
Schwerte,DE,Frankfurt,DE
Neckarsulm,DE,Frankfurt,DE
Schwaig,DE,Frankfurt,DE
Renningen,DE,Frankfurt,DE
Hattersheim,DE,Frankfurt,DE
Berga,DE,Frankfurt,DE
Knetzgau,DE,Frankfurt,DE
Düsseldorf,DE,Frankfurt,DE
Blender,DE,Frankfurt,DE
Bad Breisig,DE,Frankfurt,DE
Alsbach-Hähnlein,DE,Frankfurt,DE
Bad Hönningen,DE,Frankfurt,DE
Birkenbeul,DE,Frankfurt,DE
Hoppstädten-Weiersbach,DE,Frankfurt,DE
Bad Krozingen,DE,Frankfurt,DE
Rheinzabern,DE,Frankfurt,DE
Pohlheim,DE,Frankfurt,DE
Obernbreit,DE,Frankfurt,DE
Tann,DE,Frankfurt,DE
Kemmern,DE,Frankfurt,DE
Pfalzgrafenweiler,DE,Frankfurt,DE
Kaufungen,DE,Frankfurt,DE
Laugna,DE,Frankfurt,DE
Wolfratshausen,DE,Frankfurt,DE
Schenklengsfeld,DE,Frankfurt,DE
Renchen,DE,Frankfurt,DE
Heubach,DE,Frankfurt,DE
Püttlingen,DE,Frankfurt,DE
Schuld,DE,Frankfurt,DE
Asperg,DE,Frankfurt,DE
Salz,DE,Frankfurt,DE
Lindlar,DE,Frankfurt,DE
Traben-Trarbach,DE,Frankfurt,DE
Donauwörth,DE,Frankfurt,DE
Schwarmstedt,DE,Frankfurt,DE
Blankenheim,DE,Frankfurt,DE
Landsberg am Lech,DE,Frankfurt,DE
Schonungen,DE,Frankfurt,DE
Nattheim,DE,Frankfurt,DE
Adelsheim,DE,Frankfurt,DE
Hohenroda,DE,Frankfurt,DE
Lauda-Königshofen,DE,Frankfurt,DE
Much,DE,Frankfurt,DE
Weyerbusch,DE,Frankfurt,DE
Bad Bocklet,DE,Frankfurt,DE
Heroldsberg,DE,Frankfurt,DE
Rheinbrohl,DE,Frankfurt,DE
Künzell,DE,Frankfurt,DE
Hirschaid,DE,Frankfurt,DE
Eberbach,DE,Frankfurt,DE
Jülich,DE,Frankfurt,DE
Cadolzburg,DE,Frankfurt,DE
Mainhausen,DE,Frankfurt,DE
Bad Wildungen,DE,Frankfurt,DE
Gieboldehausen,DE,Frankfurt,DE
Bucharest,RO,Frankfurt,DE
Kettig,DE,Frankfurt,DE
Kleinwallstadt,DE,Frankfurt,DE
Abensberg,DE,Frankfurt,DE
Liederbach,DE,Frankfurt,DE
Bubsheim,DE,Frankfurt,DE
Straubenhardt,DE,Frankfurt,DE
Heroldsbach,DE,Frankfurt,DE
Steinenbronn,DE,Frankfurt,DE
Ertingen,DE,Frankfurt,DE
Mannheim,DE,Frankfurt,DE
Mörlenbach,DE,Frankfurt,DE
Glückstadt,DE,Frankfurt,DE
Bergkamen,DE,Frankfurt,DE
Eitorf,DE,Frankfurt,DE
Rednitzhembach,DE,Frankfurt,DE
Guntersblum,DE,Frankfurt,DE
Harsewinkel,DE,Frankfurt,DE
Ebsdorfergrund,DE,Frankfurt,DE
Wachtberg,DE,Frankfurt,DE
Nußbach,DE,Frankfurt,DE
Überlingen,DE,Frankfurt,DE
Dormagen,DE,Frankfurt,DE
Ispringen,DE,Frankfurt,DE
Hüllhorst,DE,Frankfurt,DE
Gutach im Breisgau,DE,Frankfurt,DE
Fulda,DE,Frankfurt,DE
Meerfeld,DE,Frankfurt,DE
Waltrop,DE,Frankfurt,DE
Brechen,DE,Frankfurt,DE
Brackenheim,DE,Frankfurt,DE
Neuhausen ob Eck,DE,Frankfurt,DE
Straelen,DE,Frankfurt,DE
Darscheid,DE,Frankfurt,DE
Waake,DE,Frankfurt,DE
Monheim am Rhein,DE,Frankfurt,DE
Lichtenwald,DE,Frankfurt,DE
Rosengarten,DE,Frankfurt,DE
Sankt Sebastian,DE,Frankfurt,DE
Schleusingen,DE,Frankfurt,DE
Kreuzhof,DE,Frankfurt,DE
Remshalden,DE,Frankfurt,DE
Coburg,DE,Frankfurt,DE
Hofheim am Taunus,DE,Frankfurt,DE
Türkheim,DE,Frankfurt,DE
Nehren,DE,Frankfurt,DE
Bensheim,DE,Frankfurt,DE
Erlangen,DE,Frankfurt,DE
Overath,DE,Frankfurt,DE
Dransfeld,DE,Frankfurt,DE
Rotenburg (Wümme),DE,Frankfurt,DE
Waldems,DE,Frankfurt,DE
Neuwied,DE,Frankfurt,DE
Niedernhausen,DE,Frankfurt,DE
Wolpertswende,DE,Frankfurt,DE
Bestwig,DE,Frankfurt,DE
Pfullingen,DE,Frankfurt,DE
Griesheim,DE,Frankfurt,DE
Aurachtal,DE,Frankfurt,DE
Leingarten,DE,Frankfurt,DE
Beelen,DE,Frankfurt,DE
Dießen am Ammersee,DE,Frankfurt,DE
Weingarten,DE,Frankfurt,DE
Zuzenhausen,DE,Frankfurt,DE
Röfingen,DE,Frankfurt,DE
Sandhausen,DE,Frankfurt,DE
Dägeling,DE,Frankfurt,DE
Illertissen,DE,Frankfurt,DE
Windsbach,DE,Frankfurt,DE
Leichlingen,DE,Frankfurt,DE
Rottach-Egern,DE,Frankfurt,DE
Voerde,DE,Frankfurt,DE
Walldorf,DE,Frankfurt,DE
Lauingen,DE,Frankfurt,DE
Ebern,DE,Frankfurt,DE
Strullendorf,DE,Frankfurt,DE
Wendlingen am Neckar,DE,Frankfurt,DE
Zulpich,DE,Frankfurt,DE
Daun,DE,Frankfurt,DE
Leubsdorf,DE,Frankfurt,DE
Sankt Leon-Rot,DE,Frankfurt,DE
Bad Schussenried,DE,Frankfurt,DE
Schmallenberg,DE,Frankfurt,DE
Hohentengen,DE,Frankfurt,DE
Triefenstein,DE,Frankfurt,DE
Niederzissen,DE,Frankfurt,DE
Lambrecht,DE,Frankfurt,DE
Nannhausen,DE,Frankfurt,DE
Reiferscheid,DE,Frankfurt,DE
Görsbach,DE,Frankfurt,DE
Menden,DE,Frankfurt,DE
Gernsbach,DE,Frankfurt,DE
Eberdingen,DE,Frankfurt,DE
Sankt Augustin,DE,Frankfurt,DE
Lennestadt,DE,Frankfurt,DE
Baunach,DE,Frankfurt,DE
Alzey,DE,Frankfurt,DE
Heusenstamm,DE,Frankfurt,DE
Braunfels,DE,Frankfurt,DE
Marktsteft,DE,Frankfurt,DE
Großeibstadt,DE,Frankfurt,DE
Sankt Goar,DE,Frankfurt,DE
Lollar,DE,Frankfurt,DE
Aidlingen,DE,Frankfurt,DE
Asbach,DE,Frankfurt,DE
Gemünden am Main,DE,Frankfurt,DE
Telgte,DE,Frankfurt,DE
Castrop-Rauxel,DE,Frankfurt,DE
Trochtelfingen,DE,Frankfurt,DE
Merxheim,DE,Frankfurt,DE
Dettelbach,DE,Frankfurt,DE
Bobenheim-Roxheim,DE,Frankfurt,DE
Breitenworbis,DE,Frankfurt,DE
Wahlstedt,DE,Frankfurt,DE
Rasdorf,DE,Frankfurt,DE
Lupburg,DE,Frankfurt,DE
Sohren,DE,Frankfurt,DE
Roßdorf,DE,Frankfurt,DE
Wernau,DE,Frankfurt,DE
Wetzlar,DE,Frankfurt,DE
Wiehl,DE,Frankfurt,DE
Oelde,DE,Frankfurt,DE
Bad Harzburg,DE,Frankfurt,DE
Münster,DE,Frankfurt,DE
Montabaur,DE,Frankfurt,DE
Kirchensittenbach,DE,Frankfurt,DE
Untermerzbach,DE,Frankfurt,DE
Aura an der Saale,DE,Frankfurt,DE
Mitteleschenbach,DE,Frankfurt,DE
Hundeshagen,DE,Frankfurt,DE
Frankfurt (Oder),DE,Frankfurt,DE
Wissen,DE,Frankfurt,DE
Remlingen,DE,Frankfurt,DE
Plaue,DE,Frankfurt,DE
Berlingerode,DE,Frankfurt,DE
Moers,DE,Frankfurt,DE
Friedrichsdorf,DE,Frankfurt,DE
Oberheimbach,DE,Frankfurt,DE
Remchingen,DE,Frankfurt,DE
Olching,DE,Frankfurt,DE
Quedlinburg,DE,Frankfurt,DE
Frammersbach,DE,Frankfurt,DE
Idstein,DE,Frankfurt,DE
Bad Lauterberg im Harz,DE,Frankfurt,DE
Hardheim,DE,Frankfurt,DE
Stockstadt am Rhein,DE,Frankfurt,DE
Vreden,DE,Frankfurt,DE
Schalksmühle,DE,Frankfurt,DE
Nagold,DE,Frankfurt,DE
Nohen,DE,Frankfurt,DE
Dierdorf,DE,Frankfurt,DE
Spalt,DE,Frankfurt,DE
Untersiemau,DE,Frankfurt,DE
Grävenwiesbach,DE,Frankfurt,DE
Riga,LV,Frankfurt,DE
Barnstorf,DE,Frankfurt,DE
Ellrich,DE,Frankfurt,DE
Engelsbrand,DE,Frankfurt,DE
Eschenburg,DE,Frankfurt,DE
Heidesheim,DE,Frankfurt,DE
Sersheim,DE,Frankfurt,DE
Gersfeld,DE,Frankfurt,DE
Schlüsselfeld,DE,Frankfurt,DE
Schelklingen,DE,Frankfurt,DE
Riedenburg,DE,Frankfurt,DE
Ortenberg,DE,Frankfurt,DE
Zschopau,DE,Frankfurt,DE
Erwitte,DE,Frankfurt,DE
Kippenheim,DE,Frankfurt,DE
Schwanau,DE,Frankfurt,DE
Fellbach,DE,Frankfurt,DE
Windehausen,DE,Frankfurt,DE
Kruft,DE,Frankfurt,DE
Herdorf,DE,Frankfurt,DE
Wadgassen,DE,Frankfurt,DE
Wörth am Rhein,DE,Frankfurt,DE
Schweinfurt,DE,Frankfurt,DE
Höxter,DE,Frankfurt,DE
Bad Vilbel,DE,Frankfurt,DE
Büren,DE,Frankfurt,DE
Bad Saulgau,DE,Frankfurt,DE
Herzogenaurach,DE,Frankfurt,DE
Beselich,DE,Frankfurt,DE
Mühltal,DE,Frankfurt,DE
Offenbach,DE,Frankfurt,DE
Wyhl,DE,Frankfurt,DE
Korbach,DE,Frankfurt,DE
Epsom,GB,Frankfurt,DE
Löhnberg,DE,Frankfurt,DE
Poppenhausen,DE,Frankfurt,DE
Pfinztal,DE,Frankfurt,DE
Nüdlingen,DE,Frankfurt,DE
Hachenburg,DE,Frankfurt,DE
Alpenrod,DE,Frankfurt,DE
Bonn,DE,Frankfurt,DE
Forchheim,DE,Frankfurt,DE
Lauterecken,DE,Frankfurt,DE
Vohenstrauß,DE,Frankfurt,DE
Ornbau,DE,Frankfurt,DE
Uchte,DE,Frankfurt,DE
Nümbrecht,DE,Frankfurt,DE
Frechen,DE,Frankfurt,DE
Erbendorf,DE,Frankfurt,DE
Filderstadt,DE,Frankfurt,DE
Gerlingen,DE,Frankfurt,DE
Uettingen,DE,Frankfurt,DE
Lich,DE,Frankfurt,DE
St. Ingbert,DE,Frankfurt,DE
Marburg,DE,Frankfurt,DE
Bochum,DE,Frankfurt,DE
Kaltenengers,DE,Frankfurt,DE
Bühl,DE,Frankfurt,DE
Derschen,DE,Frankfurt,DE
Urbar,DE,Frankfurt,DE
Dormettingen,DE,Frankfurt,DE
Reichenbach an der Fils,DE,Frankfurt,DE
Grevesmühlen,DE,Frankfurt,DE
Weißenburg in Bayern,DE,Frankfurt,DE
Weilburg,DE,Frankfurt,DE
Büttelborn,DE,Frankfurt,DE
Bürgstadt,DE,Frankfurt,DE
Zandt,DE,Frankfurt,DE
Kirkel,DE,Frankfurt,DE
Winterberg,DE,Frankfurt,DE
Aldingen,DE,Frankfurt,DE
Raunheim,DE,Frankfurt,DE
Kulmbach,DE,Frankfurt,DE
Ölbronn-Dürrn,DE,Frankfurt,DE
Abenberg,DE,Frankfurt,DE
Eisenberg,DE,Frankfurt,DE
Schmitten,DE,Frankfurt,DE
Sonnenstein,DE,Frankfurt,DE
Leopoldshöhe,DE,Frankfurt,DE
Ubstadt-Weiher,DE,Frankfurt,DE
Marklohe,DE,Frankfurt,DE
Brunnen,DE,Frankfurt,DE
Kyllburg,DE,Frankfurt,DE
Bad Honnef,DE,Frankfurt,DE
Nörvenich,DE,Frankfurt,DE
Schiltberg,DE,Frankfurt,DE
Löf,DE,Frankfurt,DE
Leipheim,DE,Frankfurt,DE
Hattingen,DE,Frankfurt,DE
Ingolstadt,DE,Frankfurt,DE
Bruchsal,DE,Frankfurt,DE
Klingenberg,DE,Frankfurt,DE
Kerpen,DE,Frankfurt,DE
Aschersleben,DE,Frankfurt,DE
Bergheim,DE,Frankfurt,DE
Gladenbach,DE,Frankfurt,DE
Frensdorf,DE,Frankfurt,DE
Mettenheim,DE,Frankfurt,DE
Beckum,DE,Frankfurt,DE
Bad Boll,DE,Frankfurt,DE
Bretten,DE,Frankfurt,DE
Kassel,DE,Frankfurt,DE
Sindelfingen,DE,Frankfurt,DE
Rödermark,DE,Frankfurt,DE
Krakow,PL,Frankfurt,DE
Großostheim,DE,Frankfurt,DE
Hamm,DE,Frankfurt,DE
Bühlertal,DE,Frankfurt,DE
Allersberg,DE,Frankfurt,DE
Weichering,DE,Frankfurt,DE
Bad Liebenstein,DE,Frankfurt,DE
Weiskirchen,DE,Frankfurt,DE
Bisingen,DE,Frankfurt,DE
Hilpoltstein,DE,Frankfurt,DE
Salzkotten,DE,Frankfurt,DE
Alfter,DE,Frankfurt,DE
Kreuztal,DE,Frankfurt,DE
Tuchenbach,DE,Frankfurt,DE
Knittlingen,DE,Frankfurt,DE
Röttingen,DE,Frankfurt,DE
Höheinöd,DE,Frankfurt,DE
Bergrheinfeld,DE,Frankfurt,DE
Dudeldorf,DE,Frankfurt,DE
Saarlouis,DE,Frankfurt,DE
Haßfurt,DE,Frankfurt,DE
Neuhaus am Rennweg,DE,Frankfurt,DE
Herdecke,DE,Frankfurt,DE
Großkrotzenburg,DE,Frankfurt,DE
Erdmannhausen,DE,Frankfurt,DE
Essen,DE,Frankfurt,DE
Burghaslach,DE,Frankfurt,DE
Simmern,DE,Frankfurt,DE
Mudersbach,DE,Frankfurt,DE
Kirchheimbolanden,DE,Frankfurt,DE
Neutraubling,DE,Frankfurt,DE
Reichenbach,DE,Frankfurt,DE
Kirtorf,DE,Frankfurt,DE
Hohenpeißenberg,DE,Frankfurt,DE
Greußen,DE,Frankfurt,DE
Vaihingen an der Enz,DE,Frankfurt,DE
Üxheim,DE,Frankfurt,DE
Eisingen,DE,Frankfurt,DE
Grafenrheinfeld,DE,Frankfurt,DE
Königsbach-Stein,DE,Frankfurt,DE
Pforzheim,DE,Frankfurt,DE
Rodalben,DE,Frankfurt,DE
Kühbach,DE,Frankfurt,DE
Walsdorf,DE,Frankfurt,DE
Eichen,DE,Frankfurt,DE
Bopfingen,DE,Frankfurt,DE
Bad Waldsee,DE,Frankfurt,DE
Erndtebrück,DE,Frankfurt,DE
Eschborn,DE,Frankfurt,DE
Witzenhausen,DE,Frankfurt,DE
Salzgitter,DE,Frankfurt,DE
Dreieich,DE,Frankfurt,DE
Lage,DE,Frankfurt,DE
Niederdreisbach,DE,Frankfurt,DE
Angelburg,DE,Frankfurt,DE
Greifswald,DE,Frankfurt,DE
Bad Königshofen im Grabfeld,DE,Frankfurt,DE
Leutenbach,DE,Frankfurt,DE
Höhfröschen,DE,Frankfurt,DE
Bad Lippspringe,DE,Frankfurt,DE
Gillingham,GB,Frankfurt,DE
Bad Wildbad,DE,Frankfurt,DE
München,DE,Frankfurt,DE
Saint Goarshausen,DE,Frankfurt,DE
Haßmersheim,DE,Frankfurt,DE
Zirndorf,DE,Frankfurt,DE
Ruhla,DE,Frankfurt,DE
Heidenheim,DE,Frankfurt,DE
Aurach,DE,Frankfurt,DE
Wartenberg,DE,Frankfurt,DE
Markdorf,DE,Frankfurt,DE
Kolitzheim,DE,Frankfurt,DE
Burgstädt,DE,Frankfurt,DE
Rudersberg,DE,Frankfurt,DE
Theres,DE,Frankfurt,DE
Halblech,DE,Frankfurt,DE
Trossingen,DE,Frankfurt,DE
Mering,DE,Frankfurt,DE
Unterwellenborn,DE,Frankfurt,DE
Waiblingen,DE,Frankfurt,DE
Friedrichroda,DE,Frankfurt,DE
Waldrach,DE,Frankfurt,DE
Mücke,DE,Frankfurt,DE
Hückeswagen,DE,Frankfurt,DE
Finnentrop,DE,Frankfurt,DE
Warstein,DE,Frankfurt,DE
Heppenheim an der Bergstrasse,DE,Frankfurt,DE
Bersteland,DE,Frankfurt,DE
Kahla,DE,Frankfurt,DE
Adelzhausen,DE,Frankfurt,DE
Höltinghausen,DE,Frankfurt,DE
Laudenbach,DE,Frankfurt,DE
Stamsried,DE,Frankfurt,DE
Spangenberg,DE,Frankfurt,DE
Deidesheim,DE,Frankfurt,DE
Neuburg an der Donau,DE,Frankfurt,DE
Beverungen,DE,Frankfurt,DE
Melle,DE,Frankfurt,DE
Wuppertal,DE,Frankfurt,DE
Wilhelmsdorf,DE,Frankfurt,DE
Weilerbach,DE,Frankfurt,DE
Ergoldsbach,DE,Frankfurt,DE
Welzheim,DE,Frankfurt,DE
Wiesbaden,DE,Frankfurt,DE
Rotenburg an der Fulda,DE,Frankfurt,DE
Pirmasens,DE,Frankfurt,DE
Friedberg,DE,Frankfurt,DE
Kelheim,DE,Frankfurt,DE
Viehhausen,DE,Frankfurt,DE
Messerich,DE,Frankfurt,DE
Waldsolms,DE,Frankfurt,DE
Schorndorf,DE,Frankfurt,DE
Bullay,DE,Frankfurt,DE
Preußisch Oldendorf,DE,Frankfurt,DE
Kirchhatten,DE,Frankfurt,DE
Wörth am Main,DE,Frankfurt,DE
Schnaittach,DE,Frankfurt,DE
Budenheim,DE,Frankfurt,DE
Melsungen,DE,Frankfurt,DE
Hirschberg an der Bergstraße,DE,Frankfurt,DE
Rieschweiler-Mühlbach,DE,Frankfurt,DE
Garbsen,DE,Frankfurt,DE
Kaiserslautern,DE,Frankfurt,DE
Limburg an der Lahn,DE,Frankfurt,DE
Andernach,DE,Frankfurt,DE
Binau,DE,Frankfurt,DE
Malberg,DE,Frankfurt,DE
Kehl,DE,Frankfurt,DE
Herten,DE,Frankfurt,DE
Kipfenberg,DE,Frankfurt,DE
Westerngrund,DE,Frankfurt,DE
Helmenzen,DE,Frankfurt,DE
Lampertheim,DE,Frankfurt,DE
Meiningen,DE,Frankfurt,DE
Burgthann,DE,Frankfurt,DE
Gunzenhausen,DE,Frankfurt,DE
Endingen,DE,Frankfurt,DE
Gersthofen,DE,Frankfurt,DE
Argenbühl,DE,Frankfurt,DE
Neustadt bei Coburg,DE,Frankfurt,DE
Hofgeismar,DE,Frankfurt,DE
Suhl,DE,Frankfurt,DE
Buggingen,DE,Frankfurt,DE
Neitersen,DE,Frankfurt,DE
Rheda-Wiedenbrück,DE,Frankfurt,DE
Bad Homburg,DE,Frankfurt,DE
Hörstel,DE,Frankfurt,DE
Mettmann,DE,Frankfurt,DE
Riedstadt,DE,Frankfurt,DE
Langenberg,DE,Frankfurt,DE
Lügde,DE,Frankfurt,DE
Winnenden,DE,Frankfurt,DE
Frickenhausen,DE,Frankfurt,DE
Meisenheim,DE,Frankfurt,DE
Sprockhövel,DE,Frankfurt,DE
Freiamt,DE,Frankfurt,DE
Breckerfeld,DE,Frankfurt,DE
Ferschweiler,DE,Frankfurt,DE
Baunatal,DE,Frankfurt,DE
Altdorf bei Nürnberg,DE,Frankfurt,DE
Sitzendorf,DE,Frankfurt,DE
Würzburg,DE,Frankfurt,DE
Marsberg,DE,Frankfurt,DE
Boppard,DE,Frankfurt,DE
Sennfeld,DE,Frankfurt,DE
Sigmaringen,DE,Frankfurt,DE
Scheinfeld,DE,Frankfurt,DE
Titisee-Neustadt,DE,Frankfurt,DE
Wolmirstedt,DE,Frankfurt,DE
Sonneborn,DE,Frankfurt,DE
Duderstadt,DE,Frankfurt,DE
Tröstau,DE,Frankfurt,DE
Teningen,DE,Frankfurt,DE
Uslar,DE,Frankfurt,DE
Bous,DE,Frankfurt,DE
Velbert,DE,Frankfurt,DE
Hügelsheim,DE,Frankfurt,DE
Schutterwald,DE,Frankfurt,DE
Elz,DE,Frankfurt,DE
Hösbach,DE,Frankfurt,DE
Vohburg an der Donau,DE,Frankfurt,DE
Trittau,DE,Hamburg,DE
Bad Gandersheim,DE,Hamburg,DE
Timmernabben,SE,Hamburg,DE
Hjallerup,DK,Hamburg,DE
Rungsted,DK,Hamburg,DE
Cuxhaven,DE,Hamburg,DE
Tim,DK,Hamburg,DE
Klötze,DE,Hamburg,DE
Saint Michaelisdonn,DE,Hamburg,DE
Quedlinburg,DE,Hamburg,DE
Skurup,SE,Hamburg,DE
Emden,DE,Hamburg,DE
Vellinge,SE,Hamburg,DE
Borrby,SE,Hamburg,DE
Aalborg,DK,Hamburg,DE
Køge,DK,Hamburg,DE
Starnberg,DE,Hamburg,DE
Munkebo,DK,Hamburg,DE
Stouby,DK,Hamburg,DE
Herlev,DK,Hamburg,DE
Ludwigslust,DE,Hamburg,DE
Rya,SE,Hamburg,DE
Beddinge Läge,SE,Hamburg,DE
Uetersen,DE,Hamburg,DE
Høng,DK,Hamburg,DE
Steinhagen,DE,Hamburg,DE
Bogø By,DK,Hamburg,DE
Sønder Broby,DK,Hamburg,DE
Markaryd,SE,Hamburg,DE
Viborg,DK,Hamburg,DE
Tjörnarp,SE,Hamburg,DE
Hals,DK,Hamburg,DE
Bad Driburg,DE,Hamburg,DE
Bjerringbro,DK,Hamburg,DE
Stockelsdorf,DE,Hamburg,DE
Göhren-Lebbin,DE,Hamburg,DE
Eisingen,DE,Hamburg,DE
Svenstrup,DK,Hamburg,DE
Michendorf,DE,Hamburg,DE
Slangerup,DK,Hamburg,DE
Esbjerg,DK,Hamburg,DE
Brockum,DE,Hamburg,DE
Großenkneten,DE,Hamburg,DE
Oranienburg,DE,Hamburg,DE
Fredericia,DK,Hamburg,DE
Saalfeld,DE,Hamburg,DE
Aars,DK,Hamburg,DE
Bad Segeberg,DE,Hamburg,DE
Todesfelde,DE,Hamburg,DE
Kassel,DE,Hamburg,DE
Vojens,DK,Hamburg,DE
Bevern,DE,Hamburg,DE
Wiesmoor,DE,Hamburg,DE
Giekau,DE,Hamburg,DE
Juelsminde,DK,Hamburg,DE
Gadbjerg,DK,Hamburg,DE
Aarhus,DK,Hamburg,DE
Osby,SE,Hamburg,DE
Geesthacht,DE,Hamburg,DE
Uplengen,DE,Hamburg,DE
Næstved,DK,Hamburg,DE
Schwanewede,DE,Hamburg,DE
Blomstermåla,SE,Hamburg,DE
Gerning,DK,Hamburg,DE
Skjern,DK,Hamburg,DE
Kruså,DK,Hamburg,DE
Sottrum,DE,Hamburg,DE
Nakskov,DK,Hamburg,DE
Vallensbæk,DK,Hamburg,DE
Schneverdingen,DE,Hamburg,DE
Raunheim,DE,Hamburg,DE
Raubling,DE,Hamburg,DE
Lindenberg,DE,Hamburg,DE
Engelskirchen,DE,Hamburg,DE
Nortrup,DE,Hamburg,DE
Tornesch,DE,Hamburg,DE
Trige,DK,Hamburg,DE
Nykøbing Mors,DK,Hamburg,DE
Borkum,DE,Hamburg,DE
Kokkedal,DK,Hamburg,DE
Rødding,DK,Hamburg,DE
Beindersheim,DE,Hamburg,DE
Drahnsdorf,DE,Hamburg,DE
Ry,DK,Hamburg,DE
Stenløse,DK,Hamburg,DE
Abtswind,DE,Hamburg,DE
Sternberg,DE,Hamburg,DE
Plau am See,DE,Hamburg,DE
Bünde,DE,Hamburg,DE
Burow,DE,Hamburg,DE
Dobbertin,DE,Hamburg,DE
Lübz,DE,Hamburg,DE
Bagsværd,DK,Hamburg,DE
Nivå,DK,Hamburg,DE
Dragør,DK,Hamburg,DE
Vislanda,SE,Hamburg,DE
Much,DE,Hamburg,DE
Ebeltoft,DK,Hamburg,DE
Pattensen,DE,Hamburg,DE
Stemwede,DE,Hamburg,DE
Gørlev,DK,Hamburg,DE
Rävlanda,SE,Hamburg,DE
Kalletal,DE,Hamburg,DE
Ettenheim,DE,Hamburg,DE
Nienstädt,DE,Hamburg,DE
Werder,DE,Hamburg,DE
Ludwigsburg,DE,Hamburg,DE
Bibow,DE,Hamburg,DE
Ishøj,DK,Hamburg,DE
Sjølund,DK,Hamburg,DE
Ejby,DK,Hamburg,DE
Braunschweig,DE,Hamburg,DE
Hørning,DK,Hamburg,DE
Gieboldehausen,DE,Hamburg,DE
Oelde,DE,Hamburg,DE
Tisvildeleje,DK,Hamburg,DE
Billesholm,SE,Hamburg,DE
Pampow,DE,Hamburg,DE
Wunstorf,DE,Hamburg,DE
Mariager,DK,Hamburg,DE
Gierstädt,DE,Hamburg,DE
Tetenhusen,DE,Hamburg,DE
Rohlstorf,DE,Hamburg,DE
Kröpelin,DE,Hamburg,DE
Altenberge,DE,Hamburg,DE
Bad Wiessee,DE,Hamburg,DE
Zeitlofs,DE,Hamburg,DE
Quickborn,DE,Hamburg,DE
Skanör,SE,Hamburg,DE
Horn-Bad Meinberg,DE,Hamburg,DE
Blentarp,SE,Hamburg,DE
Garding,DE,Hamburg,DE
Ringsted,DK,Hamburg,DE
Boizenburg,DE,Hamburg,DE
Schönberg,DE,Hamburg,DE
Annerstad,SE,Hamburg,DE
Ollerup,DK,Hamburg,DE
Rösrath,DE,Hamburg,DE
Meldorf,DE,Hamburg,DE
Fuglebjerg,DK,Hamburg,DE
Celle,DE,Hamburg,DE
Bleckmar,DE,Hamburg,DE
Ringkøbing,DK,Hamburg,DE
Bodenwerder,DE,Hamburg,DE
Sundhagen,DE,Hamburg,DE
Bredsten,DK,Hamburg,DE
Flensburg,DE,Hamburg,DE
Walkendorf,DE,Hamburg,DE
Hage,DE,Hamburg,DE
Weißensberg,DE,Hamburg,DE
Fakse,DK,Hamburg,DE
Unterföhring,DE,Hamburg,DE
Broager,DK,Hamburg,DE
Wittenberge,DE,Hamburg,DE
Blender,DE,Hamburg,DE
Diemelstadt,DE,Hamburg,DE
Gråbo,SE,Hamburg,DE
Linghem,SE,Hamburg,DE
Vlotho,DE,Hamburg,DE
Arlöv,SE,Hamburg,DE
Leopoldshöhe,DE,Hamburg,DE
Hermannsburg,DE,Hamburg,DE
Laholm,SE,Hamburg,DE
Lilienthal,DE,Hamburg,DE
Gislinge,DK,Hamburg,DE
Glejbjerg,DK,Hamburg,DE
Struer Municipality,DK,Hamburg,DE
Floby,SE,Hamburg,DE
Uelzen,DE,Hamburg,DE
Tjele,DK,Hamburg,DE
Malente,DE,Hamburg,DE
Rønnede,DK,Hamburg,DE
Bad Waldsee,DE,Hamburg,DE
Vejbystrand,SE,Hamburg,DE
Neuffen,DE,Hamburg,DE
Bad Bevensen,DE,Hamburg,DE
Gudbjerg,DK,Hamburg,DE
Kleinmachnow,DE,Hamburg,DE
Ratshausen,DE,Hamburg,DE
Mönsterås,SE,Hamburg,DE
Pölchow,DE,Hamburg,DE
Hanover,DE,Hamburg,DE
Süderstapel,DE,Hamburg,DE
Salzgitter,DE,Hamburg,DE
Grevinge,DK,Hamburg,DE
Heiligenstedtenerkamp,DE,Hamburg,DE
Landvetter,SE,Hamburg,DE
Ostseebad Prerow,DE,Hamburg,DE
Altenkirchen,DE,Hamburg,DE
Älekulla,SE,Hamburg,DE
Herne,DE,Hamburg,DE
Barrit,DK,Hamburg,DE
Rockneby,SE,Hamburg,DE
Lahn,DE,Hamburg,DE
Hunnebostrand,SE,Hamburg,DE
Middelfart,DK,Hamburg,DE
Skibby,DK,Hamburg,DE
Eixen,DE,Hamburg,DE
Knebel,DK,Hamburg,DE
Ånge,SE,Hamburg,DE
Litzendorf,DE,Hamburg,DE
Extertal,DE,Hamburg,DE
Herford,DE,Hamburg,DE
Hodenhagen,DE,Hamburg,DE
Havelberg,DE,Hamburg,DE
Dänischenhagen,DE,Hamburg,DE
Ryslinge,DK,Hamburg,DE
Nimtofte,DK,Hamburg,DE
Vissenbjerg,DK,Hamburg,DE
Herfølge,DK,Hamburg,DE
Falkensee,DE,Hamburg,DE
Elmshorn,DE,Hamburg,DE
Gadstrup,DK,Hamburg,DE
Höltinghausen,DE,Hamburg,DE
Knislinge,SE,Hamburg,DE
Brønderslev,DK,Hamburg,DE
Ronnenberg,DE,Hamburg,DE
Kirchhatten,DE,Hamburg,DE
Vandel,DK,Hamburg,DE
Dömitz,DE,Hamburg,DE
Wankendorf,DE,Hamburg,DE
Sösdala,SE,Hamburg,DE
Korntal,DE,Hamburg,DE
Kongens Lyngby,DK,Hamburg,DE
Burgstädt,DE,Hamburg,DE
Au in der Hallertau,DE,Hamburg,DE
Vorbasse,DK,Hamburg,DE
Sellin,DE,Hamburg,DE
Altentreptow,DE,Hamburg,DE
Milmersdorf,DE,Hamburg,DE
Nørre Alslev,DK,Hamburg,DE
Ribe,DK,Hamburg,DE
Templin,DE,Hamburg,DE
Bad Zwischenahn,DE,Hamburg,DE
Osterode am Harz,DE,Hamburg,DE
Lubmin,DE,Hamburg,DE
Åkirkeby,DK,Hamburg,DE
Havdrup,DK,Hamburg,DE
Neumünster,DE,Hamburg,DE
Sassenburg,DE,Hamburg,DE
Vemmelev,DK,Hamburg,DE
Skævinge,DK,Hamburg,DE
Nienhorst,DE,Hamburg,DE
Müden,DE,Hamburg,DE
Bersenbrück,DE,Hamburg,DE
Schwielowsee,DE,Hamburg,DE
Flemming,DK,Hamburg,DE
Haldensleben I,DE,Hamburg,DE
Lystrup,DK,Hamburg,DE
Wolfsburg,DE,Hamburg,DE
Gjerlev,DK,Hamburg,DE
Bad Schwartau,DE,Hamburg,DE
Garbsen,DE,Hamburg,DE
Unterhaching,DE,Hamburg,DE
Bryrup,DK,Hamburg,DE
Veberöd,SE,Hamburg,DE
Vildbjerg,DK,Hamburg,DE
Vallensbæk Strand,DK,Hamburg,DE
Weißenohe,DE,Hamburg,DE
Bramsche,DE,Hamburg,DE
Lohbarbek,DE,Hamburg,DE
Schortens,DE,Hamburg,DE
Nödinge,SE,Hamburg,DE
Hinnerup,DK,Hamburg,DE
Otzing,DE,Hamburg,DE
Wrist,DE,Hamburg,DE
Karlsdorf-Neuthard,DE,Hamburg,DE
Rietberg,DE,Hamburg,DE
Hasloch,DE,Hamburg,DE
Aurich,DE,Hamburg,DE
Stoholm,DK,Hamburg,DE
Ziesendorf,DE,Hamburg,DE
Otterndorf,DE,Hamburg,DE
Südbrookmerland,DE,Hamburg,DE
Frederikssund,DK,Hamburg,DE
Anröchte,DE,Hamburg,DE
Ilsenburg,DE,Hamburg,DE
Poing,DE,Hamburg,DE
Wallenhorst,DE,Hamburg,DE
Munster,DE,Hamburg,DE
Thisted,DK,Hamburg,DE
Bad Sulza,DE,Hamburg,DE
Groß Schenkenberg,DE,Hamburg,DE
Werther,DE,Hamburg,DE
Bad Iburg,DE,Hamburg,DE
Karlslunde,DK,Hamburg,DE
Bülkau,DE,Hamburg,DE
Marienhafe,DE,Hamburg,DE
Tranekær,DK,Hamburg,DE
Farsø,DK,Hamburg,DE
Betzdorf,DE,Hamburg,DE
Sorø,DK,Hamburg,DE
Klein Bennebek,DE,Hamburg,DE
Hørte,NO,Hamburg,DE
Iserlohn,DE,Hamburg,DE
Smorumnedre,DK,Hamburg,DE
Neuruppin,DE,Hamburg,DE
Pritzier,DE,Hamburg,DE
Uelitz,DE,Hamburg,DE
Uchte,DE,Hamburg,DE
Wesselburen,DE,Hamburg,DE
Aabenraa,DK,Hamburg,DE
Ahnsbeck,DE,Hamburg,DE
Vinderup,DK,Hamburg,DE
Ullerslev,DK,Hamburg,DE
Rheda-Wiedenbrück,DE,Hamburg,DE
Furulund,SE,Hamburg,DE
Weinsberg,DE,Hamburg,DE
Christiansfeld,DK,Hamburg,DE
Lindhorst,DE,Hamburg,DE
Dalby,SE,Hamburg,DE
Weener,DE,Hamburg,DE
Ekeby,SE,Hamburg,DE
Fristad,SE,Hamburg,DE
Kramfors,SE,Hamburg,DE
Beverstedt,DE,Hamburg,DE
Spraitbach,DE,Hamburg,DE
Sulz am Neckar,DE,Hamburg,DE
Vechelde,DE,Hamburg,DE
Kolding,DK,Hamburg,DE
Bua,SE,Hamburg,DE
Jyllinge,DK,Hamburg,DE
Ostfildern,DE,Hamburg,DE
Ostseebad Zinnowitz,DE,Hamburg,DE
Valby,DK,Hamburg,DE
Sunne,SE,Hamburg,DE
Jebjerg,DK,Hamburg,DE
Pliezhausen,DE,Hamburg,DE
Asarum,SE,Hamburg,DE
Herlufmagle,DK,Hamburg,DE
Drochtersen,DE,Hamburg,DE
Huskvarna,SE,Hamburg,DE
Bückeburg,DE,Hamburg,DE
Rödinghausen,DE,Hamburg,DE
Leubsdorf,DE,Hamburg,DE
Skovlunde,DK,Hamburg,DE
Erftstadt,DE,Hamburg,DE
Gørløse,DK,Hamburg,DE
Neu-Isenburg,DE,Hamburg,DE
Slagelse,DK,Hamburg,DE
Ebberup,DK,Hamburg,DE
Hadsten,DK,Hamburg,DE
Roskilde,DK,Hamburg,DE
Ascheberg,DE,Hamburg,DE
Bad Fallingbostel,DE,Hamburg,DE
Lessebo,SE,Hamburg,DE
Halberstadt,DE,Hamburg,DE
Hiddenhausen,DE,Hamburg,DE
Espergærde,DK,Hamburg,DE
Ahrensburg,DE,Hamburg,DE
Schiffdorf,DE,Hamburg,DE
Estenfeld,DE,Hamburg,DE
Lübeck,DE,Hamburg,DE
Glienicke,DE,Hamburg,DE
Wittmund,DE,Hamburg,DE
Stargard,PL,Hamburg,DE
Buchenbach,DE,Hamburg,DE
Hornbæk,DK,Hamburg,DE
Frederiksberg,DK,Hamburg,DE
Hovedgård,DK,Hamburg,DE
Stenstrup,DK,Hamburg,DE
Fahrdorf,DE,Hamburg,DE
Herzebrock,DE,Hamburg,DE
Upahl,DE,Hamburg,DE
Emmerthal,DE,Hamburg,DE
Bielefeld,DE,Hamburg,DE
Goslar,DE,Hamburg,DE
Gladbeck,DE,Hamburg,DE
Lemförde,DE,Hamburg,DE
Rednitzhembach,DE,Hamburg,DE
Wardenburg,DE,Hamburg,DE
Leck,DE,Hamburg,DE
Dahme,DE,Hamburg,DE
Hårlev,DK,Hamburg,DE
Röbel,DE,Hamburg,DE
Givskud,DK,Hamburg,DE
Veddelev,DK,Hamburg,DE
Sæby,DK,Hamburg,DE
Ølstykke Stationsby,DK,Hamburg,DE
Anderslöv,SE,Hamburg,DE
Vejle,DK,Hamburg,DE
Kirchlinteln,DE,Hamburg,DE
Kreuztal,DE,Hamburg,DE
Årslev,DK,Hamburg,DE
Sarstedt,DE,Hamburg,DE
Weyhe,DE,Hamburg,DE
Tullebølle,DK,Hamburg,DE
Willingen,DE,Hamburg,DE
Langeskov,DK,Hamburg,DE
Kvidinge,SE,Hamburg,DE
Ulfborg Kirkeby,DK,Hamburg,DE
Wilhelmshaven,DE,Hamburg,DE
Åbyhøj,DK,Hamburg,DE
Neustrelitz,DE,Hamburg,DE
Børkop,DK,Hamburg,DE
Svebølle,DK,Hamburg,DE
Lower Saxony,DE,Hamburg,DE
Bad Oldesloe,DE,Hamburg,DE
Hamelin,DE,Hamburg,DE
Kjellerup,DK,Hamburg,DE
Ikast,DK,Hamburg,DE
Nørresundby,DK,Hamburg,DE
Wehr,DE,Hamburg,DE
Damme,DE,Hamburg,DE
Søborg,DK,Hamburg,DE
Haarby,DK,Hamburg,DE
Bjärred,SE,Hamburg,DE
Lahnau,DE,Hamburg,DE
Viuf,DK,Hamburg,DE
Güstrow,DE,Hamburg,DE
Schwaig,DE,Hamburg,DE
Hambühren,DE,Hamburg,DE
Burg Stargard,DE,Hamburg,DE
Warburg,DE,Hamburg,DE
Greve,DK,Hamburg,DE
Bad Essen,DE,Hamburg,DE
Våxtorp,SE,Hamburg,DE
Solrød,DK,Hamburg,DE
Tarp,DE,Hamburg,DE
Uddevalla,SE,Hamburg,DE
Bad Oeynhausen,DE,Hamburg,DE
Fanø Vesterhavsbad,DK,Hamburg,DE
Bockhorn,DE,Hamburg,DE
Ahrensfelde,DE,Hamburg,DE
Nyborg,DK,Hamburg,DE
Geyer,DE,Hamburg,DE
Klippansbruk,SE,Hamburg,DE
Store Merløse,DK,Hamburg,DE
Hemslingen,DE,Hamburg,DE
Dörentrup,DE,Hamburg,DE
Syke,DE,Hamburg,DE
Haderslev,DK,Hamburg,DE
Holste,DE,Hamburg,DE
Schleusingen,DE,Hamburg,DE
Steinburg,DE,Hamburg,DE
Wanzleben,DE,Hamburg,DE
Eichendorf,DE,Hamburg,DE
Nykøbing Falster,DK,Hamburg,DE
Gundelsheim,DE,Hamburg,DE
Odense,DK,Hamburg,DE
Ostseebad Kühlungsborn,DE,Hamburg,DE
Hedehusene,DK,Hamburg,DE
Neu Wulmstorf,DE,Hamburg,DE
Regesbostel,DE,Hamburg,DE
Odder,DK,Hamburg,DE
Springe,DE,Hamburg,DE
Suldrup,DK,Hamburg,DE
Klein Rönnau,DE,Hamburg,DE
Wiesbaden,DE,Hamburg,DE
Assentoft,DK,Hamburg,DE
Mielęcin,PL,Hamburg,DE
Eyendorf,DE,Hamburg,DE
Seligenstadt,DE,Hamburg,DE
Hemmoor,DE,Hamburg,DE
Glamsbjerg,DK,Hamburg,DE
Virum,DK,Hamburg,DE
Bjæverskov,DK,Hamburg,DE
Lindlar,DE,Hamburg,DE
"Burgdorf, Hanover",DE,Hamburg,DE
Maribo,DK,Hamburg,DE
Bad Freienwalde,DE,Hamburg,DE
Henån,SE,Hamburg,DE
Vestfossen,NO,Hamburg,DE
Jerxheim,DE,Hamburg,DE
Tørring,DK,Hamburg,DE
Fahrenkrug,DE,Hamburg,DE
Lynge,DK,Hamburg,DE
Ribnitz-Damgarten,DE,Hamburg,DE
Belm,DE,Hamburg,DE
Gehrden,DE,Hamburg,DE
Lübbecke,DE,Hamburg,DE
Rødkærsbro,DK,Hamburg,DE
Sørvad,DK,Hamburg,DE
Lüneburg,DE,Hamburg,DE
Malling,DK,Hamburg,DE
Marstal,DK,Hamburg,DE
Åhus,SE,Hamburg,DE
Nyråd,DK,Hamburg,DE
Wietzen,DE,Hamburg,DE
Brunsbüttel,DE,Hamburg,DE
Arnstadt,DE,Hamburg,DE
Nykroppa,SE,Hamburg,DE
Nienburg,DE,Hamburg,DE
Holmsjö,SE,Hamburg,DE
Blomberg,DE,Hamburg,DE
Marschacht,DE,Hamburg,DE
Varde,DK,Hamburg,DE
Simrishamn,SE,Hamburg,DE
Harzgerode,DE,Hamburg,DE
Ljungbyhed,SE,Hamburg,DE
Wismar,DE,Hamburg,DE
Stenlille,DK,Hamburg,DE
Blankenburg,DE,Hamburg,DE
Stehag,SE,Hamburg,DE
Hoyerhagen,DE,Hamburg,DE
Melle,DE,Hamburg,DE
Gärsnäs,SE,Hamburg,DE
Åstorp,SE,Hamburg,DE
Riede,DE,Hamburg,DE
Rude,DK,Hamburg,DE
Krokom,SE,Hamburg,DE
Wiendorf,DE,Hamburg,DE
Rödeby,SE,Hamburg,DE
Sylt,DE,Hamburg,DE
Wittingen,DE,Hamburg,DE
Hofheim am Taunus,DE,Hamburg,DE
Harlösa,SE,Hamburg,DE
Bockau,DE,Hamburg,DE
Werlte,DE,Hamburg,DE
Ugerløse,DK,Hamburg,DE
Skælskør,DK,Hamburg,DE
Dassow,DE,Hamburg,DE
Dyssegård,DK,Hamburg,DE
Bordesholm,DE,Hamburg,DE
Karlshagen,DE,Hamburg,DE
Silkeborg,DK,Hamburg,DE
Galten,DK,Hamburg,DE
Bremerhaven,DE,Hamburg,DE
Gørding,DK,Hamburg,DE
Aabybro,DK,Hamburg,DE
Sakskøbing,DK,Hamburg,DE
Humlebæk,DK,Hamburg,DE
Otterup,DK,Hamburg,DE
Zeven,DE,Hamburg,DE
Haslev,DK,Hamburg,DE
Bleckede,DE,Hamburg,DE
Møldrup,DK,Hamburg,DE
Eutin,DE,Hamburg,DE
Sassnitz,DE,Hamburg,DE
Glinde,DE,Hamburg,DE
Garrel,DE,Hamburg,DE
Skegrie,SE,Hamburg,DE
Brøndby Strand,DK,Hamburg,DE
Spøttrup,DK,Hamburg,DE
Nordenham,DE,Hamburg,DE
Rødekro,DK,Hamburg,DE
Angermünde,DE,Hamburg,DE
Gråsten,DK,Hamburg,DE
Gelsted,DK,Hamburg,DE
Fensmark,DK,Hamburg,DE
Kappeln,DE,Hamburg,DE
Vipperød,DK,Hamburg,DE
Oschersleben,DE,Hamburg,DE
Rønde,DK,Hamburg,DE
Helsinge,DK,Hamburg,DE
Egernsund,DK,Hamburg,DE
Thyborøn,DK,Hamburg,DE
Jægerspris,DK,Hamburg,DE
Måløv,DK,Hamburg,DE
Lütjenburg,DE,Hamburg,DE
Gerbstedt,DE,Hamburg,DE
Rastede,DE,Hamburg,DE
Isenbüttel,DE,Hamburg,DE
Domsjö,SE,Hamburg,DE
Støvring,DK,Hamburg,DE
Hemmingen,DE,Hamburg,DE
Ihlow,DE,Hamburg,DE
Hellerup,DK,Hamburg,DE
Oberelchingen,DE,Hamburg,DE
Herning,DK,Hamburg,DE
Skivarp,SE,Hamburg,DE
Skäret,SE,Hamburg,DE
Ølgod,DK,Hamburg,DE
Holeby,DK,Hamburg,DE
Hadsund,DK,Hamburg,DE
Årre,DK,Hamburg,DE
Vamdrup,DK,Hamburg,DE
Langå,DK,Hamburg,DE
Skene,SE,Hamburg,DE
Allerød Municipality,DK,Hamburg,DE
Grebin,DE,Hamburg,DE
Husum,DE,Hamburg,DE
Bad Doberan,DE,Hamburg,DE
Ruds-Vedby,DK,Hamburg,DE
Hanstholm,DK,Hamburg,DE
Hohenwestedt,DE,Hamburg,DE
Löddeköpinge,SE,Hamburg,DE
Langenhagen,DE,Hamburg,DE
Bolanden,DE,Hamburg,DE
Kist,DE,Hamburg,DE
Haibach,DE,Hamburg,DE
Dodow,DE,Hamburg,DE
Stäbelow,DE,Hamburg,DE
Bromölla,SE,Hamburg,DE
Buchholz in der Nordheide,DE,Hamburg,DE
Gesten,DK,Hamburg,DE
Birkerød,DK,Hamburg,DE
Wingst,DE,Hamburg,DE
Lüchow,DE,Hamburg,DE
Svendborg,DK,Hamburg,DE
Kirke Såby,DK,Hamburg,DE
Reftele,SE,Hamburg,DE
Heide,DE,Hamburg,DE
Gentofte Municipality,DK,Hamburg,DE
Delmenhorst,DE,Hamburg,DE
Nordhavn,DK,Hamburg,DE
Ibbenbueren,DE,Hamburg,DE
Holsted,DK,Hamburg,DE
Kävlinge,SE,Hamburg,DE
Gadebusch,DE,Hamburg,DE
Winsen,DE,Hamburg,DE
Wildeshausen,DE,Hamburg,DE
Vejen Municipality,DK,Hamburg,DE
Krummhörn,DE,Hamburg,DE
Randers,DK,Hamburg,DE
Marne,DE,Hamburg,DE
Seesen,DE,Hamburg,DE
Hjärnarp,SE,Hamburg,DE
Rövershagen,DE,Hamburg,DE
Papenburg,DE,Hamburg,DE
Vellahn,DE,Hamburg,DE
Tranbjerg,DK,Hamburg,DE
Zingst,DE,Hamburg,DE
Vallåkra,SE,Hamburg,DE
Nyhamnsläge,SE,Hamburg,DE
Nindorf,DE,Hamburg,DE
Karlskrona,SE,Hamburg,DE
Jordrup,DK,Hamburg,DE
Löhne,DE,Hamburg,DE
Kibæk,DK,Hamburg,DE
Berghülen,DE,Hamburg,DE
Isernhagen-Süd,DE,Hamburg,DE
Lauda-Königshofen,DE,Hamburg,DE
Paderborn,DE,Hamburg,DE
Pinneberg,DE,Hamburg,DE
Knäred,SE,Hamburg,DE
Dannenberg,DE,Hamburg,DE
Fehmarn,DE,Hamburg,DE
Kalbe,DE,Hamburg,DE
Zetel,DE,Hamburg,DE
Gräsö,SE,Hamburg,DE
Brabrand,DK,Hamburg,DE
Quakenbrück,DE,Hamburg,DE
Backnang,DE,Hamburg,DE
Albersdorf,DE,Hamburg,DE
Mårdaklev,SE,Hamburg,DE
Hohn,DE,Hamburg,DE
Freiberg,DE,Hamburg,DE
Farum,DK,Hamburg,DE
Wyk auf Föhr,DE,Hamburg,DE
Bocholt,DE,Hamburg,DE
Svalöv,SE,Hamburg,DE
Westoverledingen,DE,Hamburg,DE
Werl,DE,Hamburg,DE
Breklum,DE,Hamburg,DE
Aachen,DE,Hamburg,DE
Ostercappeln,DE,Hamburg,DE
Dierdorf,DE,Hamburg,DE
Barnstorf,DE,Hamburg,DE
Gedved,DK,Hamburg,DE
Malmo,SE,Hamburg,DE
Viby,DK,Hamburg,DE
Egå,DK,Hamburg,DE
Sölvesborg,SE,Hamburg,DE
Assens,DK,Hamburg,DE
Schorndorf,DE,Hamburg,DE
Skåne County,SE,Hamburg,DE
Sønderborg,DK,Hamburg,DE
Å,NO,Hamburg,DE
Kronshagen,DE,Hamburg,DE
Hvide Sande,DK,Hamburg,DE
Albertslund,DK,Hamburg,DE
Vanløse,DK,Hamburg,DE
Borstel-Hohenraden,DE,Hamburg,DE
Seelze,DE,Hamburg,DE
Leer,DE,Hamburg,DE
Ueckermünde,DE,Hamburg,DE
Allingåbro,DK,Hamburg,DE
Fårvang,DK,Hamburg,DE
Burbach,DE,Hamburg,DE
Klampenborg,DK,Hamburg,DE
Ingelstad,SE,Hamburg,DE
Broby,SE,Hamburg,DE
Eicklingen,DE,Hamburg,DE
Kirke Hvalsø,DK,Hamburg,DE
Stelle,DE,Hamburg,DE
Schwerin,DE,Hamburg,DE
Hundested,DK,Hamburg,DE
Hilchenbach,DE,Hamburg,DE
Lengede,DE,Hamburg,DE
Ansager,DK,Hamburg,DE
Neuenburg am Rhein,DE,Hamburg,DE
Tjæreborg,DK,Hamburg,DE
Schafflund,DE,Hamburg,DE
Wangerland,DE,Hamburg,DE
Fredensborg,DK,Hamburg,DE
Dettingen unter Teck,DE,Hamburg,DE
Tommerup Stationsby,DK,Hamburg,DE
Scheeßel,DE,Hamburg,DE
Aglasterhausen,DE,Hamburg,DE
Kvistgård,DK,Hamburg,DE
Diepenau,DE,Hamburg,DE
Brædstrup,DK,Hamburg,DE
Stralsund,DE,Hamburg,DE
Norderstedt,DE,Hamburg,DE
Lachendorf,DE,Hamburg,DE
Spenge,DE,Hamburg,DE
Tureby,DK,Hamburg,DE
Bernau bei Berlin,DE,Hamburg,DE
Varel,DE,Hamburg,DE
Årup,DK,Hamburg,DE
Alt Duvenstedt,DE,Hamburg,DE
Ringe,DK,Hamburg,DE
Westerheim,DE,Hamburg,DE
Olofström,SE,Hamburg,DE
Reinbek,DE,Hamburg,DE
Dannemare,DK,Hamburg,DE
Dägeling,DE,Hamburg,DE
Reinfeld,DE,Hamburg,DE
Bredstedt,DE,Hamburg,DE
Esens,DE,Hamburg,DE
Olching,DE,Hamburg,DE
Wennigsen,DE,Hamburg,DE
Liebenburg,DE,Hamburg,DE
Bargteheide,DE,Hamburg,DE
Emmaboda,SE,Hamburg,DE
Bad Pyrmont,DE,Hamburg,DE
Peine,DE,Hamburg,DE
Værløse,DK,Hamburg,DE
Ascheffel,DE,Hamburg,DE
Oberwiesenthal,DE,Hamburg,DE
Bråde,DK,Hamburg,DE
Osnabrück,DE,Hamburg,DE
Ålsgårde,DK,Hamburg,DE
Järnforsen,SE,Hamburg,DE
Lohne,DE,Hamburg,DE
Skanderborg,DK,Hamburg,DE
Wedel,DE,Hamburg,DE
Butjadingen,DE,Hamburg,DE
Stapelfeld,DE,Hamburg,DE
Melbeck,DE,Hamburg,DE
Gullringen,SE,Hamburg,DE
Zarrentin,DE,Hamburg,DE
Waren,DE,Hamburg,DE
Förslöv,SE,Hamburg,DE
Waddeweitz,DE,Hamburg,DE
Bergen auf Rügen,DE,Hamburg,DE
Vechta,DE,Hamburg,DE
Apen,DE,Hamburg,DE
Stadthagen,DE,Hamburg,DE
Kellinghusen,DE,Hamburg,DE
Them,DK,Hamburg,DE
Düsseldorf,DE,Hamburg,DE
Todenbüttel,DE,Hamburg,DE
Walsrode,DE,Hamburg,DE
Kiel,DE,Hamburg,DE
Ratingen,DE,Hamburg,DE
Olsberg,DE,Hamburg,DE
Neustadt in Holstein,DE,Hamburg,DE
Schloß Holte-Stukenbrock,DE,Hamburg,DE
Neetze,DE,Hamburg,DE
Fårevejle,DK,Hamburg,DE
Rochlitz,DE,Hamburg,DE
Munka-Ljungby,SE,Hamburg,DE
Renchen,DE,Hamburg,DE
Friedrichstadt,DE,Hamburg,DE
Stapel,DE,Hamburg,DE
Buxtehude,DE,Hamburg,DE
Gifhorn,DE,Hamburg,DE
Asnæs,DK,Hamburg,DE
Hornslet,DK,Hamburg,DE
Gilleleje,DK,Hamburg,DE
Frammersbach,DE,Hamburg,DE
Soest,DE,Hamburg,DE
Oststeinbek,DE,Hamburg,DE
Niebüll,DE,Hamburg,DE
Lunderskov,DK,Hamburg,DE
Brøndby,DK,Hamburg,DE
Rehburg-Loccum,DE,Hamburg,DE
Grenå,DK,Hamburg,DE
Parchim,DE,Hamburg,DE
Vig,DK,Hamburg,DE
Drakenburg,DE,Hamburg,DE
Kremmen,DE,Hamburg,DE
Bad Rothenfelde,DE,Hamburg,DE
Haverdal,SE,Hamburg,DE
Staßfurt,DE,Hamburg,DE
Hohen Neuendorf,DE,Hamburg,DE
Bentwisch,DE,Hamburg,DE
Brønshøj,DK,Hamburg,DE
Plate,DE,Hamburg,DE
Westerau,DE,Hamburg,DE
Handewitt,DE,Hamburg,DE
Kalundborg,DK,Hamburg,DE
Feldberger Seenlandschaft,DE,Hamburg,DE
Oyten,DE,Hamburg,DE
Hildesheim,DE,Hamburg,DE
Kremperheide,DE,Hamburg,DE
Limhamn,SE,Hamburg,DE
Rydsgård,SE,Hamburg,DE
Agedrup,DK,Hamburg,DE
Brake (Unterweser),DE,Hamburg,DE
Bad Neuenahr-Ahrweiler,DE,Hamburg,DE
Soltau,DE,Hamburg,DE
Faaborg,DK,Hamburg,DE
Lamspringe,DE,Hamburg,DE
Nättraby,SE,Hamburg,DE
Nauen,DE,Hamburg,DE
Rudkøbing,DK,Hamburg,DE
Hillerød,DK,Hamburg,DE
Buchholz,DE,Hamburg,DE
Hennigsdorf,DE,Hamburg,DE
Toftlund,DK,Hamburg,DE
Sulzbach an der Murr,DE,Hamburg,DE
Grammentin,DE,Hamburg,DE
Hüfingen,DE,Hamburg,DE
Lüssow,DE,Hamburg,DE
Wasbek,DE,Hamburg,DE
Rødby,DK,Hamburg,DE
Ober-Ramstadt,DE,Hamburg,DE
Almind,DK,Hamburg,DE
Svinninge,DK,Hamburg,DE
Engesvang,DK,Hamburg,DE
Georgsmarienhütte,DE,Hamburg,DE
Hohenschäftlarn,DE,Hamburg,DE
Tune,DK,Hamburg,DE
Langeoog,DE,Hamburg,DE
Bremen,DE,Hamburg,DE
Kirchlengern,DE,Hamburg,DE
Vejby,DK,Hamburg,DE
Freising,DE,Hamburg,DE
Garstedt,DE,Hamburg,DE
Elsinore,DK,Hamburg,DE
Kirchwalsede,DE,Hamburg,DE
Hagenow,DE,Hamburg,DE
Faxe Ladeplads,DK,Hamburg,DE
Juist,DE,Hamburg,DE
Thorsø,DK,Hamburg,DE
Mansfeld,DE,Hamburg,DE
Horsens,DK,Hamburg,DE
Minden,DE,Hamburg,DE
Tilst,DK,Hamburg,DE
Bad Honnef,DE,Hamburg,DE
Buedelsdorf,DE,Hamburg,DE
Wesenberg,DE,Hamburg,DE
Bargstedt,DE,Hamburg,DE
Königstein im Taunus,DE,Hamburg,DE
Jever,DE,Hamburg,DE
Steinheim,DE,Hamburg,DE
Kolind,DK,Hamburg,DE
Lügde,DE,Hamburg,DE
Mölle,SE,Hamburg,DE
Holstebro,DK,Hamburg,DE
Store Heddinge,DK,Hamburg,DE
Otter,DE,Hamburg,DE
Klein Rogahn,DE,Hamburg,DE
Versmold,DE,Hamburg,DE
Ostseebad Boltenhagen,DE,Hamburg,DE
Tølløse,DK,Hamburg,DE
Kristianstad,SE,Hamburg,DE
Salzwedel,DE,Hamburg,DE
Alfhausen,DE,Hamburg,DE
Brovst,DK,Hamburg,DE
Borup,DK,Hamburg,DE
Ølsted,DK,Hamburg,DE
Önnestad,SE,Hamburg,DE
Stege,DK,Hamburg,DE
Steinfurt,DE,Hamburg,DE
Schwaan,DE,Hamburg,DE
Tønder,DK,Hamburg,DE
Skødstrup,DK,Hamburg,DE
Duingen,DE,Hamburg,DE
Lilla Edet,SE,Hamburg,DE
Lindås,SE,Hamburg,DE
Erding,DE,Hamburg,DE
Skive,DK,Hamburg,DE
Karrebæksminde,DK,Hamburg,DE
Löningen,DE,Hamburg,DE
Kareby,SE,Hamburg,DE
Ratzeburg,DE,Hamburg,DE
Risskov,DK,Hamburg,DE
Nordhastedt,DE,Hamburg,DE
Delligsen,DE,Hamburg,DE
Søndersø,DK,Hamburg,DE
Lage,DE,Hamburg,DE
Strasburg,DE,Hamburg,DE
Mårslet,DK,Hamburg,DE
Damshagen,DE,Hamburg,DE
Memmingen,DE,Hamburg,DE
Ahrensbök,DE,Hamburg,DE
Åkarp,SE,Hamburg,DE
Bad Tennstedt,DE,Hamburg,DE
Freden,DE,Hamburg,DE
Hohenlockstedt,DE,Hamburg,DE
Holte,DK,Hamburg,DE
Barsbüttel,DE,Hamburg,DE
Hørve,DK,Hamburg,DE
Toreby,DK,Hamburg,DE
Steyerberg,DE,Hamburg,DE
Glostrup Municipality,DK,Hamburg,DE
Mogendorf,DE,Hamburg,DE
Sønder Karstoft,DK,Hamburg,DE
Neustadt am Rübenberge,DE,Hamburg,DE
Fågelmara,SE,Hamburg,DE
Diesdorf,DE,Hamburg,DE
Spjald,DK,Hamburg,DE
Havndal,DK,Hamburg,DE
Moormerland,DE,Hamburg,DE
Veelböken,DE,Hamburg,DE
Heringsdorf,DE,Hamburg,DE
Moheda,SE,Hamburg,DE
Klein Nordende,DE,Hamburg,DE
Harsefeld,DE,Hamburg,DE
Ankum,DE,Hamburg,DE
Ølstykke,DK,Hamburg,DE
Visselhövede,DE,Hamburg,DE
Billund,DK,Hamburg,DE
Hornsyld,DK,Hamburg,DE
Schwartbuck,DE,Hamburg,DE
Give,DK,Hamburg,DE
Rehna,DE,Hamburg,DE
Langwedel,DE,Hamburg,DE
Detmold,DE,Hamburg,DE
Wolfenbüttel,DE,Hamburg,DE
Sinzheim,DE,Hamburg,DE
Bücken,DE,Hamburg,DE
Friesenheim,DE,Hamburg,DE
Putbus,DE,Hamburg,DE
Harmsdorf,DE,Hamburg,DE
Wandlitz,DE,Hamburg,DE
Bispingen,DE,Hamburg,DE
Viby J,DK,Hamburg,DE
Diepholz,DE,Hamburg,DE
Kaltenkirchen,DE,Hamburg,DE
Bogense,DK,Hamburg,DE
Bissendorf,DE,Hamburg,DE
Hörup,DE,Hamburg,DE
Süderbrarup,DE,Hamburg,DE
Cadenberge,DE,Hamburg,DE
Prebberede,DE,Hamburg,DE
Berlin,DE,Hamburg,DE
Husum,DK,Hamburg,DE
Bjärnum,SE,Hamburg,DE
Augustenborg,DK,Hamburg,DE
Reichenbach an der Fils,DE,Hamburg,DE
Ramlösa,SE,Hamburg,DE
Bodafors,SE,Hamburg,DE
Großbarkau,DE,Hamburg,DE
Linderöd,SE,Hamburg,DE
Neukirchen,DE,Hamburg,DE
Traryd,SE,Hamburg,DE
Eystrup,DE,Hamburg,DE
Marlow,DE,Hamburg,DE
Klemensker,DK,Hamburg,DE
Osterburg,DE,Hamburg,DE
Hjärup,SE,Hamburg,DE
Bjuv,SE,Hamburg,DE
Hørsholm,DK,Hamburg,DE
Püschow,DE,Hamburg,DE
Lippetal,DE,Hamburg,DE
Haugesund,NO,Hamburg,DE
Skelleftehamn,SE,Hamburg,DE
Vordingborg,DK,Hamburg,DE
Låsby,DK,Hamburg,DE
Holzminden,DE,Hamburg,DE
Berumbur,DE,Hamburg,DE
Charlottenlund,DK,Hamburg,DE
Hedensted,DK,Hamburg,DE
Rendsburg,DE,Hamburg,DE
Strömsnäsbruk,SE,Hamburg,DE
Præstø,DK,Hamburg,DE
Tierp,SE,Hamburg,DE
Blommenslyst,DK,Hamburg,DE
Genthin,DE,Hamburg,DE
Warin,DE,Hamburg,DE
Hallabro,SE,Hamburg,DE
Tinglev,DK,Hamburg,DE
Eckernförde,DE,Hamburg,DE
Barßel,DE,Hamburg,DE
Leverkusen,DE,Hamburg,DE
Lehrte,DE,Hamburg,DE
Hille,DE,Hamburg,DE
Frederikshavn,DK,Hamburg,DE
Enger,DE,Hamburg,DE
Snekkersten,DK,Hamburg,DE
Hasselager,DK,Hamburg,DE
Frederiksværk,DK,Hamburg,DE
Domsten,SE,Hamburg,DE
Billeberga,SE,Hamburg,DE
Oppenheim,DE,Hamburg,DE
Bergneustadt,DE,Hamburg,DE
Grindsted,DK,Hamburg,DE
Alfeld,DE,Hamburg,DE
Rahden,DE,Hamburg,DE
Kastrup,DK,Hamburg,DE
Karise,DK,Hamburg,DE
Jelling,DK,Hamburg,DE
Bassum,DE,Hamburg,DE
Crivitz,DE,Hamburg,DE
Porta Westfalica,DE,Hamburg,DE
Balje,DE,Hamburg,DE
Genarp,SE,Hamburg,DE
Bramming,DK,Hamburg,DE
Himmelpforten,DE,Hamburg,DE
Copenhagen,DK,Hamburg,DE
Wittenborn,DE,Hamburg,DE
Affalterbach,DE,Hamburg,DE
Seevetal,DE,Hamburg,DE
Halstenbek,DE,Hamburg,DE
Vedbæk,DK,Hamburg,DE
Oeversee,DE,Hamburg,DE
Sjöbo,SE,Hamburg,DE
Nørre Snede,DK,Hamburg,DE
Meyn,DE,Hamburg,DE
Glücksburg,DE,Hamburg,DE
Sunnansjö,SE,Hamburg,DE
Fuchsstadt,DE,Hamburg,DE
Sibbhult,SE,Hamburg,DE
Wenningstedt,DE,Hamburg,DE
Barth,DE,Hamburg,DE
Niederaula,DE,Hamburg,DE
Prenzlau,DE,Hamburg,DE
Stoby,SE,Hamburg,DE
Friesoythe,DE,Hamburg,DE
Hamm,DE,Hamburg,DE
Arenshausen,DE,Hamburg,DE
Wittenburg,DE,Hamburg,DE
Bad Nenndorf,DE,Hamburg,DE
Mörarp,SE,Hamburg,DE
Taastrup,DK,Hamburg,DE
Sabro,DK,Hamburg,DE
Borgholzhausen,DE,Hamburg,DE
Glimåkra,SE,Hamburg,DE
Wustrow,DE,Hamburg,DE
Osterhofen,DE,Hamburg,DE
Tappernøje,DK,Hamburg,DE
Hallaryd,SE,Hamburg,DE
Mørkøv,DK,Hamburg,DE
Nærbø,NO,Hamburg,DE
Grömitz,DE,Hamburg,DE
Bremervörde,DE,Hamburg,DE
Verden an der Aller,DE,Hamburg,DE
Itzehoe,DE,Hamburg,DE
Röfingen,DE,Hamburg,DE
Nibe,DK,Hamburg,DE
Wustermark,DE,Hamburg,DE
Tönning,DE,Hamburg,DE
Brørup,DK,Hamburg,DE
Bad Münder am Deister,DE,Hamburg,DE
Ampfing,DE,Hamburg,DE
Bingen am Rhein,DE,Hamburg,DE
Åseda,SE,Hamburg,DE
Sulingen,DE,Hamburg,DE
Kierspe,DE,Hamburg,DE
Hobro,DK,Hamburg,DE
Mittegroßefehn,DE,Hamburg,DE
Rangsdorf,DE,Hamburg,DE
Glumsø,DK,Hamburg,DE
Insjön,SE,Hamburg,DE
Stolzenau,DE,Hamburg,DE
Eickendorf,DE,Hamburg,DE
Korsør,DK,Hamburg,DE
Staffanstorp,SE,Hamburg,DE
Sulsted,DK,Hamburg,DE
Kevelaer,DE,Hamburg,DE
Skodsborg,DK,Hamburg,DE
Kisdorf,DE,Hamburg,DE
Leichlingen,DE,Hamburg,DE
Schieder-Schwalenberg,DE,Hamburg,DE
Hohenleuben,DE,Hamburg,DE
Dala-Järna,SE,Hamburg,DE
Egtved,DK,Hamburg,DE
Pasewalk,DE,Hamburg,DE
Lemgo,DE,Hamburg,DE
Lem,DK,Hamburg,DE
Tostedt,DE,Hamburg,DE
Sønder Bjert,DK,Hamburg,DE
Börger,DE,Hamburg,DE
Hönö,SE,Hamburg,DE
Stade,DE,Hamburg,DE
Hanaskog,SE,Hamburg,DE
Bad Salzuflen,DE,Hamburg,DE
Verl,DE,Hamburg,DE
Båstad,SE,Hamburg,DE
Bindlach,DE,Hamburg,DE
Hellebæk,DK,Hamburg,DE
Sunds,DK,Hamburg,DE
Wacken,DE,Hamburg,DE
Ærøskøbing,DK,Hamburg,DE
Lille Skensved,DK,Hamburg,DE
Torna Hällestad,SE,Hamburg,DE
Hjørring,DK,Hamburg,DE
Ahlbeck,DE,Hamburg,DE
Fjälkinge,SE,Hamburg,DE
Elleben,DE,Hamburg,DE
Attendorn,DE,Hamburg,DE
Løsning,DK,Hamburg,DE
Rieseby,DE,Hamburg,DE
Vrå,DK,Hamburg,DE
Vodskov,DK,Hamburg,DE
Tangermünde,DE,Hamburg,DE
Siegburg,DE,Hamburg,DE
Nærum,DK,Hamburg,DE
Frechen,DE,Hamburg,DE
Anklam,DE,Hamburg,DE
Espelkamp,DE,Hamburg,DE
Svängsta,SE,Hamburg,DE
Edewecht,DE,Hamburg,DE
Munke Bjergby,DK,Hamburg,DE
Hoya,DE,Hamburg,DE
Hude,DE,Hamburg,DE
Løgstrup,DK,Hamburg,DE
Mainsche,DE,Hamburg,DE
Brande,DK,Hamburg,DE
Hvidovre,DK,Hamburg,DE
Kritzmow,DE,Hamburg,DE
Brandenburg,DE,Hamburg,DE
Mölln,DE,Hamburg,DE
Teterow,DE,Hamburg,DE
Schwarzenbek,DE,Hamburg,DE
Hamburg,DE,Hamburg,DE
Holbæk,DK,Hamburg,DE
Skottorp,SE,Hamburg,DE
Cloppenburg,DE,Hamburg,DE
Killeberg,SE,Hamburg,DE
Segeltorp,SE,Hamburg,DE
Rødovre Municipality,DK,Hamburg,DE
Gram,DK,Hamburg,DE
Ahnsen,DE,Hamburg,DE
Brøndbyøster,DK,Hamburg,DE
Altenberg,DE,Hamburg,DE
Wrestedt,DE,Hamburg,DE
Rinteln,DE,Hamburg,DE
Hilgermissen,DE,Hamburg,DE
Lönsboda,SE,Hamburg,DE
Klågerup,SE,Hamburg,DE
Norden,DE,Hamburg,DE
Sindal,DK,Hamburg,DE
Zerbst,DE,Hamburg,DE
Karup,DK,Hamburg,DE
Skaerbaek,DK,Hamburg,DE
Bunkeflostrand,SE,Hamburg,DE
Gammel Lejre,DK,Hamburg,DE
Beder,DK,Hamburg,DE
Espenau,DE,Hamburg,DE
Wallsbüll,DE,Hamburg,DE
Klink,DE,Hamburg,DE
Føvling,DK,Hamburg,DE
Letschin,DE,Hamburg,DE
Wietze,DE,Hamburg,DE
Schweringen,DE,Hamburg,DE
Ulm,DE,Hamburg,DE
Nordborg,DK,Hamburg,DE
Schnega,DE,Hamburg,DE
Einbeck,DE,Hamburg,DE
Højbjerg,DK,Hamburg,DE
Bække,DK,Hamburg,DE
Oldenburg,DE,Hamburg,DE
Altenholz,DE,Hamburg,DE
Ballerup Municipality,DK,Hamburg,DE
Nørre Åby,DK,Hamburg,DE
Ans,DK,Hamburg,DE
Hovborg,DK,Hamburg,DE
Tränsum,SE,Hamburg,DE
Ottendorf-Okrilla,DE,Hamburg,DE
Hammel,DK,Hamburg,DE
Ørbæk,DK,Hamburg,DE
Putlitz,DE,Hamburg,DE
Tygelsjö,SE,Hamburg,DE
Lauffen am Neckar,DE,Hamburg,DE
Rodewald,DE,Hamburg,DE
Schleswig,DE,Hamburg,DE
Heidesheim,DE,Hamburg,DE
Klanxbüll,DE,Hamburg,DE
Höör,SE,Hamburg,DE
Oldenburg in Holstein,DE,Hamburg,DE
Welver,DE,Hamburg,DE
Henstedt-Ulzburg Municipality,DE,Hamburg,DE
Lünen,DE,Hamburg,DE
Kosel,DE,Hamburg,DE
Lund,SE,Hamburg,DE
Stockach,DE,Hamburg,DE
Ostseebad Binz,DE,Hamburg,DE
Gislev,DK,Hamburg,DE
Heiligenhafen,DE,Hamburg,DE
Lemvig,DK,Hamburg,DE
Harsewinkel,DE,Hamburg,DE
Plön,DE,Hamburg,DE
Langlingen,DE,Hamburg,DE
Schönkirchen,DE,Hamburg,DE
Rostock,DE,Hamburg,DE
Skogås,SE,Hamburg,DE
Jyderup,DK,Hamburg,DE
Græsted,DK,Hamburg,DE
Jyväskylä,FI,Helsinki,FI
Tuhalaane,EE,Helsinki,FI
Põlva,EE,Helsinki,FI
Pensala,FI,Helsinki,FI
Lagan,SE,Helsinki,FI
Liperi,FI,Helsinki,FI
Kokemäki,FI,Helsinki,FI
Aneby,SE,Helsinki,FI
Hyllykallio,FI,Helsinki,FI
Rudnyy,KZ,Helsinki,FI
Kalliola,FI,Helsinki,FI
Pattijoki,FI,Helsinki,FI
Kuopio,FI,Helsinki,FI
Arvidsjaur,SE,Helsinki,FI
Kauniainen,FI,Helsinki,FI
Hyvinkää,FI,Helsinki,FI
Toholampi,FI,Helsinki,FI
Astana,KZ,Helsinki,FI
Strömsund,SE,Helsinki,FI
Tayynsha,KZ,Helsinki,FI
Kokkola,FI,Helsinki,FI
Sipoo,FI,Helsinki,FI
Fryazino,RU,Helsinki,FI
Muurame,FI,Helsinki,FI
Kouvola,FI,Helsinki,FI
Lohtaja,FI,Helsinki,FI
Oksava,FI,Helsinki,FI
Rēzekne,LV,Helsinki,FI
Jüri,EE,Helsinki,FI
Jūrmala,LV,Helsinki,FI
Hämeenlinna,FI,Helsinki,FI
Mikkeli,FI,Helsinki,FI
Alta,NO,Helsinki,FI
Röykkä,FI,Helsinki,FI
Tartu,EE,Helsinki,FI
Ludza,LV,Helsinki,FI
Lycksele,SE,Helsinki,FI
Krāslava,LV,Helsinki,FI
Kivistö,FI,Helsinki,FI
Øverbygd,NO,Helsinki,FI
Ylivieska,FI,Helsinki,FI
Atyrau,KZ,Helsinki,FI
Luleå,SE,Helsinki,FI
Säynätsalo,FI,Helsinki,FI
Laulasmaa,EE,Helsinki,FI
Myllyoja,FI,Helsinki,FI
Porvoo,FI,Helsinki,FI
Zavodskoy,KZ,Helsinki,FI
Valkeala,FI,Helsinki,FI
Stepnogorsk,KZ,Helsinki,FI
Lahti,FI,Helsinki,FI
Rakvere,EE,Helsinki,FI
Aizkraukle,LV,Helsinki,FI
Taldykorgan,KZ,Helsinki,FI
Grebnevo,RU,Helsinki,FI
Jelgava Municipality,LV,Helsinki,FI
Shchyolkovo,RU,Helsinki,FI
Vastila,FI,Helsinki,FI
Rovaniemi,FI,Helsinki,FI
Cēsis Municipality,LV,Helsinki,FI
Karkkila,FI,Helsinki,FI
Älvsbyn,SE,Helsinki,FI
Järvenpää,FI,Helsinki,FI
Gammelstad,SE,Helsinki,FI
Sillamäe,EE,Helsinki,FI
Outokumpu,FI,Helsinki,FI
Vaasa,FI,Helsinki,FI
Võru,EE,Helsinki,FI
Ilmajoki,FI,Helsinki,FI
Helsinki,FI,Helsinki,FI
Boliden,SE,Helsinki,FI
Översundom,FI,Helsinki,FI
Ülenurme,EE,Helsinki,FI
Kärdla,EE,Helsinki,FI
Talsi,LV,Helsinki,FI
Ylistaro,FI,Helsinki,FI
Sauvo,FI,Helsinki,FI
Jõgeva,EE,Helsinki,FI
Dobele,LV,Helsinki,FI
Palokka,FI,Helsinki,FI
Heinola,FI,Helsinki,FI
Veikkola,FI,Helsinki,FI
Österjörn,SE,Helsinki,FI
Riihimäki,FI,Helsinki,FI
Hammerfest,NO,Helsinki,FI
Keila,EE,Helsinki,FI
Hollola,FI,Helsinki,FI
Pavlodar,KZ,Helsinki,FI
Malmgård,FI,Helsinki,FI
Kose,EE,Helsinki,FI
Semey,KZ,Helsinki,FI
Pennala,FI,Helsinki,FI
Hansnes,NO,Helsinki,FI
Kiviõli,EE,Helsinki,FI
Bjurholm,SE,Helsinki,FI
Gunnarsbyn,SE,Helsinki,FI
Peetri,EE,Helsinki,FI
Sindi,EE,Helsinki,FI
Muraste,EE,Helsinki,FI
Orimattila,FI,Helsinki,FI
Saldus,LV,Helsinki,FI
Parkano,FI,Helsinki,FI
Nummela,FI,Helsinki,FI
Nahkela,FI,Helsinki,FI
Lavangen,NO,Helsinki,FI
Husum,SE,Helsinki,FI
Sunīši,LV,Helsinki,FI
Valkeakoski,FI,Helsinki,FI
Vihti,FI,Helsinki,FI
Ruutana,FI,Helsinki,FI
Ohkola,FI,Helsinki,FI
Komossa,FI,Helsinki,FI
Vadsø,NO,Helsinki,FI
Akaa,FI,Helsinki,FI
Jēkabpils,LV,Helsinki,FI
Loimaa,FI,Helsinki,FI
Rognan,NO,Helsinki,FI
Tiskre,EE,Helsinki,FI
Taraz,KZ,Helsinki,FI
Puuppola,FI,Helsinki,FI
Sävar,SE,Helsinki,FI
Riga,LV,Helsinki,FI
Vändra,EE,Helsinki,FI
Aunes,FI,Helsinki,FI
Lielvārde,LV,Helsinki,FI
Koeru,EE,Helsinki,FI
Shymkent,KZ,Helsinki,FI
Elektrėnai,LT,Helsinki,FI
Rossfjordstraumen,NO,Helsinki,FI
Norrfjärden,SE,Helsinki,FI
Korsholm,FI,Helsinki,FI
Tampere,FI,Helsinki,FI
Vantaa,FI,Helsinki,FI
Tukums,LV,Helsinki,FI
Vääksy,FI,Helsinki,FI
Masku,FI,Helsinki,FI
Hamina,FI,Helsinki,FI
Lødingen,NO,Helsinki,FI
Söderkulla,FI,Helsinki,FI
Hortlax,SE,Helsinki,FI
Vesilahti,FI,Helsinki,FI
Rokiškis,LT,Helsinki,FI
Tuusula,FI,Helsinki,FI
Salaspils,LV,Helsinki,FI
Petropavl,KZ,Helsinki,FI
Sundsberg,FI,Helsinki,FI
Oulunsalo,FI,Helsinki,FI
Ylöjärvi,FI,Helsinki,FI
Pilpala,FI,Helsinki,FI
Lieto,FI,Helsinki,FI
Jämsä,FI,Helsinki,FI
Salacgrīva,LV,Helsinki,FI
Rauma,FI,Helsinki,FI
Harjumaa,EE,Helsinki,FI
Moen,NO,Helsinki,FI
Koria,FI,Helsinki,FI
Äänekoski,FI,Helsinki,FI
Salo,FI,Helsinki,FI
Loviisa,FI,Helsinki,FI
Valga,EE,Helsinki,FI
Seinäjoki,FI,Helsinki,FI
Uusikaupunki,FI,Helsinki,FI
Naantali,FI,Helsinki,FI
Chernihiv,UA,Helsinki,FI
Tornio,FI,Helsinki,FI
Julkujärvi,FI,Helsinki,FI
Helsingby,FI,Helsinki,FI
Nokia,FI,Helsinki,FI
Koknese,LV,Helsinki,FI
Oitti,FI,Helsinki,FI
Haapavesi,FI,Helsinki,FI
Mārupe,LV,Helsinki,FI
Paimela,FI,Helsinki,FI
Kotka,FI,Helsinki,FI
Kuusankoski,FI,Helsinki,FI
Älvängen,SE,Helsinki,FI
Türi,EE,Helsinki,FI
Paide,EE,Helsinki,FI
Lapua,FI,Helsinki,FI
Eleja,LV,Helsinki,FI
Almaty Oblysy,KZ,Helsinki,FI
Turku,FI,Helsinki,FI
Lehmo,FI,Helsinki,FI
Tikkakoski,FI,Helsinki,FI
Vahtseliina,EE,Helsinki,FI
Balashikha,RU,Helsinki,FI
Bengtsfors,SE,Helsinki,FI
Tabivere,EE,Helsinki,FI
Marstrand,SE,Helsinki,FI
Launonen,FI,Helsinki,FI
Joensuu,FI,Helsinki,FI
Järveotsa,EE,Helsinki,FI
Lempäälä,FI,Helsinki,FI
Ähtäri,FI,Helsinki,FI
Jaunolaine,LV,Helsinki,FI
Onttola,FI,Helsinki,FI
Pornainen,FI,Helsinki,FI
Kokshetau,KZ,Helsinki,FI
Masala,FI,Helsinki,FI
Saue,EE,Helsinki,FI
Pälkäne,FI,Helsinki,FI
Daugavpils,LV,Helsinki,FI
Põltsamaa,EE,Helsinki,FI
Kauhajoki,FI,Helsinki,FI
Holmsund,SE,Helsinki,FI
Bjerkvik,NO,Helsinki,FI
Karperö,FI,Helsinki,FI
Pusula,FI,Helsinki,FI
Kerava,FI,Helsinki,FI
Haapsalu,EE,Helsinki,FI
Urjala,FI,Helsinki,FI
Suonenjoki,FI,Helsinki,FI
Jokela,FI,Helsinki,FI
Aktobe,KZ,Helsinki,FI
Savonlinna,FI,Helsinki,FI
Turenki,FI,Helsinki,FI
Karksi-Nuia,EE,Helsinki,FI
Tromsø,NO,Helsinki,FI
Narva,EE,Helsinki,FI
Viljandi,EE,Helsinki,FI
Raahe,FI,Helsinki,FI
Krei,EE,Helsinki,FI
Old Ulvila,FI,Helsinki,FI
Pirkkala,FI,Helsinki,FI
Anjala,FI,Helsinki,FI
Saku,EE,Helsinki,FI
Jokkmokk,SE,Helsinki,FI
Pori,FI,Helsinki,FI
Maxmo,FI,Helsinki,FI
Piispanristi,FI,Helsinki,FI
Oral,KZ,Helsinki,FI
Põlvamaa,EE,Helsinki,FI
Otepää,EE,Helsinki,FI
Strenči,LV,Helsinki,FI
Aktau,KZ,Helsinki,FI
Forssa,FI,Helsinki,FI
Kangasala,FI,Helsinki,FI
Jalasjärvi,FI,Helsinki,FI
Suure-Jaani,EE,Helsinki,FI
Lapinkylä,FI,Helsinki,FI
Rūjiena,LV,Helsinki,FI
Väätsa,EE,Helsinki,FI
Sastamala,FI,Helsinki,FI
Maardu,EE,Helsinki,FI
Senieji Trakai,LT,Helsinki,FI
Haljala,EE,Helsinki,FI
Kauhava,FI,Helsinki,FI
Aseri,EE,Helsinki,FI
Espoo,FI,Helsinki,FI
Pärnu,EE,Helsinki,FI
Amatciems,LV,Helsinki,FI
Bauska,LV,Helsinki,FI
Silsand,NO,Helsinki,FI
Pajala,SE,Helsinki,FI
Kalix,SE,Helsinki,FI
Smiltene,LV,Helsinki,FI
Lahela,FI,Helsinki,FI
Aruküla,EE,Helsinki,FI
Raisio,FI,Helsinki,FI
Övertorneå,SE,Helsinki,FI
Jelgava,LV,Helsinki,FI
Gulbene,LV,Helsinki,FI
Kuusalu,EE,Helsinki,FI
Mäntsälä,FI,Helsinki,FI
Ust-Kamenogorsk,KZ,Helsinki,FI
Hauho,FI,Helsinki,FI
Valmiera,LV,Helsinki,FI
Piikkiö,FI,Helsinki,FI
Olden,NO,Helsinki,FI
Mieto,FI,Helsinki,FI
Tottijärvi,FI,Helsinki,FI
Kohila,EE,Helsinki,FI
Tervajoki,FI,Helsinki,FI
Nykarleby,FI,Helsinki,FI
Hiiumaa,EE,Helsinki,FI
Viimsi,EE,Helsinki,FI
Paimio,FI,Helsinki,FI
Perho,FI,Helsinki,FI
Ogre,LV,Helsinki,FI
Toijala,FI,Helsinki,FI
Muonio,FI,Helsinki,FI
Laihia,FI,Helsinki,FI
Rapla,EE,Helsinki,FI
Kirkkonummi,FI,Helsinki,FI
Karaganda,KZ,Helsinki,FI
Piņķi,LV,Helsinki,FI
Rae Parish,EE,Helsinki,FI
Solf,FI,Helsinki,FI
Kvevlax,FI,Helsinki,FI
Ikšķile,LV,Helsinki,FI
Oulu,FI,Helsinki,FI
Haabneeme,EE,Helsinki,FI
Elva,EE,Helsinki,FI
Pukkila,FI,Helsinki,FI
Kohtla-Järve,EE,Helsinki,FI
Salla,FI,Helsinki,FI
Klaukkala,FI,Helsinki,FI
Jaunmārupe,LV,Helsinki,FI
Kuusamo,FI,Helsinki,FI
Nurmijärvi,FI,Helsinki,FI
Kyzylorda,KZ,Helsinki,FI
Priekuļi,LV,Helsinki,FI
Tallinn,EE,Helsinki,FI
Reijola,FI,Helsinki,FI
Tabasalu,EE,Helsinki,FI
Huutjärvi,FI,Helsinki,FI
Viļāni,LV,Helsinki,FI
Kuldīga,LV,Helsinki,FI
Tapa,EE,Helsinki,FI
Aespa,EE,Helsinki,FI
Tervakoski,FI,Helsinki,FI
Siivikkala,FI,Helsinki,FI
Ķekava,LV,Helsinki,FI
Ylihärmä,FI,Helsinki,FI
Kittilä,FI,Helsinki,FI
Madona,LV,Helsinki,FI
Mustamäe,EE,Helsinki,FI
Kostanay,KZ,Helsinki,FI
Tuomikylä,FI,Helsinki,FI
Kalajoki,FI,Helsinki,FI
Lappeenranta,FI,Helsinki,FI
Kurikka,FI,Helsinki,FI
Rajamäki,FI,Helsinki,FI
Vuorentausta,FI,Helsinki,FI
Kuressaare,EE,Helsinki,FI
Koskenkorva,FI,Helsinki,FI
Sommarøy,NO,Helsinki,FI
Hiiumaa vald,EE,Helsinki,FI
Gandaria Utara,ID,Jakarta,ID
Sumedang,ID,Jakarta,ID
Bogor,ID,Jakarta,ID
Amuntai,ID,Jakarta,ID
Grogol Selatan,ID,Jakarta,ID
Sumurboto,ID,Jakarta,ID
Kuta,ID,Jakarta,ID
Bantul,ID,Jakarta,ID
Rawa Bunga,ID,Jakarta,ID
Cilegon,ID,Jakarta,ID
Dukuh Atas,ID,Jakarta,ID
Cakranegara,ID,Jakarta,ID
Mojosongo,ID,Jakarta,ID
Kebumen Satu,ID,Jakarta,ID
Nganjuk,ID,Jakarta,ID
Banten,ID,Jakarta,ID
Palu,ID,Jakarta,ID
Padang,ID,Jakarta,ID
Batu,ID,Jakarta,ID
Gianyar,ID,Jakarta,ID
Atambua,ID,Jakarta,ID
Sarolangun,ID,Jakarta,ID
Sorong,ID,Jakarta,ID
Sumenep,ID,Jakarta,ID
Maumere,ID,Jakarta,ID
Manatutu,TL,Jakarta,ID
Surabaya,ID,Jakarta,ID
Klaten,ID,Jakarta,ID
Tulungagung,ID,Jakarta,ID
Magelang,ID,Jakarta,ID
Malang,ID,Jakarta,ID
Cikupa,ID,Jakarta,ID
Tuban Timur,ID,Jakarta,ID
Jombang,ID,Jakarta,ID
Cyberjaya,MY,Jakarta,ID
Galur,ID,Jakarta,ID
Probolinggo,ID,Jakarta,ID
Gorontalo,ID,Jakarta,ID
Majalengka,ID,Jakarta,ID
Manado,ID,Jakarta,ID
Binjai,ID,Jakarta,ID
Pamekasan,ID,Jakarta,ID
Soasio,ID,Jakarta,ID
Lamongan,ID,Jakarta,ID
Kotamobagu,ID,Jakarta,ID
Maliana,TL,Jakarta,ID
Singaraja,ID,Jakarta,ID
Bontang,ID,Jakarta,ID
Boyolali,ID,Jakarta,ID
Cirebon,ID,Jakarta,ID
Batulicin,ID,Jakarta,ID
Bondowoso,ID,Jakarta,ID
Bojonegoro,ID,Jakarta,ID
Dili,TL,Jakarta,ID
Sukabumi,ID,Jakarta,ID
Banjar Pacung,ID,Jakarta,ID
Pulo Gebang,ID,Jakarta,ID
Jakarta,ID,Jakarta,ID
Karawaci,ID,Jakarta,ID
Sukoharjo,ID,Jakarta,ID
Banjarbaru,ID,Jakarta,ID
Tegal,ID,Jakarta,ID
East Java,ID,Jakarta,ID
Kudus,ID,Jakarta,ID
Banjar Mandung,ID,Jakarta,ID
Babakan Ciparay,ID,Jakarta,ID
Karawang,ID,Jakarta,ID
Cipinang,ID,Jakarta,ID
Mimika,ID,Jakarta,ID
Batu Ampar,ID,Jakarta,ID
Sengeti,ID,Jakarta,ID
Pare,ID,Jakarta,ID
Batam,ID,Jakarta,ID
Pemalang,ID,Jakarta,ID
Gresik,ID,Jakarta,ID
Bali,ID,Jakarta,ID
Bandar Lampung,ID,Jakarta,ID
Batang,ID,Jakarta,ID
Ciputat,ID,Jakarta,ID
Blitar,ID,Jakarta,ID
Purbalingga,ID,Jakarta,ID
Bengkulu,ID,Jakarta,ID
Sampang,ID,Jakarta,ID
Ngawi,ID,Jakarta,ID
Kepanjen,ID,Jakarta,ID
Sinjai,ID,Jakarta,ID
Situbondo,ID,Jakarta,ID
Makassar,ID,Jakarta,ID
Bintaro,ID,Jakarta,ID
Lubang Buaya,ID,Jakarta,ID
Ubud,ID,Jakarta,ID
Tuban,ID,Jakarta,ID
Jember,ID,Jakarta,ID
Pasiran,ID,Jakarta,ID
Subang,ID,Jakarta,ID
Rawasari,ID,Jakarta,ID
Salatiga,ID,Jakarta,ID
Serang,ID,Jakarta,ID
Tasikmalaya,ID,Jakarta,ID
Pinangsia,ID,Jakarta,ID
Trenggalek,ID,Jakarta,ID
Fatubossa,TL,Jakarta,ID
Rawa Barat,ID,Jakarta,ID
Cianjur,ID,Jakarta,ID
Banjarmasin,ID,Jakarta,ID
Kalukuang,ID,Jakarta,ID
Kuningan Barat,ID,Jakarta,ID
Kampungpisangan Dua,ID,Jakarta,ID
Ambon City,ID,Jakarta,ID
Kediri,ID,Jakarta,ID
Samarinda,ID,Jakarta,ID
Jepara,ID,Jakarta,ID
Medan,ID,Jakarta,ID
Duren Tiga,ID,Jakarta,ID
Karet Kuningan,ID,Jakarta,ID
Metro,ID,Jakarta,ID
Surakarta,ID,Jakarta,ID
Ternate,ID,Jakarta,ID
Wiyung,ID,Jakarta,ID
Singkawang,ID,Jakarta,ID
South Tangerang,ID,Jakarta,ID
Deli Serdang,ID,Jakarta,ID
Brebes,ID,Jakarta,ID
Krui,ID,Jakarta,ID
Mojokerto,ID,Jakarta,ID
Ciamis,ID,Jakarta,ID
Bekasi,ID,Jakarta,ID
Demak,ID,Jakarta,ID
Banyumas,ID,Jakarta,ID
Karanganyar,ID,Jakarta,ID
Bidara Cina,ID,Jakarta,ID
Pekalongan,ID,Jakarta,ID
Denpasar,ID,Jakarta,ID
Padiae,TL,Jakarta,ID
Grobogan,ID,Jakarta,ID
Depok Utara,ID,Jakarta,ID
Pisangan,ID,Jakarta,ID
Palangkaraya,ID,Jakarta,ID
Semarang,ID,Jakarta,ID
Pangkalanbuun,ID,Jakarta,ID
Mataram,ID,Jakarta,ID
Bandung,ID,Jakarta,ID
Yogyakarta,ID,Jakarta,ID
Kendal,ID,Jakarta,ID
Karanganyar Wetankali,ID,Jakarta,ID
Sukabumi Selatan,ID,Jakarta,ID
Setu,ID,Jakarta,ID
Sukanagara,ID,Jakarta,ID
Sumbawa Besar,ID,Jakarta,ID
Banda Aceh,ID,Jakarta,ID
Banyuwangi,ID,Jakarta,ID
Cilacap,ID,Jakarta,ID
Banyuates,ID,Jakarta,ID
Martapura,ID,Jakarta,ID
Tangerang,ID,Jakarta,ID
Pinrang,ID,Jakarta,ID
Lebakgedong,ID,Jakarta,ID
Mando,ID,Jakarta,ID
Palembang,ID,Jakarta,ID
Tarakan,ID,Jakarta,ID
Ujungmenteng,ID,Jakarta,ID
Polewali,ID,Jakarta,ID
Karet,ID,Jakarta,ID
Dompu,ID,Jakarta,ID
Pekanbaru,ID,Jakarta,ID
Pasuruan,ID,Jakarta,ID
Timika,ID,Jakarta,ID
Cipete Selatan,ID,Jakarta,ID
Lumajang,ID,Jakarta,ID
Curup,ID,Jakarta,ID
Sidoarjo,ID,Jakarta,ID
Kuningan,ID,Jakarta,ID
Balikpapan,ID,Jakarta,ID
Kupang,ID,Jakarta,ID
Jambi City,ID,Jakarta,ID
Sleman,ID,Jakarta,ID
Depok,ID,Jakarta,ID
Babakangarut,ID,Jakarta,ID
Sampora,ID,Jakarta,ID
Sandubaya,ID,Jakarta,ID
Setia Budi,ID,Jakarta,ID
Rembangan,ID,Jakarta,ID
Krian,ID,Jakarta,ID
Wonosobo,ID,Jakarta,ID
Kotagede,ID,Jakarta,ID
Madiun,ID,Jakarta,ID
Perak Utara,ID,Jakarta,ID
Purwakarta,ID,Jakarta,ID
Kendari,ID,Jakarta,ID
Jatiguwi,ID,Jakarta,ID
Indramayu,ID,Jakarta,ID
Cakung,ID,Jakarta,ID
Lebak Bulus,ID,Jakarta,ID
Purwokerto,ID,Jakarta,ID
Magetan,ID,Jakarta,ID
Albaida del Aljarafe,ES,Lisbon,PT
Palmela,PT,Lisbon,PT
Mindelo,CV,Lisbon,PT
Adeje,ES,Lisbon,PT
Praia,CV,Lisbon,PT
Esposende,PT,Lisbon,PT
Ílhavo,PT,Lisbon,PT
Viana do Castelo,PT,Lisbon,PT
A Estrada,ES,Lisbon,PT
Los Barrios,ES,Lisbon,PT
Paço de Arcos,PT,Lisbon,PT
Palomares del Río,ES,Lisbon,PT
Perozinho,PT,Lisbon,PT
Penedos de Alenquer,PT,Lisbon,PT
Caniço,PT,Lisbon,PT
Yenagoa,NG,Lisbon,PT
Vila Verde,PT,Lisbon,PT
Valongo,PT,Lisbon,PT
Freixianda,PT,Lisbon,PT
Montemor-o-Novo,PT,Lisbon,PT
Moreira de Conegos,PT,Lisbon,PT
Tazacorte,ES,Lisbon,PT
Castilleja de la Cuesta,ES,Lisbon,PT
Reguengos de Monsaraz,PT,Lisbon,PT
Valadares,PT,Lisbon,PT
Mogán,ES,Lisbon,PT
Fogueteiro,PT,Lisbon,PT
Paredes,PT,Lisbon,PT
Lagoa,PT,Lisbon,PT
Quarteira,PT,Lisbon,PT
Setúbal,PT,Lisbon,PT
Brión,ES,Lisbon,PT
Burjassot,ES,Lisbon,PT
Salvaterra de Magos,PT,Lisbon,PT
Bobadela,PT,Lisbon,PT
El Paso,ES,Lisbon,PT
Abomey-Calavi,BJ,Lisbon,PT
Ramada,PT,Lisbon,PT
El Sauzal,ES,Lisbon,PT
Leiria,PT,Lisbon,PT
Vilela,PT,Lisbon,PT
Cacém,PT,Lisbon,PT
Poio,ES,Lisbon,PT
Sarilhos Grandes,PT,Lisbon,PT
Rianxo,ES,Lisbon,PT
Callao Salvaje,ES,Lisbon,PT
Queijas,PT,Lisbon,PT
Santa Lucía,ES,Lisbon,PT
Vejer de la Frontera,ES,Lisbon,PT
Ferragudo,PT,Lisbon,PT
Fene,ES,Lisbon,PT
Mindelo,PT,Lisbon,PT
Barbate,ES,Lisbon,PT
Vila do Conde,PT,Lisbon,PT
Tomares,ES,Lisbon,PT
Covilha,PT,Lisbon,PT
Valencina de la Concepción,ES,Lisbon,PT
Villaverde del Río,ES,Lisbon,PT
Cambre,ES,Lisbon,PT
São Domingos de Rana,PT,Lisbon,PT
María Jiménez,ES,Lisbon,PT
Sesimbra,PT,Lisbon,PT
Delães,PT,Lisbon,PT
Azeitão,PT,Lisbon,PT
Parchal,PT,Lisbon,PT
Assomada,CV,Lisbon,PT
Senhora da Hora,PT,Lisbon,PT
Trafaria,PT,Lisbon,PT
Sanguedo,PT,Lisbon,PT
Caldas de Reis,ES,Lisbon,PT
Perafita,PT,Lisbon,PT
João Teves,CV,Lisbon,PT
São Domingos,CV,Lisbon,PT
A dos Ruivos,PT,Lisbon,PT
Fafe,PT,Lisbon,PT
Modelos,PT,Lisbon,PT
Las Navas de la Concepción,ES,Lisbon,PT
Madrid,ES,Lisbon,PT
Valle Gran Rey,ES,Lisbon,PT
Taipas,PT,Lisbon,PT
Matosinhos Municipality,PT,Lisbon,PT
Jédula,ES,Lisbon,PT
Guarda,PT,Lisbon,PT
Santa Maria,CV,Lisbon,PT
Bouskoura,MA,Lisbon,PT
Gáldar,ES,Lisbon,PT
Benin City,NG,Lisbon,PT
Buzanada,ES,Lisbon,PT
Póvoa de Varzim,PT,Lisbon,PT
Carregado,PT,Lisbon,PT
Sanfins de Ferreira,PT,Lisbon,PT
O Carballiño,ES,Lisbon,PT
Vila Franca de Xira,PT,Lisbon,PT
Salvatierra de Miño,ES,Lisbon,PT
Tarrafal de São Nicolau,CV,Lisbon,PT
Pousafoles do Bispo,PT,Lisbon,PT
Almada,PT,Lisbon,PT
Tires,PT,Lisbon,PT
Puerto de Santiago,ES,Lisbon,PT
Montijo,PT,Lisbon,PT
Barreiro,PT,Lisbon,PT
Bairro,PT,Lisbon,PT
Agualva,PT,Lisbon,PT
Chacha,CV,Lisbon,PT
Feira,PT,Lisbon,PT
Umbrete,ES,Lisbon,PT
Freamunde,PT,Lisbon,PT
Pájara,ES,Lisbon,PT
Figueira da Foz Municipality,PT,Lisbon,PT
Villafranca de los Barros,ES,Lisbon,PT
Dodro,ES,Lisbon,PT
A Coruña,ES,Lisbon,PT
La Puebla del Río,ES,Lisbon,PT
Abragão,PT,Lisbon,PT
Montanha,CV,Lisbon,PT
Mem Martins,PT,Lisbon,PT
Oliveira de Azeméis,PT,Lisbon,PT
Paterna de Rivera,ES,Lisbon,PT
Puerto Real,ES,Lisbon,PT
Guía de Isora,ES,Lisbon,PT
Badajoz,ES,Lisbon,PT
Benedita,PT,Lisbon,PT
Moraña,ES,Lisbon,PT
Angra do Heroísmo,PT,Lisbon,PT
Coristanco,ES,Lisbon,PT
Seixal,PT,Lisbon,PT
Albufeira,PT,Lisbon,PT
Porriño,ES,Lisbon,PT
Ubrique,ES,Lisbon,PT
Accra,GH,Lisbon,PT
Bucelas,PT,Lisbon,PT
Aldea Moret,ES,Lisbon,PT
Purchil,ES,Lisbon,PT
Aborim,PT,Lisbon,PT
La Guancha,ES,Lisbon,PT
Puebla de la Calzada,ES,Lisbon,PT
Vedra,ES,Lisbon,PT
Benacazón,ES,Lisbon,PT
Los Llanos de Aridane,ES,Lisbon,PT
Vila Real,PT,Lisbon,PT
Alcácer do Sal,PT,Lisbon,PT
Abegondo,ES,Lisbon,PT
Gafanha,PT,Lisbon,PT
Loulé,PT,Lisbon,PT
Santo Tirso,PT,Lisbon,PT
Agüimes,ES,Lisbon,PT
Paços de Ferreira,PT,Lisbon,PT
Ribadumia,ES,Lisbon,PT
Málaga,ES,Lisbon,PT
Vila Nova de Famalicão,PT,Lisbon,PT
Lourosa,PT,Lisbon,PT
Barcelos,PT,Lisbon,PT
Curtis,ES,Lisbon,PT
Serrekunda,GM,Lisbon,PT
Corralejo,ES,Lisbon,PT
Cova Figueira,CV,Lisbon,PT
Almeirim,PT,Lisbon,PT
Arico,ES,Lisbon,PT
Colares,PT,Lisbon,PT
Praia da Vitória,PT,Lisbon,PT
Valverde del Camino,ES,Lisbon,PT
Las Palmas de Gran Canaria,ES,Lisbon,PT
Póvoa de Santo Adrião,PT,Lisbon,PT
Vizela,PT,Lisbon,PT
Linda a Velha,PT,Lisbon,PT
Portela,PT,Lisbon,PT
Rio Tinto,PT,Lisbon,PT
Mairena del Aljarafe,ES,Lisbon,PT
Casablanca,MA,Lisbon,PT
Berga,ES,Lisbon,PT
Famões,PT,Lisbon,PT
Lepe,ES,Lisbon,PT
Sacavém,PT,Lisbon,PT
Campo,PT,Lisbon,PT
Zalamea de la Serena,ES,Lisbon,PT
Seville,ES,Lisbon,PT
Luintra,ES,Lisbon,PT
Sintra,PT,Lisbon,PT
San Juan de la Rambla,ES,Lisbon,PT
Nsawam,GH,Lisbon,PT
Dos Hermanas,ES,Lisbon,PT
Carcavelos,PT,Lisbon,PT
Nigrán,ES,Lisbon,PT
Rabat,MA,Lisbon,PT
Zaragoza,ES,Lisbon,PT
Achada Monte,CV,Lisbon,PT
Barcelona,ES,Lisbon,PT
Manacor,ES,Lisbon,PT
Alcalá del Río,ES,Lisbon,PT
La Línea de la Concepción,ES,Lisbon,PT
Lalín,ES,Lisbon,PT
Amadora,PT,Lisbon,PT
Santa Marta de Ortigueira,ES,Lisbon,PT
Nogueira da Regedoura,PT,Lisbon,PT
Trofa,PT,Lisbon,PT
El Viso del Alcor,ES,Lisbon,PT
Lucena,ES,Lisbon,PT
Abrantes,PT,Lisbon,PT
Betanzos,ES,Lisbon,PT
Caldas da Rainha,PT,Lisbon,PT
Arcos,PT,Lisbon,PT
Vilamoura,PT,Lisbon,PT
Playa Blanca,ES,Lisbon,PT
Pontinha,PT,Lisbon,PT
Espinho,PT,Lisbon,PT
Moya,ES,Lisbon,PT
Guargacho,ES,Lisbon,PT
Marín,ES,Lisbon,PT
Rebordosa,PT,Lisbon,PT
Mercês,PT,Lisbon,PT
Bragança,PT,Lisbon,PT
Puerto del Rosario,ES,Lisbon,PT
Alcobaça,PT,Lisbon,PT
Plasencia,ES,Lisbon,PT
Facinas,ES,Lisbon,PT
Cáceres,ES,Lisbon,PT
El Puerto de Santa María,ES,Lisbon,PT
Ronfe,PT,Lisbon,PT
Guimarães,PT,Lisbon,PT
Arouca,PT,Lisbon,PT
Lagos,PT,Lisbon,PT
Lagos,NG,Lisbon,PT
Salteras,ES,Lisbon,PT
Alverca do Ribatejo,PT,Lisbon,PT
Cantanhede,PT,Lisbon,PT
Santiponce,ES,Lisbon,PT
Charneca de Caparica,PT,Lisbon,PT
Arafo,ES,Lisbon,PT
Cascais,PT,Lisbon,PT
Valverde,ES,Lisbon,PT
Ceuta,ES,Lisbon,PT
Olhão,PT,Lisbon,PT
Rinchoa,PT,Lisbon,PT
Carvalhosa,PT,Lisbon,PT
Caneças,PT,Lisbon,PT
Guilhufe,PT,Lisbon,PT
Esmoriz,PT,Lisbon,PT
Lisbon,PT,Lisbon,PT
Cidade Velha,CV,Lisbon,PT
Bormujos,ES,Lisbon,PT
Valle de San Lorenzo,ES,Lisbon,PT
Braga,PT,Lisbon,PT
Rincón de la Victoria,ES,Lisbon,PT
Marrakesh,MA,Lisbon,PT
São Mamede de Infesta,PT,Lisbon,PT
Tarifa,ES,Lisbon,PT
Baixa da Banheira,PT,Lisbon,PT
Parede,PT,Lisbon,PT
La Lajita,ES,Lisbon,PT
Alcabideche,PT,Lisbon,PT
Kumasi,GH,Lisbon,PT
Barranco Hondo,ES,Lisbon,PT
Sobrado,PT,Lisbon,PT
Mairena del Alcor,ES,Lisbon,PT
Oeiras,PT,Lisbon,PT
Azambuja,PT,Lisbon,PT
Narón,ES,Lisbon,PT
Ermesinde,PT,Lisbon,PT
Costa da Caparica,PT,Lisbon,PT
Algeciras,ES,Lisbon,PT
Boliqueime,PT,Lisbon,PT
Avintes,PT,Lisbon,PT
Medina-Sidonia,ES,Lisbon,PT
Carballeda de Avia,ES,Lisbon,PT
La Victoria de Acentejo,ES,Lisbon,PT
Picos,CV,Lisbon,PT
Portimão,PT,Lisbon,PT
Lousada,PT,Lisbon,PT
Tomar,PT,Lisbon,PT
Gondomar,PT,Lisbon,PT
Felgueiras,PT,Lisbon,PT
Rio de Mouro,PT,Lisbon,PT
El Medano,ES,Lisbon,PT
Ikoyi,NG,Lisbon,PT
Sendim,PT,Lisbon,PT
Algés,PT,Lisbon,PT
Penafiel,PT,Lisbon,PT
Estoril,PT,Lisbon,PT
Ovar,PT,Lisbon,PT
Alfena,PT,Lisbon,PT
Kandi,BJ,Lisbon,PT
Marco de Canaveses,PT,Lisbon,PT
Arcozelo,PT,Lisbon,PT
Valleguerra,ES,Lisbon,PT
Camarate,PT,Lisbon,PT
Palos de la Frontera,ES,Lisbon,PT
Figueiró,PT,Lisbon,PT
Almensilla,ES,Lisbon,PT
Alenquer,PT,Lisbon,PT
Caparide,PT,Lisbon,PT
Venda do Pinheiro,PT,Lisbon,PT
Perillo,ES,Lisbon,PT
Porto Novo,CV,Lisbon,PT
Alcochete,PT,Lisbon,PT
San Juan de Aznalfarache,ES,Lisbon,PT
Freetown,SL,Lisbon,PT
Tegueste,ES,Lisbon,PT
Funchal,PT,Lisbon,PT
Utrera,ES,Lisbon,PT
Arrentela,PT,Lisbon,PT
San Roque,ES,Lisbon,PT
El Coronil,ES,Lisbon,PT
Leça do Bailio,PT,Lisbon,PT
Yaiza,ES,Lisbon,PT
Arada,PT,Lisbon,PT
Tavira,PT,Lisbon,PT
Torres Novas,PT,Lisbon,PT
São Félix da Marinha,PT,Lisbon,PT
Penela,PT,Lisbon,PT
Icod de los Vinos,ES,Lisbon,PT
Águeda Municipality,PT,Lisbon,PT
Jimena de la Frontera,ES,Lisbon,PT
Carreira,PT,Lisbon,PT
Aljaraque,ES,Lisbon,PT
Cambados,ES,Lisbon,PT
Nova Sintra,CV,Lisbon,PT
Ramalhal,PT,Lisbon,PT
Entroncamento,PT,Lisbon,PT
Belas,PT,Lisbon,PT
Olivenza,ES,Lisbon,PT
Belver,PT,Lisbon,PT
Alcoentre,PT,Lisbon,PT
Ponteceso,ES,Lisbon,PT
Viseu,PT,Lisbon,PT
Porto,PT,Lisbon,PT
Odivelas,PT,Lisbon,PT
Lavradio,PT,Lisbon,PT
Vila Real de Santo António,PT,Lisbon,PT
Villamartín,ES,Lisbon,PT
Faro,PT,Lisbon,PT
Bandeira,ES,Lisbon,PT
Burguillos,ES,Lisbon,PT
Alhos Vedros,PT,Lisbon,PT
Alcanede,PT,Lisbon,PT
Candelaria,ES,Lisbon,PT
Loures,PT,Lisbon,PT
Alhandra,PT,Lisbon,PT
Errekalde,ES,Lisbon,PT
Estarreja,PT,Lisbon,PT
Aldea Blanca,ES,Lisbon,PT
Queluz,PT,Lisbon,PT
Marinha Grande,PT,Lisbon,PT
La Garrovilla,ES,Lisbon,PT
Ponta Delgada,PT,Lisbon,PT
Charco del Pino,ES,Lisbon,PT
Porto Salvo,PT,Lisbon,PT
Fornos de Algodres,PT,Lisbon,PT
La Oliva,ES,Lisbon,PT
San Isidro,ES,Lisbon,PT
Arinaga,ES,Lisbon,PT
Vialonga,PT,Lisbon,PT
Mafra,PT,Lisbon,PT
Queimadas,CV,Lisbon,PT
Brenes,ES,Lisbon,PT
Guia,PT,Lisbon,PT
Grazalema,ES,Lisbon,PT
La Matanza de Acentejo,ES,Lisbon,PT
Mirandela,PT,Lisbon,PT
Garbayuela,ES,Lisbon,PT
Horta,PT,Lisbon,PT
Maia,PT,Lisbon,PT
Bernúy de Porreros,ES,Lisbon,PT
Lavra,PT,Lisbon,PT
Abuja,NG,Lisbon,PT
Sotogrande,ES,Lisbon,PT
Leça da Palmeira,PT,Lisbon,PT
Bolgatanga,GH,Lisbon,PT
Amora,PT,Lisbon,PT
Benavente,PT,Lisbon,PT
Pinhal Novo,PT,Lisbon,PT
Punta Umbría,ES,Lisbon,PT
Talavera La Real,ES,Lisbon,PT
Alcalá de Guadaira,ES,Lisbon,PT
Ribeirão,PT,Lisbon,PT
Valpaços,PT,Lisbon,PT
São João da Talha,PT,Lisbon,PT
Evora,PT,Lisbon,PT
Massamá,PT,Lisbon,PT
Sal Rei,CV,Lisbon,PT
Baiona,ES,Lisbon,PT
Ibadan,NG,Lisbon,PT
Serzedo,PT,Lisbon,PT
Vale de Santarém,PT,Lisbon,PT
Cruz Santa,ES,Lisbon,PT
Santo Antão do Tojal,PT,Lisbon,PT
Quinta Do Conde,PT,Lisbon,PT
Mogege,PT,Lisbon,PT
La Cala De Mijas,ES,Lisbon,PT
Óbidos,PT,Lisbon,PT
Conil de la Frontera,ES,Lisbon,PT
Santiago del Teide,ES,Lisbon,PT
Póvoa de Santa Iria,PT,Lisbon,PT
Puebla de Obando,ES,Lisbon,PT
Santa Úrsula,ES,Lisbon,PT
Fânzeres,PT,Lisbon,PT
Kasoa,GH,Lisbon,PT
Cartaxo,PT,Lisbon,PT
Sada,ES,Lisbon,PT
Valencia,ES,Lisbon,PT
Banjul,GM,Lisbon,PT
Torremayor,ES,Lisbon,PT
Camas,ES,Lisbon,PT
Pombas,CV,Lisbon,PT
Chipiona,ES,Lisbon,PT
Villanueva de la Serena,ES,Lisbon,PT
Rota,ES,Lisbon,PT
Mareco,PT,Lisbon,PT
Toril,CV,Lisbon,PT
Maceda,ES,Lisbon,PT
Chío,ES,Lisbon,PT
Torreira,PT,Lisbon,PT
Bollullos de la Mitación,ES,Lisbon,PT
Estômbar,PT,Lisbon,PT
Lordelo,PT,Lisbon,PT
Ordes,ES,Lisbon,PT
Amarante,PT,Lisbon,PT
Mezquitilla,ES,Lisbon,PT
La Rinconada,ES,Lisbon,PT
Boa Vista,PT,Lisbon,PT
Carnaxide,PT,Lisbon,PT
Vigo,ES,Lisbon,PT
Bornos,ES,Lisbon,PT
Vila do Maio,CV,Lisbon,PT
Santarém,PT,Lisbon,PT
Bueu,ES,Lisbon,PT
Pedroso,PT,Lisbon,PT
Cercs,ES,Lisbon,PT
Aveiro,PT,Lisbon,PT
Coimbra,PT,Lisbon,PT
Queimada,CV,Lisbon,PT
São João da Madeira,PT,Lisbon,PT
Guia,ES,Lisbon,PT
Corroios,PT,Lisbon,PT
Pero Pinheiro,PT,Lisbon,PT
São Filipe,CV,Lisbon,PT
Valbom,PT,Lisbon,PT
Vila Nova de Gaia,PT,Lisbon,PT
Carrizal,ES,Lisbon,PT
Barrika,ES,Lisbon,PT
Moita,PT,Lisbon,PT
Castelões,PT,Lisbon,PT
Redován,ES,Lisbon,PT
Oliveira do Douro,PT,Lisbon,PT
Samora Correia,PT,Lisbon,PT
Ouidah,BJ,Lisbon,PT
Ribeira Brava,CV,Lisbon,PT
Olival,PT,Lisbon,PT
Tanque,ES,Lisbon,PT
Ponte de Lima,PT,Lisbon,PT
Castilleja de Guzmán,ES,Lisbon,PT
Serzedelo,PT,Lisbon,PT
O Grove,ES,Lisbon,PT
Vale de Cambra,PT,Lisbon,PT
Rochdale,GB,London,GB
Lowestoft,GB,London,GB
Smethwick,GB,London,GB
Haslemere,GB,London,GB
Taunton,GB,London,GB
City of London,GB,London,GB
Paisley,GB,London,GB
Norwich,GB,London,GB
Stretford,GB,London,GB
Walsall,GB,London,GB
Bermondsey,GB,London,GB
Colchester,GB,London,GB
South Shields,GB,London,GB
Cambridge,GB,London,GB
Ayr,GB,London,GB
Surbiton,GB,London,GB
Chigwell,GB,London,GB
Longfield,GB,London,GB
Horncastle,GB,London,GB
Bromley,GB,London,GB
Barnet,GB,London,GB
Chorley,GB,London,GB
Macclesfield,GB,London,GB
Hamble,GB,London,GB
Amersham,GB,London,GB
Hertfordshire,GB,London,GB
Telford,GB,London,GB
Swansea,GB,London,GB
Great Yarmouth,GB,London,GB
Petworth,GB,London,GB
Kingswinford,GB,London,GB
Esher,GB,London,GB
Jizzakh,UZ,London,GB
Harlesden,GB,London,GB
Langueux,FR,London,GB
Sunderland,GB,London,GB
Honiton,GB,London,GB
Thame,GB,London,GB
Daventry,GB,London,GB
Wilmslow,GB,London,GB
Halifax,GB,London,GB
Gloucester,GB,London,GB
Basingstoke,GB,London,GB
Cheltenham,GB,London,GB
Devon,GB,London,GB
Morpeth,GB,London,GB
Saltburn-by-the-Sea,GB,London,GB
Fulham,GB,London,GB
Maidenhead,GB,London,GB
Hitchin,GB,London,GB
Coventry,GB,London,GB
Oxted,GB,London,GB
Nuneaton,GB,London,GB
Newport,GB,London,GB
Wembley,GB,London,GB
Warrington,GB,London,GB
Lambeth,GB,London,GB
Gagny,FR,London,GB
Grimsby,GB,London,GB
Hemel Hempstead,GB,London,GB
Kenilworth,GB,London,GB
Hartlepool,GB,London,GB
Rugby,GB,London,GB
Pudsey,GB,London,GB
Wellesbourne,GB,London,GB
Loughborough,GB,London,GB
Brigg,GB,London,GB
Croydon,GB,London,GB
Fakenham,GB,London,GB
St Athan,GB,London,GB
Canary Wharf,GB,London,GB
Cleethorpes,GB,London,GB
Hobson,GB,London,GB
Stevenage,GB,London,GB
Leicestershire,GB,London,GB
Kidderminster,GB,London,GB
Cleckheaton,GB,London,GB
Carrigallen,IE,London,GB
Hayes,GB,London,GB
Poole,GB,London,GB
Middlesbrough,GB,London,GB
Winchester,GB,London,GB
Stamford,GB,London,GB
Aberdeen,GB,London,GB
Carlisle,GB,London,GB
Limerick,IE,London,GB
Measham,GB,London,GB
Twickenham,GB,London,GB
Maldon,GB,London,GB
Marlow,GB,London,GB
Kilmarnock,GB,London,GB
Romsey,GB,London,GB
Tilbury,GB,London,GB
Wolverton,GB,London,GB
Reading,GB,London,GB
Newhaven,GB,London,GB
Kensington,GB,London,GB
Adelzhausen,DE,London,GB
Longford,GB,London,GB
Wigston Parva,GB,London,GB
Kings Lynn,GB,London,GB
Stockwell,GB,London,GB
Camden,GB,London,GB
Swanscombe,GB,London,GB
Rueil-Malmaison,FR,London,GB
Brierley Hill,GB,London,GB
Luton,GB,London,GB
Tonypandy,GB,London,GB
Dunstable,GB,London,GB
Waltham Forest,GB,London,GB
Bournemouth,GB,London,GB
Dagenham,GB,London,GB
London,GB,London,GB
Hove,GB,London,GB
Stratford-upon-Avon,GB,London,GB
Irvine,GB,London,GB
Brent,GB,London,GB
Bristol,GB,London,GB
Poplar,GB,London,GB
St Peter Port,GG,London,GB
Greenwich,GB,London,GB
Sheldon,GB,London,GB
Peterborough,GB,London,GB
Beaconsfield,GB,London,GB
Nottingham,GB,London,GB
Northwich,GB,London,GB
Witham,GB,London,GB
Watford,GB,London,GB
Paignton,GB,London,GB
Bridgwater,GB,London,GB
Leyland,GB,London,GB
Newport Pagnell,GB,London,GB
Barnsley,GB,London,GB
Bourg-la-Reine,FR,London,GB
Harrow,GB,London,GB
Glasgow,GB,London,GB
Cardiff,GB,London,GB
Beijing,CN,London,GB
Chelmsford,GB,London,GB
Poyle,GB,London,GB
North Shields,GB,London,GB
Trowbridge,GB,London,GB
West Grinstead,GB,London,GB
Scarborough,GB,London,GB
Chatham,GB,London,GB
Harringay,GB,London,GB
Hatfield,GB,London,GB
Dunbridge,GB,London,GB
Kidlington,GB,London,GB
Fairfield,GB,London,GB
Southampton,GB,London,GB
Corsham,GB,London,GB
Feltham,GB,London,GB
Reykjavik,IS,London,GB
Burnley,GB,London,GB
Stockton-on-Tees,GB,London,GB
Schlangen,DE,London,GB
Carnaby,GB,London,GB
Worcester,GB,London,GB
Ely,GB,London,GB
Beckenham,GB,London,GB
Camberley,GB,London,GB
Heworth,GB,London,GB
Brentwood,GB,London,GB
Whitechapel,GB,London,GB
Binfield,GB,London,GB
Uckfield,GB,London,GB
Hammersmith,GB,London,GB
Cecilstown,IE,London,GB
Woking,GB,London,GB
Lancaster,GB,London,GB
Bury St Edmunds,GB,London,GB
Gateshead,GB,London,GB
Bedford,GB,London,GB
Ilfracombe,GB,London,GB
Spalding,GB,London,GB
Tadley,GB,London,GB
Swindon,GB,London,GB
Wandsworth,GB,London,GB
High Wycombe,GB,London,GB
South Woodford,GB,London,GB
Cloyne,IE,London,GB
Wirral,GB,London,GB
Kelvedon,GB,London,GB
Grantham,GB,London,GB
Rochester,GB,London,GB
Bubwith,GB,London,GB
St Albans,GB,London,GB
Courtfield,GB,London,GB
Billingham,GB,London,GB
Aylesbury,GB,London,GB
Clitheroe,GB,London,GB
Fitzrovia,GB,London,GB
Greenhithe,GB,London,GB
Oxford,GB,London,GB
Blackburn,GB,London,GB
Ashford,GB,London,GB
West Drayton,GB,London,GB
Carterton,GB,London,GB
Southsea,GB,London,GB
Brighton,GB,London,GB
Cheadle,GB,London,GB
Worthing,GB,London,GB
Neasden,GB,London,GB
Stafford,GB,London,GB
Chiswick,GB,London,GB
Halesowen,GB,London,GB
Hoevelaken,NL,London,GB
Basildon,GB,London,GB
Wantage,GB,London,GB
Isleworth,GB,London,GB
Huddersfield,GB,London,GB
Hackney,GB,London,GB
Ilford,GB,London,GB
Banbury,GB,London,GB
Louth,GB,London,GB
Leicester,GB,London,GB
Douglas,IM,London,GB
Aldershot,GB,London,GB
Hull,GB,London,GB
Slough,GB,London,GB
Hanwell,GB,London,GB
Saint Columb Major,GB,London,GB
Newmarket,GB,London,GB
Rotherham,GB,London,GB
Rickmansworth,GB,London,GB
Eastbourne,GB,London,GB
City of Westminster,GB,London,GB
Quainton,GB,London,GB
Shipley,GB,London,GB
Dartford,GB,London,GB
Milton,GB,London,GB
Barking,GB,London,GB
Abingdon,GB,London,GB
Buckinghamshire,GB,London,GB
Chaignes,FR,London,GB
Didcot,GB,London,GB
Hoddesdon,GB,London,GB
Utrecht,NL,London,GB
Bradford,GB,London,GB
Neuss,DE,London,GB
Southwark,GB,London,GB
Portsmouth,GB,London,GB
Thatcham,GB,London,GB
Sutton,GB,London,GB
Plymouth,GB,London,GB
Chesterfield,GB,London,GB
Redhill,GB,London,GB
Weybridge,GB,London,GB
Oldham,GB,London,GB
Islington,GB,London,GB
Huntington,GB,London,GB
Grays,GB,London,GB
Kingston upon Thames,GB,London,GB
Farnborough,GB,London,GB
Northampton,GB,London,GB
South Ockendon,GB,London,GB
Harpenden,GB,London,GB
Newcastle upon Tyne,GB,London,GB
Bracknell,GB,London,GB
Barbican,GB,London,GB
Ealing,GB,London,GB
Caerphilly,GB,London,GB
Sidcup,GB,London,GB
Dudley,GB,London,GB
Westbury,GB,London,GB
Thames Ditton,GB,London,GB
Eastleigh,GB,London,GB
Loughton,GB,London,GB
Southend-on-Sea,GB,London,GB
Biggleswade,GB,London,GB
Newham,GB,London,GB
Orpington,GB,London,GB
Reigate,GB,London,GB
Dover,GB,London,GB
Wakefield,GB,London,GB
Southam,GB,London,GB
Shildon,GB,London,GB
Birmingham,GB,London,GB
Dublin,IE,London,GB
Horley,GB,London,GB
Milton Keynes,GB,London,GB
Harlow,GB,London,GB
Hounslow,GB,London,GB
Brittany,FR,London,GB
Kilmaine,IE,London,GB
Derby,GB,London,GB
Stockport,GB,London,GB
Bolton,GB,London,GB
Newbury,GB,London,GB
Kettering,GB,London,GB
Coggeshall,GB,London,GB
Liverpool,GB,London,GB
West Bromwich,GB,London,GB
Newton Aycliffe,GB,London,GB
Enfield,GB,London,GB
Warwick,GB,London,GB
Rathkeale,IE,London,GB
Staines-upon-Thames,GB,London,GB
Leatherhead,GB,London,GB
Exeter,GB,London,GB
Oostkamp,BE,London,GB
Orestiáda,GR,London,GB
Buckingham,GB,London,GB
Fraserburgh,GB,London,GB
Droitwich,GB,London,GB
Crewe,GB,London,GB
Welwyn Garden City,GB,London,GB
Ilkeston,GB,London,GB
Chertsey,GB,London,GB
Hersham,GB,London,GB
Newtownabbey,GB,London,GB
Gaydon,GB,London,GB
Redditch,GB,London,GB
Falkirk,GB,London,GB
Doncaster,GB,London,GB
Borehamwood,GB,London,GB
Bushey,GB,London,GB
East Grinstead,GB,London,GB
Fetcham,GB,London,GB
Guildford,GB,London,GB
Sheffield,GB,London,GB
Leeds,GB,London,GB
Knottingley,GB,London,GB
Birkenhead,GB,London,GB
Tower Hamlets,GB,London,GB
Wingfield,GB,London,GB
Aichach,DE,London,GB
York,GB,London,GB
Marlborough,GB,London,GB
Ashington,GB,London,GB
Bedworth,GB,London,GB
El Centro,US,Los Angeles,US
Walnut,US,Los Angeles,US
Upland,US,Los Angeles,US
Chula Vista,US,Los Angeles,US
Cananea,MX,Los Angeles,US
Oxnard,US,Los Angeles,US
Fontana,US,Los Angeles,US
Carlsbad,US,Los Angeles,US
Hesperia,US,Los Angeles,US
Fullerton,US,Los Angeles,US
Glendora,US,Los Angeles,US
Palm Desert,US,Los Angeles,US
San Felipe,MX,Los Angeles,US
Rancho Mirage,US,Los Angeles,US
Azusa,US,Los Angeles,US
Newport Beach,US,Los Angeles,US
Agoura,US,Los Angeles,US
Palmdale,US,Los Angeles,US
Willcox,US,Los Angeles,US
Rancho Cucamonga,US,Los Angeles,US
Scottsdale,US,Los Angeles,US
Montebello,US,Los Angeles,US
Pabellón de Hidalgo,MX,Los Angeles,US
La Puente,US,Los Angeles,US
Palm Springs,US,Los Angeles,US
Williamsburg,US,Los Angeles,US
Camalú,MX,Los Angeles,US
San Luis Río Colorado,MX,Los Angeles,US
Virginia Beach,US,Los Angeles,US
Sherman Oaks,US,Los Angeles,US
Camarillo,US,Los Angeles,US
Rancho Santa Margarita,US,Los Angeles,US
Indio,US,Los Angeles,US
Bellflower,US,Los Angeles,US
Homeland,US,Los Angeles,US
Tecate,MX,Los Angeles,US
Ramah,US,Los Angeles,US
Edwardsville,US,Los Angeles,US
Compton,US,Los Angeles,US
Chandler,US,Los Angeles,US
Los Angeles,US,Los Angeles,US
San Juan Capistrano,US,Los Angeles,US
Chino Hills,US,Los Angeles,US
Murrieta,US,Los Angeles,US
San Bernardino,US,Los Angeles,US
West Covina,US,Los Angeles,US
San José del Cabo,MX,Los Angeles,US
Huntington Park,US,Los Angeles,US
Tulalip,US,Los Angeles,US
San Ysidro,US,Los Angeles,US
Surprise,US,Los Angeles,US
Pomona,US,Los Angeles,US
Venice,US,Los Angeles,US
Lynwood,US,Los Angeles,US
Panorama City,US,Los Angeles,US
Torrance,US,Los Angeles,US
Tallahassee,US,Los Angeles,US
Chatsworth,US,Los Angeles,US
Hemet,US,Los Angeles,US
Huachuca City,US,Los Angeles,US
Granada Hills,US,Los Angeles,US
Northridge,US,Los Angeles,US
Long Beach,US,Los Angeles,US
Yorba Linda,US,Los Angeles,US
La Jolla,US,Los Angeles,US
Gardena,US,Los Angeles,US
Boyds,US,Los Angeles,US
City of Industry,US,Los Angeles,US
Thousand Oaks,US,Los Angeles,US
San Luis,US,Los Angeles,US
Madison,US,Los Angeles,US
Aliso Viejo,US,Los Angeles,US
Bell Gardens,US,Los Angeles,US
San Marcos,US,Los Angeles,US
Santa Barbara,US,Los Angeles,US
Vallejo,US,Los Angeles,US
O'Fallon,US,Los Angeles,US
Del Mar,US,Los Angeles,US
Redlands,US,Los Angeles,US
Woodland Hills,US,Los Angeles,US
Acatlán de Juárez,MX,Los Angeles,US
Mexicali,MX,Los Angeles,US
Chino,US,Los Angeles,US
Cave Creek,US,Los Angeles,US
Pacific Palisades,US,Los Angeles,US
Tabwakea Village,KI,Los Angeles,US
Flemington,US,Los Angeles,US
Sumter,US,Los Angeles,US
Laguna Beach,US,Los Angeles,US
Unión de Crédito Agrícola de Hermosillo,MX,Los Angeles,US
North Hollywood,US,Los Angeles,US
Sylmar,US,Los Angeles,US
Reeds Spring,US,Los Angeles,US
Lake Elsinore,US,Los Angeles,US
Huehuetoca,MX,Los Angeles,US
Tustin,US,Los Angeles,US
Downey,US,Los Angeles,US
Brea,US,Los Angeles,US
Pacoima,US,Los Angeles,US
Magdalena de Kino,MX,Los Angeles,US
Ignacio Zaragoza,MX,Los Angeles,US
Ash Fork,US,Los Angeles,US
Manhattan Beach,US,Los Angeles,US
Paso Robles,US,Los Angeles,US
Studio City,US,Los Angeles,US
La Cañada Flintridge,US,Los Angeles,US
Valley Village,US,Los Angeles,US
Burbank,US,Los Angeles,US
Winchester,US,Los Angeles,US
San Quintín,MX,Los Angeles,US
La Palma,US,Los Angeles,US
San Jacinto,US,Los Angeles,US
Newbury Park,US,Los Angeles,US
La Ventana (Josefa Ortiz de Domínguez),MX,Los Angeles,US
Mission Viejo,US,Los Angeles,US
Huntington Beach,US,Los Angeles,US
Apple Valley,US,Los Angeles,US
Westland,US,Los Angeles,US
McLean,US,Los Angeles,US
Pasadena,US,Los Angeles,US
Porterville,US,Los Angeles,US
Union City,US,Los Angeles,US
Junction City,US,Los Angeles,US
Monrovia,US,Los Angeles,US
Parks,US,Los Angeles,US
Shafter,US,Los Angeles,US
Fallbrook,US,Los Angeles,US
Carson,US,Los Angeles,US
Lawndale,US,Los Angeles,US
Marana,US,Los Angeles,US
Colton,US,Los Angeles,US
Cunduacán,MX,Los Angeles,US
Green Valley,US,Los Angeles,US
Stoneham,US,Los Angeles,US
Foothill Ranch,US,Los Angeles,US
Riverside,US,Los Angeles,US
Yuma,US,Los Angeles,US
Nuevo Hermosillo,MX,Los Angeles,US
Stanton,US,Los Angeles,US
Casa Grande,US,Los Angeles,US
Perris,US,Los Angeles,US
Culver City,US,Los Angeles,US
Irvine,US,Los Angeles,US
Moreno Valley,US,Los Angeles,US
Tijuana,MX,Los Angeles,US
Morenci,US,Los Angeles,US
North Hills,US,Los Angeles,US
Lake Forest,US,Los Angeles,US
Guaymas,MX,Los Angeles,US
La Mesa,US,Los Angeles,US
Sedona,US,Los Angeles,US
San Gabriel,US,Los Angeles,US
San Clemente,US,Los Angeles,US
Ventura,US,Los Angeles,US
Lucerne Valley,US,Los Angeles,US
Highland,US,Los Angeles,US
North Las Vegas,US,Los Angeles,US
Arizona City,US,Los Angeles,US
Vista,US,Los Angeles,US
Poway,US,Los Angeles,US
Santa Clarita,US,Los Angeles,US
Grass Valley,US,Los Angeles,US
Minneapolis,US,Los Angeles,US
Fountain Valley,US,Los Angeles,US
Van Nuys,US,Los Angeles,US
Commerce,US,Los Angeles,US
La Mirada,US,Los Angeles,US
Diamond Bar,US,Los Angeles,US
Santa Ana,US,Los Angeles,US
Wauchula,US,Los Angeles,US
Buckeye,US,Los Angeles,US
Wildomar,US,Los Angeles,US
Wasco,US,Los Angeles,US
Menifee,US,Los Angeles,US
Alhambra,US,Los Angeles,US
Heroica Caborca,MX,Los Angeles,US
Auberry,US,Los Angeles,US
Beverly Hills,US,Los Angeles,US
Flagstaff,US,Los Angeles,US
Rosemead,US,Los Angeles,US
Anaheim,US,Los Angeles,US
Calexico,US,Los Angeles,US
El Segundo,US,Los Angeles,US
Prescott,US,Los Angeles,US
Granjas Familiares la Paz,MX,Los Angeles,US
Nashville,US,Los Angeles,US
Orange,US,Los Angeles,US
Whittier,US,Los Angeles,US
Delano,US,Los Angeles,US
Oceanside,US,Los Angeles,US
Mexicali Municipality,MX,Los Angeles,US
Santa Monica,US,Los Angeles,US
Las Vegas,US,Los Angeles,US
Rancho Santa Fe,US,Los Angeles,US
Victorville,US,Los Angeles,US
Queen Creek,US,Los Angeles,US
Los Alamitos,US,Los Angeles,US
Ensenada,MX,Los Angeles,US
St. George,US,Los Angeles,US
Rialto,US,Los Angeles,US
Newhall,US,Los Angeles,US
Eloy,US,Los Angeles,US
General Bravo,MX,Los Angeles,US
Marina del Rey,US,Los Angeles,US
Nellis Air Force Base,US,Los Angeles,US
Goleta,US,Los Angeles,US
Westminster,US,Los Angeles,US
Eastvale,US,Los Angeles,US
Costa Mesa,US,Los Angeles,US
Mendota Heights,US,Los Angeles,US
West Hollywood,US,Los Angeles,US
Escondido,US,Los Angeles,US
Lehigh Acres,US,Los Angeles,US
Phelan,US,Los Angeles,US
Encinitas,US,Los Angeles,US
El Monte,US,Los Angeles,US
Corona,US,Los Angeles,US
Cerritos,US,Los Angeles,US
Kingman,US,Los Angeles,US
Ontario,US,Los Angeles,US
Hawthorne,US,Los Angeles,US
Buena Park,US,Los Angeles,US
Yucaipa,US,Los Angeles,US
Ramos Arizpe Municipality,MX,Los Angeles,US
Montecito,US,Los Angeles,US
Santa Fe Springs,US,Los Angeles,US
Glendale,US,Los Angeles,US
Westlake Village,US,Los Angeles,US
Toluca Lake,US,Los Angeles,US
Kernersville,US,Los Angeles,US
Burriana,ES,Madrid,ES
Altea,ES,Madrid,ES
Laguardia,ES,Madrid,ES
Villalba del Alcor,ES,Madrid,ES
Olocau,ES,Madrid,ES
Manresa,ES,Madrid,ES
Toro,ES,Madrid,ES
Mataró,ES,Madrid,ES
Coín,ES,Madrid,ES
El Sauzal,ES,Madrid,ES
San Vicente de Alcántara,ES,Madrid,ES
Loiu,ES,Madrid,ES
La Pobla de Farnals,ES,Madrid,ES
Ibiza Town,ES,Madrid,ES
Rasines,ES,Madrid,ES
Elgoibar,ES,Madrid,ES
Trigueros,ES,Madrid,ES
Algarrobo,ES,Madrid,ES
Membrilla,ES,Madrid,ES
Jugo,ES,Madrid,ES
Albelda de Iregua,ES,Madrid,ES
Corbera de Llobregat,ES,Madrid,ES
Constantina,ES,Madrid,ES
San Cristóbal de Segovia,ES,Madrid,ES
Navalcarnero,ES,Madrid,ES
Utebo,ES,Madrid,ES
Cistérniga,ES,Madrid,ES
Alcalá de Henares,ES,Madrid,ES
Blanes,ES,Madrid,ES
Arboleas,ES,Madrid,ES
Baeza,ES,Madrid,ES
Lugo,ES,Madrid,ES
Alhabia,ES,Madrid,ES
Colindres,ES,Madrid,ES
Lucena,ES,Madrid,ES
Los Abrigos,ES,Madrid,ES
Campohermoso,ES,Madrid,ES
Leioa,ES,Madrid,ES
Marinaleda,ES,Madrid,ES
Catarroja,ES,Madrid,ES
Solsona,ES,Madrid,ES
Ugena,ES,Madrid,ES
l'Alfàs del Pi,ES,Madrid,ES
Casarrubios del Monte,ES,Madrid,ES
Torrevieja,ES,Madrid,ES
Monterrubio de Armuña,ES,Madrid,ES
Celrà,ES,Madrid,ES
Legutio,ES,Madrid,ES
Alcázar de San Juan,ES,Madrid,ES
Langreo,ES,Madrid,ES
Benahavís,ES,Madrid,ES
Casarrubuelos,ES,Madrid,ES
Sant Joan Despí,ES,Madrid,ES
La Fortuna,ES,Madrid,ES
Ordizia,ES,Madrid,ES
Derio,ES,Madrid,ES
San Luis de Sabinillas,ES,Madrid,ES
Las Rozas de Madrid,ES,Madrid,ES
Atarfe,ES,Madrid,ES
Güimar,ES,Madrid,ES
Vilamarxant,ES,Madrid,ES
Mancha Real,ES,Madrid,ES
Peñafiel,ES,Madrid,ES
Valverde del Camino,ES,Madrid,ES
Miguel Esteban,ES,Madrid,ES
Piedralaves,ES,Madrid,ES
Alquerías,ES,Madrid,ES
Vélez-Málaga,ES,Madrid,ES
Oion / Oyón,ES,Madrid,ES
Ortuella,ES,Madrid,ES
Archena,ES,Madrid,ES
Sotoserrano,ES,Madrid,ES
Garai,ES,Madrid,ES
Picanya,ES,Madrid,ES
Zahara de la Sierra,ES,Madrid,ES
Zuera,ES,Madrid,ES
Mengabril,ES,Madrid,ES
Castell de Ferro,ES,Madrid,ES
Sodupe,ES,Madrid,ES
Granadilla de Abona,ES,Madrid,ES
Maspalomas,ES,Madrid,ES
Castellar de Santiago,ES,Madrid,ES
Berriozar,ES,Madrid,ES
Móstoles,ES,Madrid,ES
Marines el Viejo,ES,Madrid,ES
Alboraya,ES,Madrid,ES
Palazuelos de Eresma,ES,Madrid,ES
Cardedeu,ES,Madrid,ES
Olesa de Montserrat,ES,Madrid,ES
Alpedrete,ES,Madrid,ES
Alosno,ES,Madrid,ES
Monterroso,ES,Madrid,ES
Astrabudua,ES,Madrid,ES
Tarazona,ES,Madrid,ES
Villaricos,ES,Madrid,ES
Llíria,ES,Madrid,ES
Avileses,ES,Madrid,ES
Jabugo,ES,Madrid,ES
Urnieta,ES,Madrid,ES
San Sebastián de los Reyes,ES,Madrid,ES
Ourense,ES,Madrid,ES
Martorell,ES,Madrid,ES
Crevillent,ES,Madrid,ES
Estivella,ES,Madrid,ES
Calvià,ES,Madrid,ES
Alaquàs,ES,Madrid,ES
Padrón,ES,Madrid,ES
Orihuela,ES,Madrid,ES
Valdepeñas,ES,Madrid,ES
Aldeamayor de San Martín,ES,Madrid,ES
Gines,ES,Madrid,ES
Calasparra,ES,Madrid,ES
Eibar,ES,Madrid,ES
Moguer,ES,Madrid,ES
Bollullos de la Mitación,ES,Madrid,ES
Ondara,ES,Madrid,ES
Cazalla de la Sierra,ES,Madrid,ES
Cadrete,ES,Madrid,ES
Sanet y Negrals,ES,Madrid,ES
Beriáin,ES,Madrid,ES
Calahorra,ES,Madrid,ES
Pontevedra,ES,Madrid,ES
Landa,ES,Madrid,ES
Cabañaquinta,ES,Madrid,ES
Erandio,ES,Madrid,ES
Casariche,ES,Madrid,ES
Don Benito,ES,Madrid,ES
Beasain,ES,Madrid,ES
Montaña Alta,ES,Madrid,ES
Turre,ES,Madrid,ES
Albolote,ES,Madrid,ES
Sant Cugat del Vallès,ES,Madrid,ES
Melide,ES,Madrid,ES
Gironella,ES,Madrid,ES
Torrelavega,ES,Madrid,ES
Azpeitia,ES,Madrid,ES
Arnas,PT,Madrid,ES
Mungia,ES,Madrid,ES
Capellades,ES,Madrid,ES
Telde,ES,Madrid,ES
Soria,ES,Madrid,ES
Palma del Río,ES,Madrid,ES
Villares de la Reina,ES,Madrid,ES
Carral,ES,Madrid,ES
Erbera,ES,Madrid,ES
Pinos Genil,ES,Madrid,ES
Aracena,ES,Madrid,ES
Rojales,ES,Madrid,ES
Adra,ES,Madrid,ES
Totana,ES,Madrid,ES
Alberic,ES,Madrid,ES
Chiva,ES,Madrid,ES
Pamplona,ES,Madrid,ES
Piedras Blancas,ES,Madrid,ES
Caserío de Canaletas,ES,Madrid,ES
Cubas,ES,Madrid,ES
Osuna,ES,Madrid,ES
Linares,ES,Madrid,ES
Ingenio,ES,Madrid,ES
Torrellano,ES,Madrid,ES
Isla Cristina,ES,Madrid,ES
Binissalem,ES,Madrid,ES
Hernani,ES,Madrid,ES
Arroyo de la Luz,ES,Madrid,ES
Antzuola,ES,Madrid,ES
Foios,ES,Madrid,ES
Cájar,ES,Madrid,ES
Zamora,ES,Madrid,ES
Los Realejos,ES,Madrid,ES
Fuente de Piedra,ES,Madrid,ES
Villafranca de Córdoba,ES,Madrid,ES
Paterna,ES,Madrid,ES
Sangüesa,ES,Madrid,ES
Cazorla,ES,Madrid,ES
San Vicente de Arévalo,ES,Madrid,ES
Pola de Lena,ES,Madrid,ES
Denia,ES,Madrid,ES
Sant Martí de Maldà,ES,Madrid,ES
Olot,ES,Madrid,ES
Pilas,ES,Madrid,ES
Bárcena de Cicero,ES,Madrid,ES
Vilafant,ES,Madrid,ES
Daganzo de Arriba,ES,Madrid,ES
Granada,ES,Madrid,ES
Zamudio,ES,Madrid,ES
Platja d'Aro,ES,Madrid,ES
María de Huerva,ES,Madrid,ES
Cullar,ES,Madrid,ES
Arroyo de la Encomienda,ES,Madrid,ES
Gernika-Lumo,ES,Madrid,ES
Ejea de los Caballeros,ES,Madrid,ES
Fuensanta de Martos,ES,Madrid,ES
Retamar,ES,Madrid,ES
Morga,ES,Madrid,ES
Las Torres de Cotillas,ES,Madrid,ES
Noáin,ES,Madrid,ES
Santa Brígida,ES,Madrid,ES
Gandia,ES,Madrid,ES
Torrijos,ES,Madrid,ES
Vecindario,ES,Madrid,ES
Sueca,ES,Madrid,ES
Aguadulce,ES,Madrid,ES
Rincón de la Victoria,ES,Madrid,ES
Sucs,ES,Madrid,ES
Armilla,ES,Madrid,ES
Elche,ES,Madrid,ES
Benaguasil,ES,Madrid,ES
Pozo Estrecho,ES,Madrid,ES
Quesada,ES,Madrid,ES
Portugalete,ES,Madrid,ES
Almonte,ES,Madrid,ES
Cangas,ES,Madrid,ES
Massanassa,ES,Madrid,ES
Camarena,ES,Madrid,ES
El Parador de las Hortichuelas,ES,Madrid,ES
Loriguilla,ES,Madrid,ES
Sotillo de la Adrada,ES,Madrid,ES
Láchar,ES,Madrid,ES
Massalfassar,ES,Madrid,ES
Aldeatejada,ES,Madrid,ES
Ávila,ES,Madrid,ES
Grado,ES,Madrid,ES
Igualada,ES,Madrid,ES
Sant Antoni de Portmany,ES,Madrid,ES
Tarragona,ES,Madrid,ES
Antequera,ES,Madrid,ES
Adamuz,ES,Madrid,ES
Murcia,ES,Madrid,ES
Viator,ES,Madrid,ES
Benavente,ES,Madrid,ES
Sangonera la Verde,ES,Madrid,ES
Zafra,ES,Madrid,ES
Mengibar,ES,Madrid,ES
Las Navas del Marqués,ES,Madrid,ES
Puig-reig,ES,Madrid,ES
Fornos de Algodres,PT,Madrid,ES
Abrera,ES,Madrid,ES
San Vicent del Raspeig,ES,Madrid,ES
Viveda,ES,Madrid,ES
Kortezubi,ES,Madrid,ES
Lorca,ES,Madrid,ES
Puerto de la Cruz,ES,Madrid,ES
Galapagar,ES,Madrid,ES
Ojén,ES,Madrid,ES
Puente-Genil,ES,Madrid,ES
Almacelles,ES,Madrid,ES
Mislata,ES,Madrid,ES
Vic,ES,Madrid,ES
Aceuchal,ES,Madrid,ES
Paracuellos de Jarama,ES,Madrid,ES
Roquetas de Mar,ES,Madrid,ES
Amorebieta,ES,Madrid,ES
Abarán,ES,Madrid,ES
Sant Jordi,ES,Madrid,ES
Cartagena,ES,Madrid,ES
Culleredo,ES,Madrid,ES
Molíns,ES,Madrid,ES
Żabbar,MT,Madrid,ES
Tavernes de la Valldigna,ES,Madrid,ES
Oiartzun,ES,Madrid,ES
Segorbe,ES,Madrid,ES
Las Palmas de Gran Canaria,ES,Madrid,ES
Badolatosa,ES,Madrid,ES
Malpica,ES,Madrid,ES
Colmenarejo,ES,Madrid,ES
la Nucia,ES,Madrid,ES
Andoain,ES,Madrid,ES
Onil,ES,Madrid,ES
Dúrcal,ES,Madrid,ES
L'Entregu/El Entrego,ES,Madrid,ES
Barranda,ES,Madrid,ES
Cáceres,ES,Madrid,ES
Girona,ES,Madrid,ES
Bullas,ES,Madrid,ES
Rivas-Vaciamadrid,ES,Madrid,ES
Olivares,ES,Madrid,ES
Javalí Nuevo,ES,Madrid,ES
Cebreros,ES,Madrid,ES
Coria del Río,ES,Madrid,ES
Benisanó,ES,Madrid,ES
San Javier,ES,Madrid,ES
Yuncos,ES,Madrid,ES
Tres Cantos,ES,Madrid,ES
Mequinensa / Mequinenza,ES,Madrid,ES
Utrera,ES,Madrid,ES
Moratalla,ES,Madrid,ES
Gabia la Grande,ES,Madrid,ES
Mula,ES,Madrid,ES
La Palma del Condado,ES,Madrid,ES
La Pobla de Claramunt,ES,Madrid,ES
Villacastín,ES,Madrid,ES
Veiga,ES,Madrid,ES
Mojados,ES,Madrid,ES
Tudela,ES,Madrid,ES
Huétor Vega,ES,Madrid,ES
Alora,ES,Madrid,ES
Partaloa,ES,Madrid,ES
Torredembarra,ES,Madrid,ES
Santa Marta de Ortigueira,ES,Madrid,ES
León,ES,Madrid,ES
Torres,ES,Madrid,ES
Camargo,ES,Madrid,ES
Benizar,ES,Madrid,ES
Tafalla,ES,Madrid,ES
Istán,ES,Madrid,ES
Enguera,ES,Madrid,ES
Torre del Campo,ES,Madrid,ES
Negreira,ES,Madrid,ES
Ayamonte,ES,Madrid,ES
Alfafar,ES,Madrid,ES
Mazarrón,ES,Madrid,ES
Pueyo,ES,Madrid,ES
Cesuras,ES,Madrid,ES
Villaquilambre,ES,Madrid,ES
Arganda,ES,Madrid,ES
Pedro Muñoz,ES,Madrid,ES
Salou,ES,Madrid,ES
Agüimes,ES,Madrid,ES
Miranda de Ebro,ES,Madrid,ES
Cadaqués,ES,Madrid,ES
Montoro,ES,Madrid,ES
Morón de la Frontera,ES,Madrid,ES
Liaño,ES,Madrid,ES
Villa del Río,ES,Madrid,ES
Torelló,ES,Madrid,ES
Villanueva del Ariscal,ES,Madrid,ES
Alcàsser,ES,Madrid,ES
Forua,ES,Madrid,ES
Torremolinos,ES,Madrid,ES
Zaratamo,ES,Madrid,ES
Eskoriatza,ES,Madrid,ES
Ochavillo del Río,ES,Madrid,ES
Mairena del Aljarafe,ES,Madrid,ES
Humilladero,ES,Madrid,ES
Abadiño,ES,Madrid,ES
Pallejà,ES,Madrid,ES
Mérida,ES,Madrid,ES
Casabermeja,ES,Madrid,ES
Jaén,ES,Madrid,ES
Toledo,ES,Madrid,ES
Santa Pola,ES,Madrid,ES
Valverde del Majano,ES,Madrid,ES
Málaga,ES,Madrid,ES
Cañada de Agra,ES,Madrid,ES
Barrika,ES,Madrid,ES
Fasnia,ES,Madrid,ES
Villajoyosa,ES,Madrid,ES
Itsasondo,ES,Madrid,ES
Ripoll,ES,Madrid,ES
Alcalalí,ES,Madrid,ES
Plasencia,ES,Madrid,ES
Fuente el Saz,ES,Madrid,ES
Tolosa,ES,Madrid,ES
San Juan del Puerto,ES,Madrid,ES
Sigüeiro,ES,Madrid,ES
Sant Pere de Ribes,ES,Madrid,ES
Colmenar Viejo,ES,Madrid,ES
Motril,ES,Madrid,ES
Calpe,ES,Madrid,ES
Benahadux,ES,Madrid,ES
Mutxamel,ES,Madrid,ES
Otos,ES,Madrid,ES
Muel,ES,Madrid,ES
Vera,ES,Madrid,ES
Esplugues de Llobregat,ES,Madrid,ES
Monteagudo,ES,Madrid,ES
Güeñes,ES,Madrid,ES
Vejer de la Frontera,ES,Madrid,ES
Petrés,ES,Madrid,ES
Llinars del Vallès,ES,Madrid,ES
Valls,ES,Madrid,ES
Vitoria-Gasteiz,ES,Madrid,ES
El Campello,ES,Madrid,ES
L'Eliana,ES,Madrid,ES
Manzanares el Real,ES,Madrid,ES
Coslada,ES,Madrid,ES
Alcantarilla,ES,Madrid,ES
Carranque,ES,Madrid,ES
Algodonales,ES,Madrid,ES
Lugo de Llanera,ES,Madrid,ES
Pedreguer,ES,Madrid,ES
Orihuela Costa,ES,Madrid,ES
Deba,ES,Madrid,ES
San Fernando,ES,Madrid,ES
Santa Bárbara,ES,Madrid,ES
Ciudad Real,ES,Madrid,ES
Valencia del Ventoso,ES,Madrid,ES
Huelva,ES,Madrid,ES
Alcorcón,ES,Madrid,ES
Illescas,ES,Madrid,ES
Orcheta,ES,Madrid,ES
Moralzarzal,ES,Madrid,ES
Loeches,ES,Madrid,ES
Carme,ES,Madrid,ES
Talamanca de Jarama,ES,Madrid,ES
Jumilla,ES,Madrid,ES
Zarautz,ES,Madrid,ES
Velilla de San Antonio,ES,Madrid,ES
Hornachuelos,ES,Madrid,ES
Tobarra,ES,Madrid,ES
Socovos,ES,Madrid,ES
Garrucha,ES,Madrid,ES
Muriedas,ES,Madrid,ES
la Vall d'Uixó,ES,Madrid,ES
Huercal Overa,ES,Madrid,ES
Ceuti,ES,Madrid,ES
Arroyo de la Miel,ES,Madrid,ES
Laudio / Llodio,ES,Madrid,ES
Gilena,ES,Madrid,ES
Cortegana,ES,Madrid,ES
Valdemoro,ES,Madrid,ES
Laguna de Duero,ES,Madrid,ES
Torroella de Montgrí,ES,Madrid,ES
Las Gabias,ES,Madrid,ES
Cocentaina,ES,Madrid,ES
La Algaba,ES,Madrid,ES
Beranga,ES,Madrid,ES
Almàssera,ES,Madrid,ES
Abondance,FR,Madrid,ES
Puebla de Sancho Pérez,ES,Madrid,ES
Almoradí,ES,Madrid,ES
Castellbisbal,ES,Madrid,ES
Garachico,ES,Madrid,ES
Banyoles,ES,Madrid,ES
Gerena,ES,Madrid,ES
La Raya,ES,Madrid,ES
Errenteria,ES,Madrid,ES
Cuarte de Huerva,ES,Madrid,ES
San Pedro,ES,Madrid,ES
Valencia,ES,Madrid,ES
Nuevo Baztán,ES,Madrid,ES
La Llacuna,ES,Madrid,ES
Sant Andreu de la Barca,ES,Madrid,ES
Tauste,ES,Madrid,ES
Monroy,ES,Madrid,ES
Lezama,ES,Madrid,ES
Cártama,ES,Madrid,ES
Sant Boi de Llobregat,ES,Madrid,ES
Molina de Segura,ES,Madrid,ES
Badajoz,ES,Madrid,ES
Socuéllamos,ES,Madrid,ES
Albox,ES,Madrid,ES
Navarcles,ES,Madrid,ES
Bodenaya,ES,Madrid,ES
Sant Joan d'Alacant,ES,Madrid,ES
Tazona,ES,Madrid,ES
Elche de la Sierra,ES,Madrid,ES
Beniel,ES,Madrid,ES
Becerril de la Sierra,ES,Madrid,ES
Quart de Poblet,ES,Madrid,ES
El Puerto de Santa María,ES,Madrid,ES
Lugones,ES,Madrid,ES
Sant Hilari Sacalm,ES,Madrid,ES
Port de Sagunt,ES,Madrid,ES
Javea,ES,Madrid,ES
Tomares,ES,Madrid,ES
Entrambasaguas,ES,Madrid,ES
Castellar del Vallès,ES,Madrid,ES
Ciempozuelos,ES,Madrid,ES
Cuéllar,ES,Madrid,ES
Ogíjares,ES,Madrid,ES
Guarromán,ES,Madrid,ES
Arjonilla,ES,Madrid,ES
Gijón,ES,Madrid,ES
Vilagarcía de Arousa,ES,Madrid,ES
La Lastrilla,ES,Madrid,ES
Jerez de la Frontera,ES,Madrid,ES
Pilar de la Horadada,ES,Madrid,ES
Cuevas del Almanzora,ES,Madrid,ES
Mocejón,ES,Madrid,ES
Torre del Mar,ES,Madrid,ES
Relleu,ES,Madrid,ES
Huelma,ES,Madrid,ES
El Álamo,ES,Madrid,ES
Pozo Alcón,ES,Madrid,ES
Olula del Río,ES,Madrid,ES
Villanubla,ES,Madrid,ES
Dodro,ES,Madrid,ES
Villanueva del Arzobispo,ES,Madrid,ES
El Rocío,ES,Madrid,ES
Getxo,ES,Madrid,ES
Santa María la Real de Nieva,ES,Madrid,ES
Mendavia,ES,Madrid,ES
Valdelamusa,ES,Madrid,ES
Serranillos del Valle,ES,Madrid,ES
Guadahortuna,ES,Madrid,ES
Tuéjar,ES,Madrid,ES
Trasona,ES,Madrid,ES
Santomera,ES,Madrid,ES
Otura,ES,Madrid,ES
Arrigorriaga,ES,Madrid,ES
Barbate,ES,Madrid,ES
Fuenlabrada,ES,Madrid,ES
Aranjuez,ES,Madrid,ES
Bermeo,ES,Madrid,ES
Polop,ES,Madrid,ES
Sant Quirze del Vallès,ES,Madrid,ES
Inca,ES,Madrid,ES
Picassent,ES,Madrid,ES
Yecla,ES,Madrid,ES
Arucas,ES,Madrid,ES
la Coromina,ES,Madrid,ES
San Juan de los Terreros,ES,Madrid,ES
Fabero,ES,Madrid,ES
Santiago de Compostela,ES,Madrid,ES
San Miguel De Abona,ES,Madrid,ES
Anoeta,ES,Madrid,ES
Usurbil,ES,Madrid,ES
Caldes de Malavella,ES,Madrid,ES
Figueres,ES,Madrid,ES
Xàtiva,ES,Madrid,ES
Cardona,ES,Madrid,ES
Villacarrillo,ES,Madrid,ES
La Roda,ES,Madrid,ES
Fuentesaúco,ES,Madrid,ES
Paiporta,ES,Madrid,ES
Cijuela,ES,Madrid,ES
Almensilla,ES,Madrid,ES
Ajalvir,ES,Madrid,ES
Logroño,ES,Madrid,ES
Estepa,ES,Madrid,ES
La Puebla de Cazalla,ES,Madrid,ES
Tönisvorst,DE,Madrid,ES
Torrecilla en Cameros,ES,Madrid,ES
Manises,ES,Madrid,ES
Huéneja,ES,Madrid,ES
Torrejón del Rey,ES,Madrid,ES
Roldán,ES,Madrid,ES
Olmedo,ES,Madrid,ES
Molins de Rei,ES,Madrid,ES
La Cala De Mijas,ES,Madrid,ES
Hellín,ES,Madrid,ES
Oria,ES,Madrid,ES
Terrassa,ES,Madrid,ES
Ribarroja del Turia,ES,Madrid,ES
Sant Fruitós de Bages,ES,Madrid,ES
Torrejón de la Calzada,ES,Madrid,ES
Orio,ES,Madrid,ES
Cenes de la Vega,ES,Madrid,ES
Mojacar Pueblo,ES,Madrid,ES
Pola de Siero,ES,Madrid,ES
Petrel,ES,Madrid,ES
Dos Hermanas,ES,Madrid,ES
Boadilla del Monte,ES,Madrid,ES
Vícar,ES,Madrid,ES
Monforte de Lemos,ES,Madrid,ES
Ronda,ES,Madrid,ES
Guadalajara,ES,Madrid,ES
Sanlúcar la Mayor,ES,Madrid,ES
Marratxí,ES,Madrid,ES
Barcelona,ES,Madrid,ES
Pozuelo de Calatrava,ES,Madrid,ES
Cadiz,ES,Madrid,ES
Chiclana de la Frontera,ES,Madrid,ES
Moncada,ES,Madrid,ES
Teruel,ES,Madrid,ES
Alzira,ES,Madrid,ES
San Cristóbal de La Laguna,ES,Madrid,ES
Águilas,ES,Madrid,ES
Alfacar,ES,Madrid,ES
Ayora,ES,Madrid,ES
Archivel,ES,Madrid,ES
Vallecas,ES,Madrid,ES
Alaior,ES,Madrid,ES
Fuengirola,ES,Madrid,ES
Ontígola,ES,Madrid,ES
Vinaròs,ES,Madrid,ES
Elizalde,ES,Madrid,ES
Sestao,ES,Madrid,ES
Meliana,ES,Madrid,ES
La Unión,ES,Madrid,ES
La Roca del Vallès,ES,Madrid,ES
Almendralejo,ES,Madrid,ES
El Arahal,ES,Madrid,ES
Ciudad Rodrigo,ES,Madrid,ES
Corvera de Asturias,ES,Madrid,ES
Santurtzi,ES,Madrid,ES
Santpedor,ES,Madrid,ES
Súria,ES,Madrid,ES
Sanlúcar de Barrameda,ES,Madrid,ES
Argentona,ES,Madrid,ES
Purchil,ES,Madrid,ES
Vergel,ES,Madrid,ES
Castelldefels,ES,Madrid,ES
La Pobla de Vallbona,ES,Madrid,ES
Areeta,ES,Madrid,ES
Vall d'Alba,ES,Madrid,ES
Canals,ES,Madrid,ES
Castro Urdiales,ES,Madrid,ES
Torrejón de Ardoz,ES,Madrid,ES
Zujaira,ES,Madrid,ES
Gelves,ES,Madrid,ES
Medina del Campo,ES,Madrid,ES
Villanueva de Tapia,ES,Madrid,ES
Cabo Roig,ES,Madrid,ES
Vila-real,ES,Madrid,ES
L'Alcúdia de Crespìns,ES,Madrid,ES
Puebla de la Calzada,ES,Madrid,ES
El Viso de San Juan,ES,Madrid,ES
Gallarta,ES,Madrid,ES
Sils,ES,Madrid,ES
Vilagrassa,ES,Madrid,ES
Llucmajor,ES,Madrid,ES
Herencia,ES,Madrid,ES
Guadix,ES,Madrid,ES
Moriles,ES,Madrid,ES
Prezanes,ES,Madrid,ES
Reus,ES,Madrid,ES
El Coronil,ES,Madrid,ES
Letur,ES,Madrid,ES
Tolox,ES,Madrid,ES
Peñaranda de Bracamonte,ES,Madrid,ES
Martos,ES,Madrid,ES
Granollers,ES,Madrid,ES
Redondela,ES,Madrid,ES
Rute,ES,Madrid,ES
Pozuelo de Alarcón,ES,Madrid,ES
Estella-Lizarra,ES,Madrid,ES
Zubia,ES,Madrid,ES
Monforte del Cid,ES,Madrid,ES
Navas de Ríofrío,ES,Madrid,ES
Cervelló,ES,Madrid,ES
Daimiel,ES,Madrid,ES
Navaconcejo,ES,Madrid,ES
Greenwich,GB,Madrid,ES
Rincón de Soto,ES,Madrid,ES
Jun,ES,Madrid,ES
Lepe,ES,Madrid,ES
El Vendrell,ES,Madrid,ES
La Luisiana,ES,Madrid,ES
Lloret de Mar,ES,Madrid,ES
N'Djamena,TD,Madrid,ES
Barakaldo,ES,Madrid,ES
Aduna,ES,Madrid,ES
Benalmádena,ES,Madrid,ES
Villacañas,ES,Madrid,ES
Alhaurín de la Torre,ES,Madrid,ES
Úbeda,ES,Madrid,ES
Collado Villalba,ES,Madrid,ES
Burlata,ES,Madrid,ES
Irun,ES,Madrid,ES
Maracena,ES,Madrid,ES
Almuñécar,ES,Madrid,ES
Bergara,ES,Madrid,ES
Abia de las Torres,ES,Madrid,ES
Fuente-Álamo de Murcia,ES,Madrid,ES
Churriana de la Vega,ES,Madrid,ES
Córdoba,ES,Madrid,ES
Nueva Andalucia,ES,Madrid,ES
Griñón,ES,Madrid,ES
Boiro,ES,Madrid,ES
Ocaña,ES,Madrid,ES
Candeleda,ES,Madrid,ES
Umbrete,ES,Madrid,ES
Écija,ES,Madrid,ES
Seseña Nuevo,ES,Madrid,ES
Zumarraga,ES,Madrid,ES
"Cuervo de Sevilla, El",ES,Madrid,ES
Oliva,ES,Madrid,ES
Carbajosa de la Sagrada,ES,Madrid,ES
Algemesí,ES,Madrid,ES
El Cerro de Andévalo,ES,Madrid,ES
Finestrat,ES,Madrid,ES
El Astillero,ES,Madrid,ES
Tudela de Duero,ES,Madrid,ES
Cadreita,ES,Madrid,ES
Alcalá de Guadaira,ES,Madrid,ES
Alcalá,ES,Madrid,ES
Villanueva del Rosario,ES,Madrid,ES
Alicante,ES,Madrid,ES
Torre Pacheco,ES,Madrid,ES
Beas,ES,Madrid,ES
Amurrio,ES,Madrid,ES
Lasarte,ES,Madrid,ES
Benablón,ES,Madrid,ES
Huércal de Almería,ES,Madrid,ES
Cubelles,ES,Madrid,ES
Basauri,ES,Madrid,ES
Huélago,ES,Madrid,ES
Benidorm,ES,Madrid,ES
Madrid,ES,Madrid,ES
Astigarraga,ES,Madrid,ES
Bétera,ES,Madrid,ES
Alhama de Murcia,ES,Madrid,ES
Alhendín,ES,Madrid,ES
Sondika,ES,Madrid,ES
Aspe,ES,Madrid,ES
Riells i Viabrea,ES,Madrid,ES
Utiel,ES,Madrid,ES
Xixona,ES,Madrid,ES
Tembleque,ES,Madrid,ES
Barañáin,ES,Madrid,ES
Moaña,ES,Madrid,ES
Zaratán,ES,Madrid,ES
Burjassot,ES,Madrid,ES
Etxauri,ES,Madrid,ES
Arnedo,ES,Madrid,ES
Huéscar,ES,Madrid,ES
Almussafes,ES,Madrid,ES
Almerimar,ES,Madrid,ES
Paradas,ES,Madrid,ES
Bilbao,ES,Madrid,ES
Santa Gertrudis de Fruitera,ES,Madrid,ES
Arbúcies,ES,Madrid,ES
Zafarraya,ES,Madrid,ES
Castelló de la Plana,ES,Madrid,ES
Ponteareas,ES,Madrid,ES
Peligros,ES,Madrid,ES
Galdakao,ES,Madrid,ES
Gójar,ES,Madrid,ES
Salinas,ES,Madrid,ES
Adeje,ES,Madrid,ES
Huarte,ES,Madrid,ES
Venta de Baños,ES,Madrid,ES
Quijorna,ES,Madrid,ES
San Fernando de Henares,ES,Madrid,ES
Villada,ES,Madrid,ES
Getafe,ES,Madrid,ES
Cambrils,ES,Madrid,ES
Silleda,ES,Madrid,ES
Rocafort,ES,Madrid,ES
Torredonjimeno,ES,Madrid,ES
Pinto,ES,Madrid,ES
Espartinas,ES,Madrid,ES
Bienvenida,ES,Madrid,ES
Vilches,ES,Madrid,ES
Aretxabaleta,ES,Madrid,ES
Ceuta,ES,Madrid,ES
Sant Climent de Llobregat,ES,Madrid,ES
Mijas,ES,Madrid,ES
Albacete,ES,Madrid,ES
Torreblanca,ES,Madrid,ES
San José de la Rinconada,ES,Madrid,ES
Cabanillas del Campo,ES,Madrid,ES
Burgos,ES,Madrid,ES
Baza,ES,Madrid,ES
El Ejido,ES,Madrid,ES
Alcobendas,ES,Madrid,ES
Hoya del Campo,ES,Madrid,ES
Meco,ES,Madrid,ES
Berriz,ES,Madrid,ES
Palma,ES,Madrid,ES
Calamonte,ES,Madrid,ES
Palencia,ES,Madrid,ES
Lominchar,ES,Madrid,ES
Ferrol,ES,Madrid,ES
Yuncler,ES,Madrid,ES
Almería,ES,Madrid,ES
Alcoy,ES,Madrid,ES
Marchena,ES,Madrid,ES
Tamaraceite,ES,Madrid,ES
El Espinar,ES,Madrid,ES
Villanueva del Pardillo,ES,Madrid,ES
Andújar,ES,Madrid,ES
Pechina,ES,Madrid,ES
Castilleja de la Cuesta,ES,Madrid,ES
Sitges,ES,Madrid,ES
Carratraca,ES,Madrid,ES
Montijo,ES,Madrid,ES
Mollet del Vallès,ES,Madrid,ES
Segovia,ES,Madrid,ES
Oroso,ES,Madrid,ES
Hontanares de Eresma,ES,Madrid,ES
Villaobispo de las Regueras,ES,Madrid,ES
Elda,ES,Madrid,ES
Elorrio,ES,Madrid,ES
La Carolina,ES,Madrid,ES
Pulpí,ES,Madrid,ES
Alsasua – Altsasu,ES,Madrid,ES
Garrovillas,ES,Madrid,ES
Oviedo,ES,Madrid,ES
Solares,ES,Madrid,ES
Viladecans,ES,Madrid,ES
Sabadell,ES,Madrid,ES
Mieres,ES,Madrid,ES
Balsareny,ES,Madrid,ES
Ledaña,ES,Madrid,ES
Torreagüera,ES,Madrid,ES
Calañas,ES,Madrid,ES
Torrelles de Llobregat,ES,Madrid,ES
Sangonera la Seca,ES,Madrid,ES
Vedra,ES,Madrid,ES
Villarrubia de los Ojos,ES,Madrid,ES
Vila-seca,ES,Madrid,ES
Carballo,ES,Madrid,ES
L'Hospitalet de Llobregat,ES,Madrid,ES
Berja,ES,Madrid,ES
Velez-Rubio,ES,Madrid,ES
Humanes de Madrid,ES,Madrid,ES
Cedillo del Condado,ES,Madrid,ES
Fabara,ES,Madrid,ES
Pinar de Campoverde,ES,Madrid,ES
Torremayor,ES,Madrid,ES
Cieza,ES,Madrid,ES
Los Villares,ES,Madrid,ES
Bailén,ES,Madrid,ES
Tortosa,ES,Madrid,ES
Beniaján,ES,Madrid,ES
Almenara,ES,Madrid,ES
Guarnizo,ES,Madrid,ES
Majadahonda,ES,Madrid,ES
Villaviciosa de Odón,ES,Madrid,ES
Torrent,ES,Madrid,ES
Aldaia,ES,Madrid,ES
Gavà,ES,Madrid,ES
Caravaca,ES,Madrid,ES
Ambroz,ES,Madrid,ES
Cacicedo,ES,Madrid,ES
Maliaño,ES,Madrid,ES
La Bañeza,ES,Madrid,ES
Estepona,ES,Madrid,ES
Villares,ES,Madrid,ES
Piornal,ES,Madrid,ES
Salamanca,ES,Madrid,ES
Villalbilla,ES,Madrid,ES
Porcuna,ES,Madrid,ES
La Orotava,ES,Madrid,ES
Lliçà de Vall,ES,Madrid,ES
Santander,ES,Madrid,ES
Santa Cruz de Llanera,ES,Madrid,ES
Baños de Río Tobía,ES,Madrid,ES
Mota del Cuervo,ES,Madrid,ES
Llagostera,ES,Madrid,ES
Guillena,ES,Madrid,ES
La Pobla Llarga,ES,Madrid,ES
Lorquí,ES,Madrid,ES
Zalla,ES,Madrid,ES
Godella,ES,Madrid,ES
Galizano,ES,Madrid,ES
Monachil,ES,Madrid,ES
Càrcer,ES,Madrid,ES
Ponferrada,ES,Madrid,ES
Húmera,ES,Madrid,ES
Aranda de Duero,ES,Madrid,ES
Bigues i Riells,ES,Madrid,ES
Parla,ES,Madrid,ES
Valladolid,ES,Madrid,ES
Los Palacios y Villafranca,ES,Madrid,ES
Camas,ES,Madrid,ES
Binaced,ES,Madrid,ES
Arrúbal,ES,Madrid,ES
Arcos de la Frontera,ES,Madrid,ES
Marbella,ES,Madrid,ES
Arce,ES,Madrid,ES
El Escorial,ES,Madrid,ES
Autol,ES,Madrid,ES
A Coruña,ES,Madrid,ES
Zaldibar,ES,Madrid,ES
Villanueva de la Cañada,ES,Madrid,ES
Novelda,ES,Madrid,ES
Simancas,ES,Madrid,ES
Teo,ES,Madrid,ES
La Bisbal,ES,Madrid,ES
El Vellón,ES,Madrid,ES
Avilés,ES,Madrid,ES
Macael,ES,Madrid,ES
El Campillo,ES,Madrid,ES
Boecillo,ES,Madrid,ES
Santa María de Cayón,ES,Madrid,ES
Cobisa,ES,Madrid,ES
Jalance,ES,Madrid,ES
La Virgen del Camino,ES,Madrid,ES
Benicarló,ES,Madrid,ES
Santa Cruz de Tenerife,ES,Madrid,ES
Fuentes de León,ES,Madrid,ES
Carbajal de la Legua,ES,Madrid,ES
Minas de Ríotinto,ES,Madrid,ES
Haro,ES,Madrid,ES
Badalona,ES,Madrid,ES
Malpartida de Cáceres,ES,Madrid,ES
Donostia / San Sebastian,ES,Madrid,ES
Cehegín,ES,Madrid,ES
Caspe,ES,Madrid,ES
Zizurkil,ES,Madrid,ES
Durango,ES,Madrid,ES
Errekalde,ES,Madrid,ES
Pontejos,ES,Madrid,ES
Ares,ES,Madrid,ES
Puerto Lumbreras,ES,Madrid,ES
Parbayón,ES,Madrid,ES
Arenas de San Pedro,ES,Madrid,ES
Fréscano,ES,Madrid,ES
Marchamalo,ES,Madrid,ES
Beniparrell,ES,Madrid,ES
Pollença,ES,Madrid,ES
Montblanc,ES,Madrid,ES
Valsequillo de Gran Canaria,ES,Madrid,ES
Puerto de Gandía,ES,Madrid,ES
Cornellà de Llobregat,ES,Madrid,ES
Guriezo,ES,Madrid,ES
Castalla,ES,Madrid,ES
Pasai San Pedro,ES,Madrid,ES
Valdemorillo,ES,Madrid,ES
Arona,ES,Madrid,ES
Berango,ES,Madrid,ES
Pasai Antxo,ES,Madrid,ES
Heras,ES,Madrid,ES
Leganés,ES,Madrid,ES
Totanés,ES,Madrid,ES
Lleida,ES,Madrid,ES
Noveleta,PH,Manila,PH
Mamburao,PH,Manila,PH
Antipolo,PH,Manila,PH
Papaya,PH,Manila,PH
Tonsuya,PH,Manila,PH
Caruhatan,PH,Manila,PH
Lagindingan,PH,Manila,PH
Tarlac City,PH,Manila,PH
Antipolo City,PH,Manila,PH
Bayombong,PH,Manila,PH
Balagtas,PH,Manila,PH
Opol,PH,Manila,PH
Polomolok,PH,Manila,PH
Ambon City,ID,Manila,PH
Cauayan,PH,Manila,PH
Meycauayan,PH,Manila,PH
Clark,PH,Manila,PH
Batangas,PH,Manila,PH
Hamtic,PH,Manila,PH
Sagay,PH,Manila,PH
Plaridel,PH,Manila,PH
Paombong,PH,Manila,PH
Tagaytay,PH,Manila,PH
Municipality of Lala,PH,Manila,PH
Tagbilaran,PH,Manila,PH
Tanza,PH,Manila,PH
Peñaranda,PH,Manila,PH
Roxas City,PH,Manila,PH
Irvine,US,Manila,PH
Santa Rosa,PH,Manila,PH
Province of Nueva Vizcaya,PH,Manila,PH
Cabuyao,PH,Manila,PH
Iloilo City,PH,Manila,PH
Los Baños,PH,Manila,PH
Baliuag,PH,Manila,PH
Metro Manila,PH,Manila,PH
Pozorrubio,PH,Manila,PH
Dagohoy,PH,Manila,PH
City of Muntinlupa,PH,Manila,PH
Sultan Kudarat,PH,Manila,PH
General Trias,PH,Manila,PH
San Marcelino,PH,Manila,PH
Tacloban City,PH,Manila,PH
Baguio City,PH,Manila,PH
Angono,PH,Manila,PH
Deli Serdang,ID,Manila,PH
Marikina City,PH,Manila,PH
Sangandaan,PH,Manila,PH
Cambanugoy,PH,Manila,PH
Paranaque City,PH,Manila,PH
Province of Cotabato,PH,Manila,PH
Masbate,PH,Manila,PH
Makati City,PH,Manila,PH
Lahug,PH,Manila,PH
Legazpi,PH,Manila,PH
Semarang,ID,Manila,PH
Province of Pangasinan,PH,Manila,PH
Passi,PH,Manila,PH
Murcia,PH,Manila,PH
Trece Martires City,PH,Manila,PH
Escalante,PH,Manila,PH
Lahad Datu,MY,Manila,PH
Mexico,PH,Manila,PH
Beluran,MY,Manila,PH
San Pedro,PH,Manila,PH
Isulan,PH,Manila,PH
Tabangao Dao,PH,Manila,PH
Las Piñas,PH,Manila,PH
Mendez-Nuñez,PH,Manila,PH
Taysan,PH,Manila,PH
Dumaguete,PH,Manila,PH
Mimika,ID,Manila,PH
Biñan,PH,Manila,PH
Dagupan,PH,Manila,PH
Pateros,PH,Manila,PH
Mahayag Norte,PH,Manila,PH
Kidapawan,PH,Manila,PH
Quezon City,PH,Manila,PH
NIA Valencia,PH,Manila,PH
Goa,PH,Manila,PH
Surabaya,ID,Manila,PH
La Trinidad,PH,Manila,PH
Mati,PH,Manila,PH
Koronadal,PH,Manila,PH
San Pablo,PH,Manila,PH
Palayan,PH,Manila,PH
Pandacan,PH,Manila,PH
Bantayan,PH,Manila,PH
Bauang,PH,Manila,PH
San Carlos City,PH,Manila,PH
Province of Camarines Sur,PH,Manila,PH
Angeles City,PH,Manila,PH
Digos,PH,Manila,PH
Kota Kinabalu,MY,Manila,PH
Batac City,PH,Manila,PH
Sumenep,ID,Manila,PH
Alaminos,PH,Manila,PH
Santiago,PH,Manila,PH
Malolos,PH,Manila,PH
Calapan,PH,Manila,PH
Candelaria,PH,Manila,PH
Bandung,ID,Manila,PH
Rodriguez,PH,Manila,PH
Bagong Silang,PH,Manila,PH
Floridablanca,PH,Manila,PH
Calamba,PH,Manila,PH
Toledo City,PH,Manila,PH
Agoo,PH,Manila,PH
San Nicolas Second,PH,Manila,PH
Malem Village,FM,Manila,PH
Caloocan City,PH,Manila,PH
Jakarta,ID,Manila,PH
Infanta,PH,Manila,PH
Porac,PH,Manila,PH
Dinalupihan,PH,Manila,PH
Camiling,PH,Manila,PH
Caraga,PH,Manila,PH
Balayan,PH,Manila,PH
Zamboanga City,PH,Manila,PH
Tigbauan,PH,Manila,PH
San Miguel,PH,Manila,PH
Kotamobagu,ID,Manila,PH
Norzagaray,PH,Manila,PH
Bay,PH,Manila,PH
Pila,PH,Manila,PH
La Paz,PH,Manila,PH
Calaca,PH,Manila,PH
Manado,ID,Manila,PH
Baler,PH,Manila,PH
Tudela,PH,Manila,PH
Sindangan,PH,Manila,PH
Nasugbu,PH,Manila,PH
Santo Tomas,PH,Manila,PH
Pasay,PH,Manila,PH
Baliñgasag,PH,Manila,PH
Guagua,PH,Manila,PH
Monkayo,PH,Manila,PH
Province of Abra,PH,Manila,PH
Baybay,PH,Manila,PH
Province of Nueva Ecija,PH,Manila,PH
Urdaneta,PH,Manila,PH
Silang,PH,Manila,PH
Naga,PH,Manila,PH
Bacolod City,PH,Manila,PH
Sogod,PH,Manila,PH
Manila,PH,Manila,PH
Catigbian,PH,Manila,PH
Balamban,PH,Manila,PH
Tanauan,PH,Manila,PH
Camalig,PH,Manila,PH
Ramon,PH,Manila,PH
Indang,PH,Manila,PH
Kiamba,PH,Manila,PH
Valenzuela,PH,Manila,PH
Guihulñgan,PH,Manila,PH
Talavera,PH,Manila,PH
Naic,PH,Manila,PH
Cavite City,PH,Manila,PH
Depok,ID,Manila,PH
Jose Abad Santos,PH,Manila,PH
Carcar,PH,Manila,PH
Calaocan District,PH,Manila,PH
Leyte,PH,Manila,PH
Marawi City,PH,Manila,PH
Dipolog City,PH,Manila,PH
Tagum,PH,Manila,PH
Province of La Union,PH,Manila,PH
Banjarmasin,ID,Manila,PH
San Carlos,PH,Manila,PH
Kawit,PH,Manila,PH
San Jose del Monte,PH,Manila,PH
Bacacay,PH,Manila,PH
Bacolor,PH,Manila,PH
Mandaue City,PH,Manila,PH
Keningau,MY,Manila,PH
Potrero,PH,Manila,PH
Cotabato City,PH,Manila,PH
Sibonga,PH,Manila,PH
Cagayan de Oro,PH,Manila,PH
Barili,PH,Manila,PH
Rosario,PH,Manila,PH
Malasiqui,PH,Manila,PH
Santa Rita,PH,Manila,PH
Gerona,PH,Manila,PH
Iligan,PH,Manila,PH
Dasmariñas,PH,Manila,PH
Liloan,PH,Manila,PH
Sorsogon,PH,Manila,PH
Sibalom,PH,Manila,PH
Tubigan,PH,Manila,PH
Legaspi Port,PH,Manila,PH
Jayapura,ID,Manila,PH
Pontianak,ID,Manila,PH
Tiaong,PH,Manila,PH
Taguig,PH,Manila,PH
Carmona,PH,Manila,PH
Tibigan,PH,Manila,PH
Olongapo City,PH,Manila,PH
Marilao,PH,Manila,PH
Makilala,PH,Manila,PH
Tangerang,ID,Manila,PH
Irosin,PH,Manila,PH
Puerto Princesa City,PH,Manila,PH
San Fernando,PH,Manila,PH
Pilar,PH,Manila,PH
Panabo,PH,Manila,PH
Malvar,PH,Manila,PH
Laoag,PH,Manila,PH
Butuan,PH,Manila,PH
Bamban,PH,Manila,PH
Talagutong,PH,Manila,PH
Silay,PH,Manila,PH
West Rembo,PH,Manila,PH
Roxas,PH,Manila,PH
Tarakan,ID,Manila,PH
Taytay,PH,Manila,PH
Clarin,PH,Manila,PH
Biliran,PH,Manila,PH
Daet,PH,Manila,PH
Malate,PH,Manila,PH
San Juan,PH,Manila,PH
Balanga,PH,Manila,PH
Imus,PH,Manila,PH
Lipa City,PH,Manila,PH
Mariveles,PH,Manila,PH
Lapu-Lapu City,PH,Manila,PH
Hagonoy,PH,Manila,PH
Mandaluyong,PH,Manila,PH
San Fernando City,PH,Manila,PH
Davao City,PH,Manila,PH
Navotas,PH,Manila,PH
Palo,PH,Manila,PH
Province of Isabela,PH,Manila,PH
Denpasar,ID,Manila,PH
Province of Ilocos Norte,PH,Manila,PH
Tupi,PH,Manila,PH
Puerto Galera,PH,Manila,PH
San Jose,PH,Manila,PH
Santa Maria,PH,Manila,PH
Lubao,PH,Manila,PH
Maramag,PH,Manila,PH
Pasig,PH,Manila,PH
Cavite,PH,Manila,PH
Binmaley,PH,Manila,PH
Bogor,ID,Manila,PH
Bolacan,PH,Manila,PH
Worwoq,FM,Manila,PH
Quiapo District,PH,Manila,PH
Cainta,PH,Manila,PH
General Santos,PH,Manila,PH
Lucena City,PH,Manila,PH
Pulupandan,PH,Manila,PH
Bancal,PH,Manila,PH
Cebu City,PH,Manila,PH
Sorong,ID,Manila,PH
Bacoor,PH,Manila,PH
Pusing,MY,Manila,PH
Makassar,ID,Manila,PH
Sara,PH,Manila,PH
Pagadian,PH,Manila,PH
Mallig,PH,Manila,PH
Province of Zambales,PH,Manila,PH
Borongan,PH,Manila,PH
Pulilan,PH,Manila,PH
Magalang,PH,Manila,PH
Cabanatuan City,PH,Manila,PH
Malabon,PH,Manila,PH
Ternate,ID,Manila,PH
Ormoc City,PH,Manila,PH
Tuy,PH,Manila,PH
Kolambugan,PH,Manila,PH
Tabaco,PH,Manila,PH
Guiguinto,PH,Manila,PH
Province of Ilocos Sur,PH,Manila,PH
Talisay City,PH,Manila,PH
Gingoog,PH,Manila,PH
Malaybalay,PH,Manila,PH
Cadiz,PH,Manila,PH
Lingayen,PH,Manila,PH
Tuguegarao City,PH,Manila,PH
Euroa,AU,Melbourne,AU
Coober Pedy,AU,Melbourne,AU
Cohuna,AU,Melbourne,AU
Onslow,AU,Melbourne,AU
Warragul,AU,Melbourne,AU
Scott Creek,AU,Melbourne,AU
Elizabeth,AU,Melbourne,AU
Officer,AU,Melbourne,AU
Tweed Heads,AU,Melbourne,AU
Cobram,AU,Melbourne,AU
Euston,AU,Melbourne,AU
Mount Macedon,AU,Melbourne,AU
St Helena,AU,Melbourne,AU
Blackwood,AU,Melbourne,AU
Perth,AU,Melbourne,AU
Wallan,AU,Melbourne,AU
Kyneton,AU,Melbourne,AU
Latrobe,AU,Melbourne,AU
Buln Buln,AU,Melbourne,AU
Nook,AU,Melbourne,AU
Forest Range,AU,Melbourne,AU
Ardrossan,AU,Melbourne,AU
Spreyton,AU,Melbourne,AU
Meningie,AU,Melbourne,AU
The Rocks,AU,Melbourne,AU
Emerald,AU,Melbourne,AU
Mount Gambier,AU,Melbourne,AU
Carnarvon,AU,Melbourne,AU
Clyde,AU,Melbourne,AU
Mickleham,AU,Melbourne,AU
Clare,AU,Melbourne,AU
Broken Hill,AU,Melbourne,AU
Oakbank,AU,Melbourne,AU
Lysterfield,AU,Melbourne,AU
Sidmouth,AU,Melbourne,AU
McLaren Vale,AU,Melbourne,AU
Mylor,AU,Melbourne,AU
Falls Creek,AU,Melbourne,AU
Kialla West,AU,Melbourne,AU
Poonindie,AU,Melbourne,AU
East Devonport,AU,Melbourne,AU
Tamworth,AU,Melbourne,AU
Yallourn North,AU,Melbourne,AU
Penguin,AU,Melbourne,AU
Devonport,AU,Melbourne,AU
Port Elliot,AU,Melbourne,AU
Gawler,AU,Melbourne,AU
West Hoxton,AU,Melbourne,AU
Goolwa,AU,Melbourne,AU
Renmark,AU,Melbourne,AU
Burwood,AU,Melbourne,AU
Chirnside Park,AU,Melbourne,AU
Parkside,AU,Melbourne,AU
Ashton,AU,Melbourne,AU
Cleveland,AU,Melbourne,AU
Swan Reach,AU,Melbourne,AU
Caulfield,AU,Melbourne,AU
Harkaway,AU,Melbourne,AU
Kersbrook,AU,Melbourne,AU
Gisborne,AU,Melbourne,AU
Carey Gully,AU,Melbourne,AU
Kangaroo Ground,AU,Melbourne,AU
Port Macquarie,AU,Melbourne,AU
Maylands,AU,Melbourne,AU
Mannum,AU,Melbourne,AU
Henty,AU,Melbourne,AU
Balwyn North,AU,Melbourne,AU
Park Ridge,AU,Melbourne,AU
Yarra Glen,AU,Melbourne,AU
Bargara,AU,Melbourne,AU
Millicent,AU,Melbourne,AU
Wiluna,AU,Melbourne,AU
Buninyong,AU,Melbourne,AU
Woori Yallock,AU,Melbourne,AU
Irymple,AU,Melbourne,AU
Birdwood,AU,Melbourne,AU
Waikerie,AU,Melbourne,AU
Salisbury,AU,Melbourne,AU
Worrolong,AU,Melbourne,AU
Wonthaggi,AU,Melbourne,AU
Bacchus Marsh,AU,Melbourne,AU
Gold Coast,AU,Melbourne,AU
Cygnet,AU,Melbourne,AU
Kapunda,AU,Melbourne,AU
Traralgon,AU,Melbourne,AU
Leopold,AU,Melbourne,AU
Hopetoun Park,AU,Melbourne,AU
Linton,AU,Melbourne,AU
Beaconsfield Upper,AU,Melbourne,AU
Darley,AU,Melbourne,AU
Kensington and Norwood,AU,Melbourne,AU
Ballarat,AU,Melbourne,AU
Elsternwick,AU,Melbourne,AU
Burra,AU,Melbourne,AU
Gawler River,AU,Melbourne,AU
Lameroo,AU,Melbourne,AU
Kadina,AU,Melbourne,AU
Blackmans Bay,AU,Melbourne,AU
Blair Athol,AU,Melbourne,AU
Panton Hill,AU,Melbourne,AU
Fawkner,AU,Melbourne,AU
Mount Torrens,AU,Melbourne,AU
Wollert,AU,Melbourne,AU
Lithgow,AU,Melbourne,AU
Sydney,AU,Melbourne,AU
Mount Buller,AU,Melbourne,AU
Albury,AU,Melbourne,AU
Finniss,AU,Melbourne,AU
Drouin,AU,Melbourne,AU
Tintinara,AU,Melbourne,AU
Port Pirie,AU,Melbourne,AU
South Melbourne,AU,Melbourne,AU
Warooka,AU,Melbourne,AU
Surfers Paradise,AU,Melbourne,AU
Jamestown,AU,Melbourne,AU
Eudunda,AU,Melbourne,AU
Broome,AU,Melbourne,AU
Margate,AU,Melbourne,AU
Kilmore,AU,Melbourne,AU
Nuriootpa,AU,Melbourne,AU
Lowood,AU,Melbourne,AU
Penola,AU,Melbourne,AU
Kongorong,AU,Melbourne,AU
Bridgetown,AU,Melbourne,AU
Brisbane,AU,Melbourne,AU
Kingscote,AU,Melbourne,AU
Melbourne,AU,Melbourne,AU
Mount Barker,AU,Melbourne,AU
Two Wells,AU,Melbourne,AU
Port Augusta,AU,Melbourne,AU
Wodonga,AU,Melbourne,AU
Glengarry,AU,Melbourne,AU
Melton,AU,Melbourne,AU
Crystal Brook,AU,Melbourne,AU
Freeling,AU,Melbourne,AU
North Gosford,AU,Melbourne,AU
Murray Bridge,AU,Melbourne,AU
Cummins,AU,Melbourne,AU
Athelstone,AU,Melbourne,AU
Lewisham,AU,Melbourne,AU
Roseworthy,AU,Melbourne,AU
Melton West,AU,Melbourne,AU
Summerleas,AU,Melbourne,AU
Couridjah,AU,Melbourne,AU
Yankalilla,AU,Melbourne,AU
Hewett,AU,Melbourne,AU
Tailem Bend,AU,Melbourne,AU
Karcultaby,AU,Melbourne,AU
Aldinga,AU,Melbourne,AU
Gunnedah,AU,Melbourne,AU
Geelong,AU,Melbourne,AU
Quorn,AU,Melbourne,AU
Balhannah,AU,Melbourne,AU
Jupiter Creek,AU,Melbourne,AU
Kingston On Murray,AU,Melbourne,AU
Malua Bay,AU,Melbourne,AU
Naracoorte,AU,Melbourne,AU
Hobart,AU,Melbourne,AU
Arthurs Creek,AU,Melbourne,AU
Sunshine Coast,AU,Melbourne,AU
Queenscliff,AU,Melbourne,AU
Longwarry,AU,Melbourne,AU
Wangaratta,AU,Melbourne,AU
Woodside,AU,Melbourne,AU
Grange,AU,Melbourne,AU
Walkerville,AU,Melbourne,AU
Childers,AU,Melbourne,AU
Smythesdale,AU,Melbourne,AU
Leongatha,AU,Melbourne,AU
Inverloch,AU,Melbourne,AU
Horsley Park,AU,Melbourne,AU
Cadell,AU,Melbourne,AU
Ulverstone,AU,Melbourne,AU
Logan City,AU,Melbourne,AU
Tatura,AU,Melbourne,AU
Miami,US,Melbourne,AU
Berri,AU,Melbourne,AU
Sussex Inlet,AU,Melbourne,AU
Leppington,AU,Melbourne,AU
Glen Iris,AU,Melbourne,AU
Austins Ferry,AU,Melbourne,AU
Balnarring,AU,Melbourne,AU
Port Lincoln,AU,Melbourne,AU
Cowell,AU,Melbourne,AU
Cranbourne East,AU,Melbourne,AU
Longwood,AU,Melbourne,AU
Bordertown,AU,Melbourne,AU
Lucas Heights,AU,Melbourne,AU
Ocean Grove,AU,Melbourne,AU
Exeter,AU,Melbourne,AU
Huonville,AU,Melbourne,AU
Flinders,AU,Melbourne,AU
Echuca,AU,Melbourne,AU
Strathalbyn,AU,Melbourne,AU
Adelaide,AU,Melbourne,AU
Victor Harbor,AU,Melbourne,AU
Don Valley,AU,Melbourne,AU
Aintree,AU,Melbourne,AU
Townsville,AU,Melbourne,AU
Cleve,AU,Melbourne,AU
Compton,AU,Melbourne,AU
Midway Point,AU,Melbourne,AU
Travnik,BA,Melbourne,AU
Pearcedale,AU,Melbourne,AU
Stirling,AU,Melbourne,AU
Balaklava,AU,Melbourne,AU
Koorlong,AU,Melbourne,AU
Stockinbingal,AU,Melbourne,AU
Roxby Downs,AU,Melbourne,AU
Toolern Vale,AU,Melbourne,AU
Launceston,AU,Melbourne,AU
Golden Grove,AU,Melbourne,AU
Saint Andrews,AU,Melbourne,AU
Waterloo Corner,AU,Melbourne,AU
Bendigo,AU,Melbourne,AU
Nangkita,AU,Melbourne,AU
Loxton,AU,Melbourne,AU
Marion,AU,Melbourne,AU
Caulfield South,AU,Melbourne,AU
Puerto Juárez,MX,Mexico City,MX
Tlanchinol,MX,Mexico City,MX
La Concepción,MX,Mexico City,MX
Ezequiel Montes,MX,Mexico City,MX
Choloma,HN,Mexico City,MX
Cholula,MX,Mexico City,MX
Izúcar de Matamoros,MX,Mexico City,MX
Tlahuelilpan,MX,Mexico City,MX
Jaral del Progreso,MX,Mexico City,MX
Cortazar,MX,Mexico City,MX
San Francisco del Rincón,MX,Mexico City,MX
San Cristóbal de las Casas,MX,Mexico City,MX
Chicoloapan,MX,Mexico City,MX
Soledad Etla,MX,Mexico City,MX
Oaxaca,MX,Mexico City,MX
Uruapan,MX,Mexico City,MX
Fortín de las Flores,MX,Mexico City,MX
Talpa de Allende,MX,Mexico City,MX
Minatitlán,MX,Mexico City,MX
Huitzilac,MX,Mexico City,MX
Córdoba,MX,Mexico City,MX
San Luis Acatlán,MX,Mexico City,MX
Huamantla,MX,Mexico City,MX
Hacienda de Las Palmas,MX,Mexico City,MX
Ciudad Choluteca,HN,Mexico City,MX
Uriangato,MX,Mexico City,MX
Pasteros,MX,Mexico City,MX
Ajacuba,MX,Mexico City,MX
Champotón,MX,Mexico City,MX
Alfajayucan,MX,Mexico City,MX
Valle de Las Palmas,MX,Mexico City,MX
Santander Jiménez,MX,Mexico City,MX
Santiago Maravatío,MX,Mexico City,MX
Apatzingán,MX,Mexico City,MX
Santa Isabel Cholula,MX,Mexico City,MX
Valle de Bravo,MX,Mexico City,MX
Pedro Escobedo,MX,Mexico City,MX
León,MX,Mexico City,MX
Fraijanes,GT,Mexico City,MX
Naucalpan,MX,Mexico City,MX
Silao,MX,Mexico City,MX
Tegucigalpa,HN,Mexico City,MX
Tulcingo de Valle,MX,Mexico City,MX
Villa García,MX,Mexico City,MX
Bochil,MX,Mexico City,MX
Amealco,MX,Mexico City,MX
Querétaro City,MX,Mexico City,MX
Jacona de Plancarte,MX,Mexico City,MX
Hidalgotitlán,MX,Mexico City,MX
Purísima de Bustos,MX,Mexico City,MX
Ixtapa,MX,Mexico City,MX
Tehuacán,MX,Mexico City,MX
Tlaxcala City,MX,Mexico City,MX
Carlos A. Carrillo,MX,Mexico City,MX
Santa Ana Nextlalpan,MX,Mexico City,MX
Jiutepec,MX,Mexico City,MX
Nueva Villa de Padilla,MX,Mexico City,MX
Pastor Ortíz,MX,Mexico City,MX
Chignahuapan,MX,Mexico City,MX
Jiquipilas,MX,Mexico City,MX
Atlangatepec,MX,Mexico City,MX
Lomas del Chamizal,MX,Mexico City,MX
Iztacalco,MX,Mexico City,MX
El Grullo,MX,Mexico City,MX
Juventino Rosas,MX,Mexico City,MX
Atoyac,MX,Mexico City,MX
Ciudad Hidalgo,MX,Mexico City,MX
Altzayanca,MX,Mexico City,MX
Tekit,MX,Mexico City,MX
El Arenal,MX,Mexico City,MX
Hueypoxtla,MX,Mexico City,MX
Zapotlanejo,MX,Mexico City,MX
Comalapa,MX,Mexico City,MX
Poncitlán,MX,Mexico City,MX
Heroica Ciudad de Tlaxiaco,MX,Mexico City,MX
Sahuayo de Morelos,MX,Mexico City,MX
El Olvido,MX,Mexico City,MX
Teotihuacán,MX,Mexico City,MX
Guanajuato City,MX,Mexico City,MX
Teoloyucan,MX,Mexico City,MX
Ciudad Nezahualcoyotl,MX,Mexico City,MX
Tepatitlán de Morelos,MX,Mexico City,MX
Ixtaczoquitlán,MX,Mexico City,MX
Quetzaltenango,GT,Mexico City,MX
Ajijic,MX,Mexico City,MX
Maxcanú,MX,Mexico City,MX
Tizayuca,MX,Mexico City,MX
Valladolid,MX,Mexico City,MX
Ocotlán,MX,Mexico City,MX
Juchitán de Zaragoza,MX,Mexico City,MX
Amatenango de la Frontera,MX,Mexico City,MX
La Cañada,MX,Mexico City,MX
Tonacatepeque,SV,Mexico City,MX
Mexquitic de Carmona,MX,Mexico City,MX
Calvillo,MX,Mexico City,MX
Jalapa,MX,Mexico City,MX
Acaxochitlán,MX,Mexico City,MX
Atotonilco de Tula,MX,Mexico City,MX
Río Blanco,MX,Mexico City,MX
San Antonio la Isla,MX,Mexico City,MX
Oaxaca City,MX,Mexico City,MX
Paso del Macho,MX,Mexico City,MX
Santa Catarina Tlaltempan,MX,Mexico City,MX
Cárdenas Segunda Sección,MX,Mexico City,MX
Huauchinango,MX,Mexico City,MX
Tepoztlán,MX,Mexico City,MX
Ángel R. Cabada,MX,Mexico City,MX
Jacala,MX,Mexico City,MX
La Magdalena Tlaltelulco,MX,Mexico City,MX
Tepetlaoxtoc de Hidalgo,MX,Mexico City,MX
Lerma de Villada,MX,Mexico City,MX
Aguascalientes,MX,Mexico City,MX
Temixco,MX,Mexico City,MX
Planaltina,BR,Mexico City,MX
Landa de Matamoros,MX,Mexico City,MX
Villa Cuauhtémoc,MX,Mexico City,MX
Ayotlán,MX,Mexico City,MX
Tecozautla,MX,Mexico City,MX
Yurécuaro,MX,Mexico City,MX
Huehuetla,MX,Mexico City,MX
Santa Ana Maya,MX,Mexico City,MX
Romita,MX,Mexico City,MX
Ciudad Nicolás Romero,MX,Mexico City,MX
Santiago Suchilquitongo,MX,Mexico City,MX
Parques de La Herradura,MX,Mexico City,MX
Huixquilucan de Degollado,MX,Mexico City,MX
San Felipe del Progreso,MX,Mexico City,MX
Paseos de la Pradera,MX,Mexico City,MX
Siguatepeque,HN,Mexico City,MX
Coacalco,MX,Mexico City,MX
Pátzcuaro,MX,Mexico City,MX
Hunucmá,MX,Mexico City,MX
Huehuetlán,MX,Mexico City,MX
Santa Ana Chiautempan,MX,Mexico City,MX
San Salvador,MX,Mexico City,MX
Villahermosa,MX,Mexico City,MX
Guadalupe Etla,MX,Mexico City,MX
Teapa,MX,Mexico City,MX
Coatzacoalcos,MX,Mexico City,MX
Ameca,MX,Mexico City,MX
Puerto Vallarta,MX,Mexico City,MX
Tepic,MX,Mexico City,MX
Ixmiquilpan,MX,Mexico City,MX
Gustavo Adolfo Madero,MX,Mexico City,MX
Estrella de Campeche,MX,Mexico City,MX
Ixhuatlán del Sureste,MX,Mexico City,MX
Comayagua,HN,Mexico City,MX
Ciudad Madero,MX,Mexico City,MX
Salamanca,MX,Mexico City,MX
Oxkutzcab,MX,Mexico City,MX
Tejupilco de Hidalgo,MX,Mexico City,MX
Chilcuautla,MX,Mexico City,MX
Paracho de Verduzco,MX,Mexico City,MX
Los Corrales,MX,Mexico City,MX
León,NI,Mexico City,MX
Cintalapa de Figueroa,MX,Mexico City,MX
Charcas,MX,Mexico City,MX
Francisco I. Madero,MX,Mexico City,MX
Chamelecón,HN,Mexico City,MX
Jesús del Monte,MX,Mexico City,MX
Jerécuaro,MX,Mexico City,MX
Muna,MX,Mexico City,MX
Nuevo Necaxa,MX,Mexico City,MX
Atotonilco el Grande,MX,Mexico City,MX
Iztapalapa,MX,Mexico City,MX
Irapuato,MX,Mexico City,MX
Tenamaxtlán,MX,Mexico City,MX
Santa María del Río,MX,Mexico City,MX
Rafael Delgado,MX,Mexico City,MX
Asientos,MX,Mexico City,MX
Ciudad Mendoza,MX,Mexico City,MX
Kanasín,MX,Mexico City,MX
Graciano Sánchez,MX,Mexico City,MX
Estelí,NI,Mexico City,MX
Mixquiahuala de Juarez,MX,Mexico City,MX
Santa María Coyotepec,MX,Mexico City,MX
El Progreso,HN,Mexico City,MX
Ures municipality,MX,Mexico City,MX
San Diego de la Unión,MX,Mexico City,MX
Conkal,MX,Mexico City,MX
Lagos de Moreno,MX,Mexico City,MX
Ciudad de Villa de Álvarez,MX,Mexico City,MX
Tezoyuca,MX,Mexico City,MX
San Luis Talpa,SV,Mexico City,MX
Santa María Chimalhuacán,MX,Mexico City,MX
San Pedro Totolápam,MX,Mexico City,MX
Venustiano Carranza,MX,Mexico City,MX
Villagrán,MX,Mexico City,MX
Ixtlahuacán de los Membrillos,MX,Mexico City,MX
San Miguel Ingenio,SV,Mexico City,MX
San Vicente,MX,Mexico City,MX
Tláhuac,MX,Mexico City,MX
Sombrerete,MX,Mexico City,MX
Zapotlán de Juárez,MX,Mexico City,MX
Magdalena,MX,Mexico City,MX
Concepción Las Minas,GT,Mexico City,MX
Zempoala,MX,Mexico City,MX
Compostela Municipality,MX,Mexico City,MX
Santa Ana,SV,Mexico City,MX
Tecomán,MX,Mexico City,MX
Zacatelco,MX,Mexico City,MX
Encarnación de Díaz,MX,Mexico City,MX
Trinidad García de la Cadena,MX,Mexico City,MX
Zapopan,MX,Mexico City,MX
Escárcega,MX,Mexico City,MX
Papantla de Olarte,MX,Mexico City,MX
Huimilpan,MX,Mexico City,MX
Las Rosas,MX,Mexico City,MX
Tlaltenango de Sánchez Román,MX,Mexico City,MX
Pueblo Nuevo,MX,Mexico City,MX
Teziutlán,MX,Mexico City,MX
Dolores Hidalgo,MX,Mexico City,MX
Amecameca de Juárez,MX,Mexico City,MX
Jalostotitlán,MX,Mexico City,MX
Francisco I. Madero Municipality,MX,Mexico City,MX
Zinacantepec,MX,Mexico City,MX
Texistepec,MX,Mexico City,MX
Amozoc de Mota,MX,Mexico City,MX
Anamorós,SV,Mexico City,MX
Tlahuitoltepec,MX,Mexico City,MX
Martínez de la Torre,MX,Mexico City,MX
Santa Rosa,MX,Mexico City,MX
Ciudad del Carmen,MX,Mexico City,MX
Cosoleacaque,MX,Mexico City,MX
Buenavista Tomatlán,MX,Mexico City,MX
Chiqueros,HN,Mexico City,MX
Villa del Real,MX,Mexico City,MX
La Trinitaria,MX,Mexico City,MX
Milpa Alta,MX,Mexico City,MX
Chilpancingo,MX,Mexico City,MX
Valle Hermoso,MX,Mexico City,MX
Hostotipaquillo,MX,Mexico City,MX
Ciudad del Maíz,MX,Mexico City,MX
Centro Municipality,MX,Mexico City,MX
Apaseo el Alto,MX,Mexico City,MX
Unión de San Antonio,MX,Mexico City,MX
Paraíso,MX,Mexico City,MX
Juriquilla,MX,Mexico City,MX
Tierra Blanca de Abajo,MX,Mexico City,MX
Poza Rica,MX,Mexico City,MX
Zacualtipán,MX,Mexico City,MX
El Lobo,MX,Mexico City,MX
Tolimán,MX,Mexico City,MX
Miraflores,GT,Mexico City,MX
Zimatlán de Álvarez,MX,Mexico City,MX
Apaxco de Ocampo,MX,Mexico City,MX
San Julián,SV,Mexico City,MX
Tlalpan,MX,Mexico City,MX
Nacajuca,MX,Mexico City,MX
Santiago Atzitzihuacán,MX,Mexico City,MX
Ocotlán de Morelos,MX,Mexico City,MX
Río Comayagua,HN,Mexico City,MX
San Jacinto Amilpas,MX,Mexico City,MX
Pajapan,MX,Mexico City,MX
Guatemala City,GT,Mexico City,MX
Tecpatán,MX,Mexico City,MX
Villa Juárez,MX,Mexico City,MX
Tekax,MX,Mexico City,MX
Honey,MX,Mexico City,MX
Centro,MX,Mexico City,MX
Pihuamo,MX,Mexico City,MX
San Juan Teitipac,MX,Mexico City,MX
Lomas de Tecamachalco,MX,Mexico City,MX
Tianguistengo,MX,Mexico City,MX
Tierra Blanca,MX,Mexico City,MX
Zacatepec,MX,Mexico City,MX
Jalpan,MX,Mexico City,MX
Tulancingo,MX,Mexico City,MX
Tlalnepantla,MX,Mexico City,MX
San Francisco Telixtlahuaca,MX,Mexico City,MX
Atlacomulco de Fabela,MX,Mexico City,MX
Ciudad Constitución,MX,Mexico City,MX
Atitalaquia,MX,Mexico City,MX
Azcapotzalco,MX,Mexico City,MX
Xoconoxtle,MX,Mexico City,MX
Tequixquiac,MX,Mexico City,MX
Villa Díaz Ordaz,MX,Mexico City,MX
Copainalá,MX,Mexico City,MX
San Mateo Atenco,MX,Mexico City,MX
Balancán,MX,Mexico City,MX
Chapala,MX,Mexico City,MX
Cunduacán,MX,Mexico City,MX
Jojutla,MX,Mexico City,MX
San Agustín Tlaxiaca,MX,Mexico City,MX
Nueva Italia de Ruiz,MX,Mexico City,MX
Benito Juárez,MX,Mexico City,MX
Xicotepec de Juárez,MX,Mexico City,MX
Jilotepec de Molina Enríquez,MX,Mexico City,MX
Cuautla,MX,Mexico City,MX
Magdalena Apasco,MX,Mexico City,MX
Coyoacán,MX,Mexico City,MX
Trinidad Zaachila,MX,Mexico City,MX
Puebla,MX,Mexico City,MX
Lomas del Sol,MX,Mexico City,MX
Tezontepec de Aldama,MX,Mexico City,MX
Tochimilco,MX,Mexico City,MX
Umán,MX,Mexico City,MX
Colonia E. Cárdenas,MX,Mexico City,MX
Navolato,MX,Mexico City,MX
Tejutla,GT,Mexico City,MX
San Pablo Huitzo,MX,Mexico City,MX
Pijijiapan,MX,Mexico City,MX
San Juan Bautista Tuxtla,MX,Mexico City,MX
Moroleón,MX,Mexico City,MX
Tenancingo de Degollado,MX,Mexico City,MX
Florencia,HN,Mexico City,MX
Coyutla,MX,Mexico City,MX
Cuerámaro,MX,Mexico City,MX
Boca del Rio,MX,Mexico City,MX
Acolman,MX,Mexico City,MX
Zacatlán,MX,Mexico City,MX
Yautepec,MX,Mexico City,MX
Tequila,MX,Mexico City,MX
Cancún,MX,Mexico City,MX
Chalco,MX,Mexico City,MX
San José Teacalco,MX,Mexico City,MX
Valparaíso,MX,Mexico City,MX
Santo Domingo Tehuantepec,MX,Mexico City,MX
Jesús María,MX,Mexico City,MX
San Cristóbal Acasaguastlán,GT,Mexico City,MX
Villa Corona,MX,Mexico City,MX
Xochimilco,MX,Mexico City,MX
Tlaquepaque,MX,Mexico City,MX
Villaflores,MX,Mexico City,MX
Chinandega,NI,Mexico City,MX
Ixtepec,MX,Mexico City,MX
Tecuanipan,MX,Mexico City,MX
San Gabriel Mixtepec,MX,Mexico City,MX
San Juan de los Lagos,MX,Mexico City,MX
Jocotitlán,MX,Mexico City,MX
Tarimoro,MX,Mexico City,MX
El Pueblito,MX,Mexico City,MX
Querétaro,MX,Mexico City,MX
Toluca,MX,Mexico City,MX
Cardonal,MX,Mexico City,MX
Antiguo Cuscatlán,SV,Mexico City,MX
Ecatepec,MX,Mexico City,MX
Tzucacab,MX,Mexico City,MX
Apan,MX,Mexico City,MX
Xonacatlán,MX,Mexico City,MX
Apaseo el Grande,MX,Mexico City,MX
Nogales,MX,Mexico City,MX
Lomas de Las Palmas,MX,Mexico City,MX
San Miguel Tecamachalco,MX,Mexico City,MX
Villa Corzo,MX,Mexico City,MX
Mazatán,MX,Mexico City,MX
Cuernavaca,MX,Mexico City,MX
Taxco,MX,Mexico City,MX
Tenango de Arista,MX,Mexico City,MX
Yecapixtla,MX,Mexico City,MX
Bosques de La Herradura,MX,Mexico City,MX
Playa del Carmen,MX,Mexico City,MX
Melchor Ocampo,MX,Mexico City,MX
Acayucan,MX,Mexico City,MX
Pénjamo,MX,Mexico City,MX
San Pablo Etla,MX,Mexico City,MX
Manlio Fabio Altamirano,MX,Mexico City,MX
Zacatecoluca,SV,Mexico City,MX
Campeche,MX,Mexico City,MX
Paraiso,MX,Mexico City,MX
Escuintla,MX,Mexico City,MX
Emiliano Zapata Segunda Sección,MX,Mexico City,MX
Ramos Arizpe,MX,Mexico City,MX
Guadalajara,MX,Mexico City,MX
Las Pintitas,MX,Mexico City,MX
Olanchito,HN,Mexico City,MX
Ahualulco de Mercado,MX,Mexico City,MX
Tepetitlan,MX,Mexico City,MX
Huatulco,MX,Mexico City,MX
Maravatío de Ocampo,MX,Mexico City,MX
México,MX,Mexico City,MX
Teuchitlán,MX,Mexico City,MX
San Pedro Sula,HN,Mexico City,MX
Álvaro Obregón,MX,Mexico City,MX
Lomas de Vista Hermosa,MX,Mexico City,MX
Cosamaloapan,MX,Mexico City,MX
Medellín de Bravo,MX,Mexico City,MX
La Piedad,MX,Mexico City,MX
Temoaya,MX,Mexico City,MX
Zamora,MX,Mexico City,MX
Macuspana,MX,Mexico City,MX
Progreso de Alvaro Obregon,MX,Mexico City,MX
Tihuatlan,MX,Mexico City,MX
Cadereyta,MX,Mexico City,MX
Autlán de Navarro,MX,Mexico City,MX
San Andrés Tuxtla,MX,Mexico City,MX
Ixtapaluca,MX,Mexico City,MX
Tarímbaro,MX,Mexico City,MX
Santa Cruz Xoxocotlán,MX,Mexico City,MX
San Miguel el Alto,MX,Mexico City,MX
Nuevo Vallarta,MX,Mexico City,MX
Ciudad Guzmán,MX,Mexico City,MX
Santa Rosa de Copán,HN,Mexico City,MX
Sayula de Alemán,MX,Mexico City,MX
Benito Juarez,MX,Mexico City,MX
Amaxac de Guerrero,MX,Mexico City,MX
Frontera,MX,Mexico City,MX
Los Reyes Acaquilpan,MX,Mexico City,MX
Ixtapa-Zihuatanejo,MX,Mexico City,MX
Arena Segunda Sección,MX,Mexico City,MX
San Pedro Ixtlahuaca,MX,Mexico City,MX
Presa de Rayas,MX,Mexico City,MX
Cerro Azul,MX,Mexico City,MX
Huatusco,MX,Mexico City,MX
Tuxtla Gutiérrez,MX,Mexico City,MX
Comalcalco,MX,Mexico City,MX
Álamo,MX,Mexico City,MX
Sayula,MX,Mexico City,MX
Miguel Hidalgo,MX,Mexico City,MX
Arroyo Seco,MX,Mexico City,MX
Matías Romero,MX,Mexico City,MX
Palo Solo,MX,Mexico City,MX
Matehuala,MX,Mexico City,MX
Huichapan,MX,Mexico City,MX
Juchitlán,MX,Mexico City,MX
Cuautepec de Hinojosa,MX,Mexico City,MX
San José Iturbide,MX,Mexico City,MX
Villa de Zaachila,MX,Mexico City,MX
Ayutuxtepeque,SV,Mexico City,MX
Huimanguillo,MX,Mexico City,MX
Veracruz,MX,Mexico City,MX
Ciudad Mante,MX,Mexico City,MX
Ixtlahuaca de Rayón,MX,Mexico City,MX
Mérida,MX,Mexico City,MX
Otumba,MX,Mexico City,MX
El Colorado,MX,Mexico City,MX
El Oro de Hidalgo,MX,Mexico City,MX
San Juan del Río,MX,Mexico City,MX
Mazatlán,MX,Mexico City,MX
Calimaya,MX,Mexico City,MX
Mariano Escobedo,MX,Mexico City,MX
Zapotlán el Grande,MX,Mexico City,MX
Zimapan,MX,Mexico City,MX
Cuilapan de Guerrero,MX,Mexico City,MX
San Miguel de Allende,MX,Mexico City,MX
La Charca,MX,Mexico City,MX
Tlajomulco de Zúñiga,MX,Mexico City,MX
Coroneo,MX,Mexico City,MX
Tlanepantla,MX,Mexico City,MX
Salinas Victoria,MX,Mexico City,MX
Atotonilco el Alto,MX,Mexico City,MX
Zacoalco,MX,Mexico City,MX
Cuautlancingo,MX,Mexico City,MX
Apizaco,MX,Mexico City,MX
Col. Bosques de las Lomas,MX,Mexico City,MX
Santa María Atzompa,MX,Mexico City,MX
Purépero de Echáiz,MX,Mexico City,MX
Atlixco,MX,Mexico City,MX
Santa Lucía del Camino,MX,Mexico City,MX
Cuapiaxtla,MX,Mexico City,MX
Lázaro Cárdenas,MX,Mexico City,MX
Miahuatlán de Porfirio Díaz,MX,Mexico City,MX
Libres,MX,Mexico City,MX
Lomas Country Club,MX,Mexico City,MX
Mineral de la Reforma,MX,Mexico City,MX
Actopan,MX,Mexico City,MX
Nopalucán,MX,Mexico City,MX
Coatzintla,MX,Mexico City,MX
Coquimatlán,MX,Mexico City,MX
Epitacio Huerta,MX,Mexico City,MX
Chiautla,MX,Mexico City,MX
Juárez,MX,Mexico City,MX
Rincón de Romos,MX,Mexico City,MX
Agua Dulce,MX,Mexico City,MX
Chiconcuac,MX,Mexico City,MX
Santiago Matatlán,MX,Mexico City,MX
Tlaxcoapan,MX,Mexico City,MX
Abasolo,MX,Mexico City,MX
Opichén,MX,Mexico City,MX
Huanímaro,MX,Mexico City,MX
La Resolana,MX,Mexico City,MX
Villa de Etla,MX,Mexico City,MX
Yuriria,MX,Mexico City,MX
San Miguel,SV,Mexico City,MX
San Francisco de los Romo,MX,Mexico City,MX
Pachuca,MX,Mexico City,MX
Tultitlán de Mariano Escobedo,MX,Mexico City,MX
Jiquipilco,MX,Mexico City,MX
Tetela del Volcán,MX,Mexico City,MX
Ciudad Manuel Doblado,MX,Mexico City,MX
José Guadalupe Mainero,MX,Mexico City,MX
Zumpango,MX,Mexico City,MX
San Juan Evangelista,MX,Mexico City,MX
Tolcayuca,MX,Mexico City,MX
Singuilucan,MX,Mexico City,MX
Cuautitlán,MX,Mexico City,MX
Mexico City,MX,Mexico City,MX
San Dionisio Ocotepec,MX,Mexico City,MX
Túxpam de Rodríguez Cano,MX,Mexico City,MX
Huandacareo,MX,Mexico City,MX
Miguel Auza,MX,Mexico City,MX
Interlomas,MX,Mexico City,MX
Palmar de Bravo,MX,Mexico City,MX
Suchitlán,MX,Mexico City,MX
Acapulco de Juárez,MX,Mexico City,MX
Tepeapulco,MX,Mexico City,MX
Víctor Rosales,MX,Mexico City,MX
Cocula,MX,Mexico City,MX
Puerto Lempira,HN,Mexico City,MX
Tepetlixpa,MX,Mexico City,MX
Ciudad Río Bravo,MX,Mexico City,MX
Chinameca,MX,Mexico City,MX
Ocoyoacac,MX,Mexico City,MX
Tlaxcalilla,MX,Mexico City,MX
Huimanguillo Municipality,MX,Mexico City,MX
Jerez de García Salinas,MX,Mexico City,MX
Salvatierra,MX,Mexico City,MX
Puerto Morelos,MX,Mexico City,MX
Santa Elena,SV,Mexico City,MX
El Salto,MX,Mexico City,MX
Ocampo,MX,Mexico City,MX
Teayo,MX,Mexico City,MX
Santa Cruz Tlaxcala,MX,Mexico City,MX
Zoquiopan,MX,Mexico City,MX
Morelia,MX,Mexico City,MX
Ciudad de Huajuapan de León,MX,Mexico City,MX
Progreso,MX,Mexico City,MX
Iguala de la Independencia,MX,Mexico City,MX
Acatlán,MX,Mexico City,MX
Puebla City,MX,Mexico City,MX
Villa de Arista,MX,Mexico City,MX
Zongolica,MX,Mexico City,MX
San Agustín Tlacotepec,MX,Mexico City,MX
Tequisquiapan,MX,Mexico City,MX
Catacamas,HN,Mexico City,MX
Tonalá,MX,Mexico City,MX
Salina Cruz,MX,Mexico City,MX
La Barca,MX,Mexico City,MX
San Luis Potosí City,MX,Mexico City,MX
Coxquihui,MX,Mexico City,MX
Tlapa de Comonfort,MX,Mexico City,MX
Playa Vicente,MX,Mexico City,MX
Santiago de Anaya,MX,Mexico City,MX
Compostela,MX,Mexico City,MX
Las Pintas de Arriba,MX,Mexico City,MX
Cihuatlán,MX,Mexico City,MX
Lomas Anáhuac,MX,Mexico City,MX
Tultepec,MX,Mexico City,MX
Ticul,MX,Mexico City,MX
Torreón,MX,Mexico City,MX
Jalpa de Méndez,MX,Mexico City,MX
Tuxcacuesco,MX,Mexico City,MX
Lomas de La Herradura,MX,Mexico City,MX
Xochitepec,MX,Mexico City,MX
Ciudad López Mateos,MX,Mexico City,MX
Ozumba de Alzate,MX,Mexico City,MX
Acambay,MX,Mexico City,MX
Tlalmanalco,MX,Mexico City,MX
Villa Victoria,MX,Mexico City,MX
Orizaba,MX,Mexico City,MX
Puente de Ixtla,MX,Mexico City,MX
Tapachula,MX,Mexico City,MX
Tacámbaro de Codallos,MX,Mexico City,MX
Comonfort,MX,Mexico City,MX
Soteapan,MX,Mexico City,MX
Filomeno Mata,MX,Mexico City,MX
Matías Castellanos,MX,Mexico City,MX
Xalapa,MX,Mexico City,MX
Tlacolula de Matamoros,MX,Mexico City,MX
Los Reyes de Salgado,MX,Mexico City,MX
Ocozocoautla de Espinosa,MX,Mexico City,MX
Tecámac,MX,Mexico City,MX
Colón,MX,Mexico City,MX
Ejutla de Crespo,MX,Mexico City,MX
Hopelchén,MX,Mexico City,MX
Cuauhtémoc,MX,Mexico City,MX
Polotitlán de la Ilustración,MX,Mexico City,MX
Venado,MX,Mexico City,MX
Metepec,MX,Mexico City,MX
Colima,MX,Mexico City,MX
San Felipe,MX,Mexico City,MX
Tulum,MX,Mexico City,MX
Tlaxco,MX,Mexico City,MX
Amatlán de los Reyes,MX,Mexico City,MX
Ejido San Jerónimo,MX,Mexico City,MX
Arandas,MX,Mexico City,MX
Santa María Colotepec,MX,Mexico City,MX
Tampico,MX,Mexico City,MX
San Juan Huerta,MX,Mexico City,MX
Jiquílpan de Juárez,MX,Mexico City,MX
Tepeji del Río de Ocampo,MX,Mexico City,MX
Texcoco,MX,Mexico City,MX
Cárdenas,MX,Mexico City,MX
Tlanalapa,MX,Mexico City,MX
Coronango,MX,Mexico City,MX
Villa de Almoloya de Juárez,MX,Mexico City,MX
Tala,MX,Mexico City,MX
Villa Hidalgo,MX,Mexico City,MX
Xalisco,MX,Mexico City,MX
Cuautitlán Izcalli,MX,Mexico City,MX
Tetepango,MX,Mexico City,MX
Rioverde,MX,Mexico City,MX
San Sebastián del Oeste,MX,Mexico City,MX
Tula de Allende,MX,Mexico City,MX
Emiliano Zapata,MX,Mexico City,MX
Yauhquemehcan,MX,Mexico City,MX
Chiquilistlán,MX,Mexico City,MX
Jáltipan de Morelos,MX,Mexico City,MX
Celaya,MX,Mexico City,MX
Santa Tecla,SV,Mexico City,MX
Reynosa,MX,Mexico City,MX
Cerritos,MX,Mexico City,MX
Valle de Santiago,MX,Mexico City,MX
Comitán,MX,Mexico City,MX
Temascalapa,MX,Mexico City,MX
Wellington,US,Miami,US
Riverview,US,Miami,US
Puerto Colombia,CO,Miami,US
Enterprise,US,Miami,US
Cúcuta,CO,Miami,US
Belleview,US,Miami,US
Brandon,US,Miami,US
Weston,US,Miami,US
Dzidzantún,MX,Miami,US
Clearwater,US,Miami,US
Catia,VE,Miami,US
Blue Bell,US,Miami,US
Davie,US,Miami,US
Miami Beach,US,Miami,US
Miami Shores,US,Miami,US
Marsh Harbour,BS,Miami,US
Punto Fijo,VE,Miami,US
Alice Town,BS,Miami,US
Port Matilda,US,Miami,US
Plant City,US,Miami,US
Riobamba,EC,Miami,US
Palmetto,US,Miami,US
Cayenne,GF,Miami,US
Roatán,HN,Miami,US
Ciudad Ojeda,VE,Miami,US
Bayamón,PR,Miami,US
San Miguel de Cozumel,MX,Miami,US
José María Morelos,MX,Miami,US
Rincon,PR,Miami,US
Medley,US,Miami,US
Brampton,CA,Miami,US
San Antonio de Los Altos,VE,Miami,US
Altamonte Springs,US,Miami,US
Palm Harbor,US,Miami,US
Umatilla,US,Miami,US
Coto Laurel,PR,Miami,US
Miranda,VE,Miami,US
Christiansted,VI,Miami,US
Cartago,CR,Miami,US
Satellite Beach,US,Miami,US
Latonia,US,Miami,US
Phenix City,US,Miami,US
San Juan,DO,Miami,US
Santo Domingo,DO,Miami,US
Isabela,PR,Miami,US
Carolina,PR,Miami,US
Spanish Town,JM,Miami,US
Tamarac,US,Miami,US
St. Petersburg,US,Miami,US
Barranquilla,CO,Miami,US
Bethel Town,JM,Miami,US
Miami,US,Miami,US
Corozal,PR,Miami,US
Imbert,DO,Miami,US
Limón,CR,Miami,US
Humacao,PR,Miami,US
Summerville,US,Miami,US
Fort Myers Beach,US,Miami,US
Spanish Wells,BS,Miami,US
Altagracia de Orituco,VE,Miami,US
Canovanas,PR,Miami,US
Greer,US,Miami,US
Porlamar,VE,Miami,US
Winter Springs,US,Miami,US
Guánica,PR,Miami,US
Summerfield,US,Miami,US
Las Piedras,PR,Miami,US
Cruz Bay,VI,Miami,US
South Bay,US,Miami,US
Niagara Falls,US,Miami,US
Port Nelson,BS,Miami,US
Dunmore Town,BS,Miami,US
Tavares,US,Miami,US
Apopka,US,Miami,US
North Miami,US,Miami,US
Granada,NI,Miami,US
Laval,HT,Miami,US
Lady Lake,US,Miami,US
Juana Díaz,PR,Miami,US
Arroyo,PR,Miami,US
Sunrise,US,Miami,US
Santiago de los Caballeros,DO,Miami,US
Peñuelas,PR,Miami,US
St Croix,VI,Miami,US
Balaclava,JM,Miami,US
Ocoee,US,Miami,US
Doral,US,Miami,US
Campeche,MX,Miami,US
Alfredo V. Bonfil,MX,Miami,US
Managua,NI,Miami,US
Gaspar Hernández,DO,Miami,US
Canal Point,US,Miami,US
Heredia,CR,Miami,US
Hidalgo y Cortez,MX,Miami,US
Miramar,US,Miami,US
Ciudad Bolívar,VE,Miami,US
Champions Gate,US,Miami,US
Sabana Hoyos,PR,Miami,US
Cancún,MX,Miami,US
Ellenton,US,Miami,US
St John's,AG,Miami,US
Barquisimeto,VE,Miami,US
Pinellas Park,US,Miami,US
Barcelona,VE,Miami,US
Coamo,PR,Miami,US
West End,BS,Miami,US
Trujillo Alto,PR,Miami,US
Mérida,MX,Miami,US
Oracabessa,JM,Miami,US
Andover,US,Miami,US
Black Point,BS,Miami,US
San Lorenzo,PR,Miami,US
Winter Park,US,Miami,US
Wildwood,US,Miami,US
Lamentin,GP,Miami,US
Baruta,VE,Miami,US
Guacara,VE,Miami,US
Morris Meadows,JM,Miami,US
Arecibo,PR,Miami,US
Wesley Chapel,US,Miami,US
Parrish,US,Miami,US
Rockledge,US,Miami,US
El Paraíso,HN,Miami,US
Pompano Beach,US,Miami,US
Coral Springs,US,Miami,US
Orlando,US,Miami,US
Bartow,US,Miami,US
Lisbon Creek,BS,Miami,US
Cabo Rojo,PR,Miami,US
Sebring,US,Miami,US
La Ceiba,HN,Miami,US
Caguas,PR,Miami,US
Atlanta,US,Miami,US
Port-au-Prince,HT,Miami,US
Orocovis,PR,Miami,US
Lithia,US,Miami,US
Tinaquillo,VE,Miami,US
George Town,KY,Miami,US
Waco,US,Miami,US
Palm Coast,US,Miami,US
Falmouth,JM,Miami,US
Sabana Seca,PR,Miami,US
Cuapiaxtla,MX,Miami,US
Ochopee,US,Miami,US
Gun Bay,KY,Miami,US
Jacksonville,US,Miami,US
West Palm Beach,US,Miami,US
Saint Michael,BB,Miami,US
Ciudad Choluteca,HN,Miami,US
Alpharetta,US,Miami,US
Fajardo,PR,Miami,US
Yallahs,JM,Miami,US
San Salvador,SV,Miami,US
Kingstown,VC,Miami,US
Chaguanas,TT,Miami,US
Pérez Zeledón,CR,Miami,US
Mérida,VE,Miami,US
Delmas,HT,Miami,US
Boca Raton,US,Miami,US
Sebastian,US,Miami,US
Scarborough,TT,Miami,US
Comayagua,HN,Miami,US
Bay Harbor Islands,US,Miami,US
Marigot,MF,Miami,US
Solidaridad,MX,Miami,US
Dade City,US,Miami,US
Grand Cay,BS,Miami,US
Sarasota,US,Miami,US
Cartersville,US,Miami,US
Hialeah,US,Miami,US
Bridgetown,BB,Miami,US
Philipsburg,SX,Miami,US
Charlotte Amalie,VI,Miami,US
Crown Haven,BS,Miami,US
Pembroke Pines,US,Miami,US
Winter Haven,US,Miami,US
Maitland,US,Miami,US
Ponce,PR,Miami,US
Lake Worth,US,Miami,US
St John Island,VI,Miami,US
Bradenton,US,Miami,US
Basseterre,KN,Miami,US
Magante,DO,Miami,US
Lecherías,VE,Miami,US
San Juan,PR,Miami,US
Ciudad Guayana,VE,Miami,US
Melbourne,US,Miami,US
Kingsport,US,Miami,US
Chinandega,NI,Miami,US
Manatí,PR,Miami,US
Nassau,BS,Miami,US
Riviera Beach,US,Miami,US
Cataño,PR,Miami,US
Valencia,PR,Miami,US
Guaynabo,PR,Miami,US
Aguadilla,PR,Miami,US
Homestead,US,Miami,US
Citrus Springs,US,Miami,US
Cumaná,VE,Miami,US
Lehigh Acres,US,Miami,US
Kissimmee,US,Miami,US
"Sosua, Cabarete",DO,Miami,US
Toa Alta,PR,Miami,US
Coral Gables,US,Miami,US
San Rafael,US,Miami,US
Escazú,CR,Miami,US
Deltona,US,Miami,US
Fort Liberté,HT,Miami,US
Joba Arriba,DO,Miami,US
Edgewater,US,Miami,US
Lutz,US,Miami,US
Grecia,CR,Miami,US
Wellborn,US,Miami,US
Les Cayes,HT,Miami,US
Fort Lauderdale,US,Miami,US
Cordova,US,Miami,US
La Villa del Rosario,VE,Miami,US
Puerto Aventuras,MX,Miami,US
Guarenas,VE,Miami,US
Riohacha,CO,Miami,US
Portmore,JM,Miami,US
Luquillo,PR,Miami,US
Valley Stream,US,Miami,US
Linstead,JM,Miami,US
Kingston,JM,Miami,US
Indiantown,US,Miami,US
Veragua Abajo,DO,Miami,US
Margate,US,Miami,US
San Pedro Sula,HN,Miami,US
Georgetown,GY,Miami,US
DeLand,US,Miami,US
Port of Spain,TT,Miami,US
Aibonito,PR,Miami,US
Holiday,US,Miami,US
Montego Bay,JM,Miami,US
Los Patios,CO,Miami,US
Pétionville,HT,Miami,US
San Pablo,MX,Miami,US
Hormigueros,PR,Miami,US
Puerto Plata,DO,Miami,US
Leesburg,US,Miami,US
Oldsmar,US,Miami,US
Ozark,US,Miami,US
Lake Placid,US,Miami,US
Hollywood,US,Miami,US
North Miami Beach,US,Miami,US
Santo Domingo Oeste,DO,Miami,US
Bushnell,US,Miami,US
El Guarenal,VE,Miami,US
Largo,US,Miami,US
Boynton Beach,US,Miami,US
Longwood,US,Miami,US
Yantzaza,EC,Miami,US
Port Charlotte,US,Miami,US
Anaco,VE,Miami,US
Vero Beach,US,Miami,US
Lares,PR,Miami,US
Yauco,PR,Miami,US
Providenciales,TC,Miami,US
Orange City,US,Miami,US
Havana,CU,Miami,US
Colonel Hill,BS,Miami,US
Miragoâne,HT,Miami,US
Guayama,PR,Miami,US
Dorado,PR,Miami,US
Yabucoa,PR,Miami,US
Fort Myers,US,Miami,US
Coro,VE,Miami,US
Tultitlán de Mariano Escobedo,MX,Miami,US
Tampa,US,Miami,US
Gustavia,BL,Miami,US
Santurce,PR,Miami,US
Discovery Bay,JM,Miami,US
Estación la Sombrilla,MX,Miami,US
Gurabo,PR,Miami,US
El Tigre,VE,Miami,US
Delray Beach,US,Miami,US
Maturín,VE,Miami,US
Utila,HN,Miami,US
Santo Domingo Este,DO,Miami,US
Juárez,MX,Miami,US
Opa-locka,US,Miami,US
Trujillo,VE,Miami,US
Mao,DO,Miami,US
Les Abymes,GP,Miami,US
Deerfield Beach,US,Miami,US
Vega Baja,PR,Miami,US
Tulum,MX,Miami,US
Sanford,US,Miami,US
Destin,US,Miami,US
Lake Mary,US,Miami,US
Mandeville,JM,Miami,US
Naranjito,PR,Miami,US
La Guaira,VE,Miami,US
Bonao,DO,Miami,US
Lanai,US,Miami,US
Kingshill,VI,Miami,US
Aventura,US,Miami,US
Kanasín,MX,Miami,US
Luperón,DO,Miami,US
Coconut Creek,US,Miami,US
Plantation,US,Miami,US
Le Gosier,GP,Miami,US
Freeport,BS,Miami,US
Clermont,US,Miami,US
Turmero,VE,Miami,US
Asunción Nochixtlán,MX,Miami,US
Arcadia,US,Miami,US
Jérémie,HT,Miami,US
Gonaïves,HT,Miami,US
Buff Bay,JM,Miami,US
DeBary,US,Miami,US
Wauchula,US,Miami,US
Cayey,PR,Miami,US
Merritt Island,US,Miami,US
Oviedo,US,Miami,US
Terrasini,IT,Milan,IT
Mestrino,IT,Milan,IT
Campoformido,IT,Milan,IT
Acquaviva delle Fonti,IT,Milan,IT
Varallo Sesia,IT,Milan,IT
Pieve di Cadore,IT,Milan,IT
Kastanienbaum,CH,Milan,IT
Goldau,CH,Milan,IT
Fornovo di Taro,IT,Milan,IT
Castelnuovo di Porto,IT,Milan,IT
Arcola,IT,Milan,IT
Castelcucco,IT,Milan,IT
Langhirano,IT,Milan,IT
Marino,IT,Milan,IT
Masone,IT,Milan,IT
Dölsach,AT,Milan,IT
Piumazzo,IT,Milan,IT
San Gennaro Vesuviano,IT,Milan,IT
Civezzano,IT,Milan,IT
Succivo,IT,Milan,IT
Savosa,CH,Milan,IT
Castiglione Olona,IT,Milan,IT
Casale sul Sile,IT,Milan,IT
Torre Annunziata,IT,Milan,IT
Bracciano,IT,Milan,IT
Vitulano,IT,Milan,IT
San Giovanni Ilarione,IT,Milan,IT
Oderzo,IT,Milan,IT
Pineto,IT,Milan,IT
Cornuda,IT,Milan,IT
Latiano,IT,Milan,IT
Zenson di Piave,IT,Milan,IT
San Stino di Livenza,IT,Milan,IT
Ortona,IT,Milan,IT
Grassobbio,IT,Milan,IT
Conegliano,IT,Milan,IT
Giffone,IT,Milan,IT
Fiorenzuola d'Arda,IT,Milan,IT
Savona,IT,Milan,IT
Marcianise,IT,Milan,IT
Tolmin,SI,Milan,IT
Martinengo,IT,Milan,IT
Rho,IT,Milan,IT
Santa Maria Capua Vetere,IT,Milan,IT
Zagreb,HR,Milan,IT
Cazzano Sant'Andrea,IT,Milan,IT
Urbisaglia,IT,Milan,IT
Gioiosa Ionica,IT,Milan,IT
Ciserano,IT,Milan,IT
Cirimido,IT,Milan,IT
Peschiera Borromeo,IT,Milan,IT
Mondovì,IT,Milan,IT
Vezia,CH,Milan,IT
Gussago,IT,Milan,IT
Como,IT,Milan,IT
Turate,IT,Milan,IT
Cittadella,IT,Milan,IT
Dolo,IT,Milan,IT
Quinzano d'Oglio,IT,Milan,IT
Cerignola,IT,Milan,IT
Dolcè,IT,Milan,IT
Torre de' Passeri,IT,Milan,IT
Spadafora,IT,Milan,IT
Cancello e Arnone,IT,Milan,IT
San Prospero,IT,Milan,IT
Lomello,IT,Milan,IT
Scarperia,IT,Milan,IT
Montemurlo,IT,Milan,IT
Cardito,IT,Milan,IT
Prata di Pordenone,IT,Milan,IT
Gualdo Tadino,IT,Milan,IT
Palazzo Pignano,IT,Milan,IT
Ossona,IT,Milan,IT
Ospedalicchio,IT,Milan,IT
Taverna,IT,Milan,IT
Portovenere,IT,Milan,IT
Schio,IT,Milan,IT
Mondragone,IT,Milan,IT
Macerata Feltria,IT,Milan,IT
Ripatransone,IT,Milan,IT
Maddaloni,IT,Milan,IT
Paitone,IT,Milan,IT
Susegana,IT,Milan,IT
Montecalvo Versiggia,IT,Milan,IT
Kamna Gorica,SI,Milan,IT
Cormano,IT,Milan,IT
Vedano Olona,IT,Milan,IT
Sestu,IT,Milan,IT
Solagna,IT,Milan,IT
Montecosaro,IT,Milan,IT
Polverara,IT,Milan,IT
Asti,IT,Milan,IT
Spicchio-Sovigliana,IT,Milan,IT
Cividate Camuno,IT,Milan,IT
Rubiera,IT,Milan,IT
Lumezzane,IT,Milan,IT
Povir,SI,Milan,IT
Zandobbio,IT,Milan,IT
Nocera Terinese,IT,Milan,IT
Vaiano Cremasco,IT,Milan,IT
Lido di Jesolo,IT,Milan,IT
Stigliano,IT,Milan,IT
Misilmeri,IT,Milan,IT
Vada,IT,Milan,IT
Riazzino,CH,Milan,IT
Cadelbosco di Sotto,IT,Milan,IT
Motta Visconti,IT,Milan,IT
Cinto Euganeo,IT,Milan,IT
Castagnola,CH,Milan,IT
Romans d'Isonzo,IT,Milan,IT
Pescia,IT,Milan,IT
Mason Vicentino,IT,Milan,IT
Massarosa,IT,Milan,IT
Siano,IT,Milan,IT
Caldogno,IT,Milan,IT
Lonate Pozzolo,IT,Milan,IT
Fiano Romano,IT,Milan,IT
Rose,IT,Milan,IT
Villa di Briano,IT,Milan,IT
Fontanella,IT,Milan,IT
Ghisalba,IT,Milan,IT
Castelleone,IT,Milan,IT
Casalborgone,IT,Milan,IT
Rovello Porro,IT,Milan,IT
Utzenstorf,CH,Milan,IT
Quarto Inferiore,IT,Milan,IT
Nociglia,IT,Milan,IT
Trontano,IT,Milan,IT
Ponte Capriasca,CH,Milan,IT
Cureggio,IT,Milan,IT
Foggia,IT,Milan,IT
San Prisco,IT,Milan,IT
Civitella di Romagna,IT,Milan,IT
Piovene Rocchette,IT,Milan,IT
Sperlonga,IT,Milan,IT
Mirano,IT,Milan,IT
Torre Gaia,IT,Milan,IT
Augusta,IT,Milan,IT
Quarona,IT,Milan,IT
Casorate Primo,IT,Milan,IT
Santhià,IT,Milan,IT
Cosenza,IT,Milan,IT
Dego,IT,Milan,IT
Monteiasi,IT,Milan,IT
Formigine,IT,Milan,IT
Potenza Picena,IT,Milan,IT
Polesella,IT,Milan,IT
Civita d'Antino,IT,Milan,IT
Rivalta di Torino,IT,Milan,IT
Angera,IT,Milan,IT
Force,IT,Milan,IT
Sala Consilina,IT,Milan,IT
Serramazzoni,IT,Milan,IT
Zogno,IT,Milan,IT
Capua,IT,Milan,IT
Airuno,IT,Milan,IT
Zanica,IT,Milan,IT
Albinea,IT,Milan,IT
Rapagnano,IT,Milan,IT
Paderno Franciacorta,IT,Milan,IT
Fara in Sabina,IT,Milan,IT
Novate Milanese,IT,Milan,IT
Cafasse,IT,Milan,IT
Sasso Marconi,IT,Milan,IT
Sassari,IT,Milan,IT
Vercana,IT,Milan,IT
Moltrasio,IT,Milan,IT
Fagnano Castello,IT,Milan,IT
Veggiano,IT,Milan,IT
San Romano,IT,Milan,IT
Boltiere,IT,Milan,IT
Carenno,IT,Milan,IT
San Giorgio Morgeto,IT,Milan,IT
Labin,HR,Milan,IT
Montefalcione,IT,Milan,IT
Rosà,IT,Milan,IT
Lastra a Signa,IT,Milan,IT
San Pietro di Feletto,IT,Milan,IT
Bracigliano,IT,Milan,IT
Santa Maria la Longa,IT,Milan,IT
Fossò,IT,Milan,IT
Castelnuovo Rangone,IT,Milan,IT
Fano,IT,Milan,IT
Ponte San Nicolò,IT,Milan,IT
San Martino Valle Caudina,IT,Milan,IT
Pieve Santo Stefano,IT,Milan,IT
Montebelluna,IT,Milan,IT
Gudo,CH,Milan,IT
Cinto Caomaggiore,IT,Milan,IT
Lusciano,IT,Milan,IT
Carmignano di Brenta,IT,Milan,IT
Lamone,CH,Milan,IT
Sant'Anastasia,IT,Milan,IT
Fragagnano,IT,Milan,IT
Guagnano,IT,Milan,IT
Paradiso,CH,Milan,IT
Bariano,IT,Milan,IT
Somaglia,IT,Milan,IT
Medicina,IT,Milan,IT
Sesto San Giovanni,IT,Milan,IT
Lugagnano,IT,Milan,IT
San Potito Sannitico,IT,Milan,IT
Buccinasco,IT,Milan,IT
Egnach,CH,Milan,IT
Nardò,IT,Milan,IT
Saviano,IT,Milan,IT
Borgosatollo,IT,Milan,IT
Dravograd,SI,Milan,IT
Scicli,IT,Milan,IT
Jurovski Dol,SI,Milan,IT
Šenčur,SI,Milan,IT
Sorradile,IT,Milan,IT
Gorgonzola,IT,Milan,IT
Carbonara di Nola,IT,Milan,IT
Taglio,IT,Milan,IT
Telese,IT,Milan,IT
Isorella,IT,Milan,IT
Assago,IT,Milan,IT
Altino,IT,Milan,IT
Riva del Garda,IT,Milan,IT
Casalmaiocco,IT,Milan,IT
Naples,IT,Milan,IT
Castenaso,IT,Milan,IT
Villa Carcina,IT,Milan,IT
Ittiri,IT,Milan,IT
Rozzano,IT,Milan,IT
San Sostene,IT,Milan,IT
Sassoferrato,IT,Milan,IT
Vittuone,IT,Milan,IT
Parete,IT,Milan,IT
Lesignano de' Bagni,IT,Milan,IT
Grotteria,IT,Milan,IT
Santa Giustina,IT,Milan,IT
Castelvetro di Modena,IT,Milan,IT
Castelnuovo di Garfagnana,IT,Milan,IT
Borgosesia,IT,Milan,IT
Chiaravalle,IT,Milan,IT
Villa Santa Lucia,IT,Milan,IT
Mortara,IT,Milan,IT
Asolo,IT,Milan,IT
Lentate sul Seveso,IT,Milan,IT
Buja,IT,Milan,IT
Paterno,IT,Milan,IT
Bresso,IT,Milan,IT
Treviglio,IT,Milan,IT
Pietra Marazzi,IT,Milan,IT
Brentonico,IT,Milan,IT
Poppi,IT,Milan,IT
Sant'Urbano,IT,Milan,IT
Adelfia,IT,Milan,IT
Crispano,IT,Milan,IT
Savignano Irpino,IT,Milan,IT
Vallesse,IT,Milan,IT
Schönberg im Stubaital,AT,Milan,IT
Lucera,IT,Milan,IT
Lyon,FR,Milan,IT
Vasto,IT,Milan,IT
Castione della Presolana,IT,Milan,IT
Nibionno,IT,Milan,IT
Bultei,IT,Milan,IT
Lanciano,IT,Milan,IT
Volpago del Montello,IT,Milan,IT
Casamassima,IT,Milan,IT
Costa di Mezzate,IT,Milan,IT
Collodi,IT,Milan,IT
Santa Maria del Cedro,IT,Milan,IT
Andria,IT,Milan,IT
Volterra,IT,Milan,IT
Koper,SI,Milan,IT
Tonara,IT,Milan,IT
Talamello,IT,Milan,IT
Roggwil,CH,Milan,IT
Albignasego,IT,Milan,IT
Marghera,IT,Milan,IT
Collepasso,IT,Milan,IT
Busseto,IT,Milan,IT
Ruoti,IT,Milan,IT
Orzignano,IT,Milan,IT
Bolzano,IT,Milan,IT
Pieve di Soligo,IT,Milan,IT
Cesate,IT,Milan,IT
Vigonza,IT,Milan,IT
Stra,IT,Milan,IT
Turriaco,IT,Milan,IT
Pogliano Milanese,IT,Milan,IT
Città di Castello,IT,Milan,IT
Terlan,IT,Milan,IT
Mercogliano,IT,Milan,IT
Seravezza,IT,Milan,IT
Borgo Val di Taro,IT,Milan,IT
Vaglia,IT,Milan,IT
Palagianello,IT,Milan,IT
Castelfidardo,IT,Milan,IT
Figino Serenza,IT,Milan,IT
Bacoli,IT,Milan,IT
Selargius,IT,Milan,IT
Diano d'Alba,IT,Milan,IT
Montalbano,IT,Milan,IT
Monte San Giovanni Campano,IT,Milan,IT
Nepi,IT,Milan,IT
Arco,IT,Milan,IT
Sospiro,IT,Milan,IT
Borgo San Lorenzo,IT,Milan,IT
Chiaromonte,IT,Milan,IT
Gradara,IT,Milan,IT
Campiglia Marittima,IT,Milan,IT
Paladina,IT,Milan,IT
Grosseto,IT,Milan,IT
Leno,IT,Milan,IT
Kastav,HR,Milan,IT
Montirone,IT,Milan,IT
Vigonovo,IT,Milan,IT
San Mango Piemonte,IT,Milan,IT
Squillace,IT,Milan,IT
Codogno,IT,Milan,IT
Bassone,IT,Milan,IT
Ciampino,IT,Milan,IT
Gattico,IT,Milan,IT
Nusco,IT,Milan,IT
Lanzo Torinese,IT,Milan,IT
Melissano,IT,Milan,IT
Fanano,IT,Milan,IT
Morgano,IT,Milan,IT
Cantello,IT,Milan,IT
Tuoro sul Trasimeno,IT,Milan,IT
Faella,IT,Milan,IT
Sirolo,IT,Milan,IT
Pizzo,IT,Milan,IT
Canneto sull'Oglio,IT,Milan,IT
Maleo,IT,Milan,IT
Capraia e Limite,IT,Milan,IT
Mansuè,IT,Milan,IT
Gozzano,IT,Milan,IT
Noci,IT,Milan,IT
Merano,IT,Milan,IT
Modigliana,IT,Milan,IT
Gasperina,IT,Milan,IT
Cadoneghe,IT,Milan,IT
Nulvi,IT,Milan,IT
Gorizia,IT,Milan,IT
Pianengo,IT,Milan,IT
Samarate,IT,Milan,IT
Mondolfo,IT,Milan,IT
Arzergrande,IT,Milan,IT
Toritto,IT,Milan,IT
Maida,IT,Milan,IT
Locate Varesino,IT,Milan,IT
Sessa Aurunca,IT,Milan,IT
Ceto,IT,Milan,IT
Genazzano,IT,Milan,IT
Cortemaggiore,IT,Milan,IT
Serina,IT,Milan,IT
Viadana,IT,Milan,IT
Fara Filiorum Petri,IT,Milan,IT
Zimella,IT,Milan,IT
Villalba,IT,Milan,IT
Vieste,IT,Milan,IT
Ajdovščina,SI,Milan,IT
Filogaso,IT,Milan,IT
Castagneto Carducci,IT,Milan,IT
San Giovanni Teatino,IT,Milan,IT
Gragnano,IT,Milan,IT
Torre del Greco,IT,Milan,IT
Cinisello Balsamo,IT,Milan,IT
Correggio,IT,Milan,IT
Tuglie,IT,Milan,IT
San Quirino,IT,Milan,IT
Oleggio,IT,Milan,IT
Artena,IT,Milan,IT
Bresternica,SI,Milan,IT
Limena,IT,Milan,IT
Ravarino,IT,Milan,IT
Olgiate Molgora,IT,Milan,IT
Trevi,IT,Milan,IT
Caerano di San Marco,IT,Milan,IT
Mengeš,SI,Milan,IT
Imperia,IT,Milan,IT
Cinquefrondi,IT,Milan,IT
Turi,IT,Milan,IT
Villaverla,IT,Milan,IT
Pontevico,IT,Milan,IT
Agno,CH,Milan,IT
Treia,IT,Milan,IT
Brugine,IT,Milan,IT
Coassolo Torinese,IT,Milan,IT
Carlino,IT,Milan,IT
Cavezzo,IT,Milan,IT
Terno d'Isola,IT,Milan,IT
Lusia,IT,Milan,IT
Marsicovetere,IT,Milan,IT
Leverano,IT,Milan,IT
Favaro Veneto,IT,Milan,IT
Fara Gera d'Adda,IT,Milan,IT
Cavarzere,IT,Milan,IT
Terzo,IT,Milan,IT
Cermenate,IT,Milan,IT
Bellaria-Igea Marina,IT,Milan,IT
Cremona,IT,Milan,IT
Bussolengo,IT,Milan,IT
Cadeo,IT,Milan,IT
Cefalù,IT,Milan,IT
Trezzano sul Naviglio,IT,Milan,IT
Casciana Terme,IT,Milan,IT
Palazzolo Acreide,IT,Milan,IT
Castana,IT,Milan,IT
San Giorgio in Bosco,IT,Milan,IT
Crespellano,IT,Milan,IT
Fossalta di Piave,IT,Milan,IT
Ballò,IT,Milan,IT
Figino,CH,Milan,IT
Piadena,IT,Milan,IT
Cagnano Varano,IT,Milan,IT
Cattolica,IT,Milan,IT
Paullo,IT,Milan,IT
Melegnano,IT,Milan,IT
Monasterace Marina,IT,Milan,IT
Bonisiolo,IT,Milan,IT
Ferrara,IT,Milan,IT
Cropani,IT,Milan,IT
Trissino,IT,Milan,IT
Pescate,IT,Milan,IT
Savio,IT,Milan,IT
Monte di Malo,IT,Milan,IT
San Giorgio Su Legnano,IT,Milan,IT
Tagliacozzo,IT,Milan,IT
Flero,IT,Milan,IT
Loreto,IT,Milan,IT
Orte,IT,Milan,IT
Lizzano,IT,Milan,IT
Piedimonte Matese,IT,Milan,IT
Certosa di Pavia,IT,Milan,IT
Passignano sul Trasimeno,IT,Milan,IT
Monterusciello,IT,Milan,IT
Leivi,IT,Milan,IT
Portoscuso,IT,Milan,IT
Pulsano,IT,Milan,IT
Traona,IT,Milan,IT
Seriate,IT,Milan,IT
Fagnano Olona,IT,Milan,IT
Spodnja Idrija,SI,Milan,IT
San Calogero,IT,Milan,IT
Vitulazio,IT,Milan,IT
Campi Salentina,IT,Milan,IT
Alzano Lombardo,IT,Milan,IT
Auletta,IT,Milan,IT
Spormaggiore,IT,Milan,IT
Paderno d'Adda,IT,Milan,IT
Collebeato,IT,Milan,IT
Monfumo,IT,Milan,IT
Serrara Fontana,IT,Milan,IT
Grandson,CH,Milan,IT
Faloppio,IT,Milan,IT
Pomezia,IT,Milan,IT
Lainate,IT,Milan,IT
Scaldasole,IT,Milan,IT
Gonzaga,IT,Milan,IT
Rocca San Giovanni,IT,Milan,IT
Tavarnelle Val di Pesa,IT,Milan,IT
Viganò,IT,Milan,IT
Commessaggio,IT,Milan,IT
Noviglio,IT,Milan,IT
Tržič,SI,Milan,IT
Agliana,IT,Milan,IT
Frattamaggiore,IT,Milan,IT
Bonavigo,IT,Milan,IT
Albiano,IT,Milan,IT
Casavatore,IT,Milan,IT
Casale Litta,IT,Milan,IT
Subbiano,IT,Milan,IT
Gorduno,CH,Milan,IT
Sant'Agata Feltria,IT,Milan,IT
Capodrise,IT,Milan,IT
Poggibonsi,IT,Milan,IT
Ferrera di Varese,IT,Milan,IT
Corniglia,IT,Milan,IT
San Nicola Manfredi,IT,Milan,IT
Calvisano,IT,Milan,IT
San Cesareo,IT,Milan,IT
Calderara di Reno,IT,Milan,IT
Ozzano dell'Emilia,IT,Milan,IT
Pradamano,IT,Milan,IT
Scurelle,IT,Milan,IT
Fontevivo,IT,Milan,IT
Isernia,IT,Milan,IT
Rezzato,IT,Milan,IT
San Martino in Pensilis,IT,Milan,IT
Collecchio,IT,Milan,IT
Rutigliano,IT,Milan,IT
Sefro,IT,Milan,IT
Sissa,IT,Milan,IT
Zelarino,IT,Milan,IT
Valdobbiadene,IT,Milan,IT
Caldonazzo,IT,Milan,IT
Pisana,IT,Milan,IT
Cabiate,IT,Milan,IT
Mozzo,IT,Milan,IT
Lesmo,IT,Milan,IT
Salvirola,IT,Milan,IT
Vietri di Potenza,IT,Milan,IT
Busto Garolfo,IT,Milan,IT
Caldaro sulla Strada del Vino,IT,Milan,IT
Limbadi,IT,Milan,IT
Montelupo Fiorentino,IT,Milan,IT
Monte San Pietrangeli,IT,Milan,IT
Minusio,CH,Milan,IT
Porto Empedocle,IT,Milan,IT
Bregnano,IT,Milan,IT
Amantea,IT,Milan,IT
Pellestrina,IT,Milan,IT
Maslianico,IT,Milan,IT
Bressanvido,IT,Milan,IT
Adro,IT,Milan,IT
Monsano,IT,Milan,IT
Acquaviva Picena,IT,Milan,IT
Chiasso,CH,Milan,IT
Soliera,IT,Milan,IT
Buguggiate,IT,Milan,IT
Marsa,MT,Milan,IT
Casorate Sempione,IT,Milan,IT
Campagna Lupia,IT,Milan,IT
Dosolo,IT,Milan,IT
Chiesina Uzzanese,IT,Milan,IT
Cavernago,IT,Milan,IT
Casarano,IT,Milan,IT
Cartoceto,IT,Milan,IT
Morazzone,IT,Milan,IT
Marostica,IT,Milan,IT
San Marco in Lamis,IT,Milan,IT
Marano sul Panaro,IT,Milan,IT
Montafia,IT,Milan,IT
Brenna,IT,Milan,IT
Vaiano,IT,Milan,IT
San Cipriano d'Aversa,IT,Milan,IT
Artegna,IT,Milan,IT
Bellinzona,CH,Milan,IT
Giussano,IT,Milan,IT
Biassono,IT,Milan,IT
Campolongo Maggiore,IT,Milan,IT
Verano Brianza,IT,Milan,IT
Civitella d'Agliano,IT,Milan,IT
Legnaro,IT,Milan,IT
Seregno,IT,Milan,IT
Hanover,DE,Milan,IT
Casalpusterlengo,IT,Milan,IT
Anguillara Veneta,IT,Milan,IT
Calvenzano,IT,Milan,IT
Ceraso,IT,Milan,IT
Druogno,IT,Milan,IT
Stranice,SI,Milan,IT
Roncofreddo,IT,Milan,IT
Locorotondo,IT,Milan,IT
Cittaducale,IT,Milan,IT
Barbariga,IT,Milan,IT
Rionero in Vulture,IT,Milan,IT
Vietri sul Mare,IT,Milan,IT
Vipava,SI,Milan,IT
Castenedolo,IT,Milan,IT
Borghetto Lodigiano,IT,Milan,IT
Pontasserchio,IT,Milan,IT
Castelfranco di Sotto,IT,Milan,IT
San Francesco al Campo,IT,Milan,IT
Margherita di Savoia,IT,Milan,IT
Schenna,IT,Milan,IT
Carini,IT,Milan,IT
Roverbella,IT,Milan,IT
Dello,IT,Milan,IT
Sordio,IT,Milan,IT
Gavorrano,IT,Milan,IT
Lovran,HR,Milan,IT
Grgar,SI,Milan,IT
Chiavenna,IT,Milan,IT
Primaluna,IT,Milan,IT
Seseglio,CH,Milan,IT
Pecetto di Valenza,IT,Milan,IT
Zaprešić,HR,Milan,IT
Pozzonovo,IT,Milan,IT
Ponte Sasso,IT,Milan,IT
Lurago d'Erba,IT,Milan,IT
Corciano,IT,Milan,IT
Fratte Rosa,IT,Milan,IT
Modugno,IT,Milan,IT
Induno Olona,IT,Milan,IT
Castelnuovo Vomano,IT,Milan,IT
Massa Marittima,IT,Milan,IT
Montecarlo,IT,Milan,IT
Carobbio degli Angeli,IT,Milan,IT
Isola della Scala,IT,Milan,IT
Carpineto Romano,IT,Milan,IT
Sirtori,IT,Milan,IT
Scandiano,IT,Milan,IT
Padova,IT,Milan,IT
Anghiari,IT,Milan,IT
Cento,IT,Milan,IT
Bornasco,IT,Milan,IT
Caselle Torinese,IT,Milan,IT
Palazzolo sull'Oglio,IT,Milan,IT
Ovaro,IT,Milan,IT
Casale Monferrato,IT,Milan,IT
Torre Santa Susanna,IT,Milan,IT
Govone,IT,Milan,IT
Vanzaghello,IT,Milan,IT
Norma,IT,Milan,IT
Moglia,IT,Milan,IT
Kropa,SI,Milan,IT
Malamocco,IT,Milan,IT
Mozzate,IT,Milan,IT
Villanova,IT,Milan,IT
Acqui Terme,IT,Milan,IT
Fizzonasco,IT,Milan,IT
Putignano,IT,Milan,IT
Lograto,IT,Milan,IT
Britof,SI,Milan,IT
Marliana,IT,Milan,IT
Montagnana,IT,Milan,IT
Pieve Emanuele,IT,Milan,IT
Fisciano,IT,Milan,IT
Petrizzi,IT,Milan,IT
Brixen,IT,Milan,IT
Corridonia,IT,Milan,IT
Saponara,IT,Milan,IT
Pistoia,IT,Milan,IT
Acate,IT,Milan,IT
Poljane nad Škofjo Loko,SI,Milan,IT
Bisignano,IT,Milan,IT
Vernate,IT,Milan,IT
Arcevia,IT,Milan,IT
Santa Maria a Monte,IT,Milan,IT
Arsoli,IT,Milan,IT
Levico Terme,IT,Milan,IT
Barbiano,IT,Milan,IT
Marsala,IT,Milan,IT
Venegono Inferiore,IT,Milan,IT
Busto Arsizio,IT,Milan,IT
Cassino,IT,Milan,IT
Santa Luce,IT,Milan,IT
Millesimo,IT,Milan,IT
Villadossola,IT,Milan,IT
San Gemini,IT,Milan,IT
Giardini-Naxos,IT,Milan,IT
Calerno,IT,Milan,IT
Seltisberg,CH,Milan,IT
Rivolta d'Adda,IT,Milan,IT
Almè,IT,Milan,IT
Rogaška Slatina,SI,Milan,IT
Rosarno,IT,Milan,IT
Castel Frentano,IT,Milan,IT
Monticelli d'Ongina,IT,Milan,IT
Carinola,IT,Milan,IT
Caravate,IT,Milan,IT
Fontanafredda,IT,Milan,IT
Ghemme,IT,Milan,IT
Sarezzo,IT,Milan,IT
Caltrano,IT,Milan,IT
Arquata Scrivia,IT,Milan,IT
Lariano,IT,Milan,IT
Fermo,IT,Milan,IT
Magnago,IT,Milan,IT
Pallanza-Intra-Suna,IT,Milan,IT
Tavernola Bergamasca,IT,Milan,IT
Castellalto,IT,Milan,IT
Montecchio Precalcino,IT,Milan,IT
Sogliano Cavour,IT,Milan,IT
Alezio,IT,Milan,IT
Roncello,IT,Milan,IT
Fiume Veneto,IT,Milan,IT
San Donato di Lecce,IT,Milan,IT
Ferno,IT,Milan,IT
Dicomano,IT,Milan,IT
Mira,IT,Milan,IT
Mirabello Monferrato,IT,Milan,IT
Costigliole d'Asti,IT,Milan,IT
Porto San Giorgio,IT,Milan,IT
Gazzaniga,IT,Milan,IT
Aiello del Sabato,IT,Milan,IT
Segrate,IT,Milan,IT
Bellinzago Lombardo,IT,Milan,IT
Podplat,SI,Milan,IT
Casaloldo,IT,Milan,IT
Trentola-Ducenta,IT,Milan,IT
Brusciano,IT,Milan,IT
Formignana,IT,Milan,IT
Calvi Risorta,IT,Milan,IT
Parghelia,IT,Milan,IT
Montecassiano,IT,Milan,IT
Sant'Agata Bolognese,IT,Milan,IT
Cugliate-Fabiasco,IT,Milan,IT
Tolfa,IT,Milan,IT
San Daniele del Friuli,IT,Milan,IT
Francavilla di Sicilia,IT,Milan,IT
Savignano sul Rubicone,IT,Milan,IT
Rocca di Neto,IT,Milan,IT
Paolisi,IT,Milan,IT
San Damiano d'Asti,IT,Milan,IT
Trezzano Rosa,IT,Milan,IT
Corese Terra,IT,Milan,IT
Bevagna,IT,Milan,IT
Asiago,IT,Milan,IT
Porcia,IT,Milan,IT
Škofljica,SI,Milan,IT
Quartu Sant'Elena,IT,Milan,IT
San Donaci,IT,Milan,IT
Negrar,IT,Milan,IT
Gozd Martuljek,SI,Milan,IT
Ome,IT,Milan,IT
Sovicille,IT,Milan,IT
Manno,CH,Milan,IT
Castegnato,IT,Milan,IT
Margine Coperta-Traversagna,IT,Milan,IT
Asciano,IT,Milan,IT
Rivergaro,IT,Milan,IT
Lugano,CH,Milan,IT
Presicce,IT,Milan,IT
Mediglia,IT,Milan,IT
Silea,IT,Milan,IT
Sedilo,IT,Milan,IT
Taggia,IT,Milan,IT
Fonte Nuova,IT,Milan,IT
Rivera TI,CH,Milan,IT
Alanno,IT,Milan,IT
Trevignano,IT,Milan,IT
San Giustino,IT,Milan,IT
Pettnau,AT,Milan,IT
Alife,IT,Milan,IT
Brugherio,IT,Milan,IT
Giffoni Valle Piana,IT,Milan,IT
Carignano,IT,Milan,IT
Striano,IT,Milan,IT
Balsorano Vecchio,IT,Milan,IT
Rakek,SI,Milan,IT
Conversano,IT,Milan,IT
Casalbuttano ed Uniti,IT,Milan,IT
Pellezzano,IT,Milan,IT
Quarto,IT,Milan,IT
Venegono Superiore,IT,Milan,IT
Gazoldo degli Ippoliti,IT,Milan,IT
Fiorano Modenese,IT,Milan,IT
Mils bei Solbad Hall,AT,Milan,IT
Pozzuolo Martesana,IT,Milan,IT
Loro Ciuffenna,IT,Milan,IT
San Giovanni Rotondo,IT,Milan,IT
Palmi,IT,Milan,IT
Bicinicco,IT,Milan,IT
Medole,IT,Milan,IT
Giugliano in Campania,IT,Milan,IT
Scandicci,IT,Milan,IT
Borore,IT,Milan,IT
Mantegazza,IT,Milan,IT
Apricena,IT,Milan,IT
Cerreto Guidi,IT,Milan,IT
Vall'Alta,IT,Milan,IT
Casnate Con Bernate,IT,Milan,IT
Calimera,IT,Milan,IT
Bastiglia,IT,Milan,IT
Vignola,IT,Milan,IT
Grantorto,IT,Milan,IT
Pizzoli,IT,Milan,IT
Valmadrera,IT,Milan,IT
Sinalunga,IT,Milan,IT
Pedrengo,IT,Milan,IT
Trebnje,SI,Milan,IT
Grezzago,IT,Milan,IT
Valmorea,IT,Milan,IT
Presezzo,IT,Milan,IT
Agropoli,IT,Milan,IT
Cannara,IT,Milan,IT
Lamezia Terme,IT,Milan,IT
Giarre,IT,Milan,IT
Sesto Calende,IT,Milan,IT
Pantigliate,IT,Milan,IT
Cellamare,IT,Milan,IT
San Demetrio Ne' Vestini,IT,Milan,IT
Cairate,IT,Milan,IT
Verona,IT,Milan,IT
Cernobbio,IT,Milan,IT
Casazza,IT,Milan,IT
Hrpelje,SI,Milan,IT
Porcari,IT,Milan,IT
Feletto Umberto,IT,Milan,IT
Posavec,SI,Milan,IT
Liveri,IT,Milan,IT
Casteldaccia,IT,Milan,IT
Sementina,CH,Milan,IT
Monte San Savino,IT,Milan,IT
Monreale,IT,Milan,IT
San Lazzaro di Savena,IT,Milan,IT
Pago del Vallo di Lauro,IT,Milan,IT
Rottofreno,IT,Milan,IT
Pagnacco,IT,Milan,IT
Sirone,IT,Milan,IT
Teano,IT,Milan,IT
Nogara,IT,Milan,IT
Bonate Sotto,IT,Milan,IT
Esenta,IT,Milan,IT
Cuvio,IT,Milan,IT
Kranjska Gora,SI,Milan,IT
Strambino,IT,Milan,IT
Collina d'Oro,CH,Milan,IT
San Miniato Basso,IT,Milan,IT
Alfonsine,IT,Milan,IT
Soncino,IT,Milan,IT
Monte Porzio Catone,IT,Milan,IT
Antella,IT,Milan,IT
San Giovanni in Marignano,IT,Milan,IT
Quinto di Treviso,IT,Milan,IT
Mascali,IT,Milan,IT
Viano,IT,Milan,IT
Cologne,IT,Milan,IT
Torchiarolo,IT,Milan,IT
Capri,IT,Milan,IT
Curinga,IT,Milan,IT
Grizzana Morandi,IT,Milan,IT
Cervinara,IT,Milan,IT
Torremaggiore,IT,Milan,IT
Castelfiorentino,IT,Milan,IT
Luino,IT,Milan,IT
Ponte dell'Olio,IT,Milan,IT
Dovera,IT,Milan,IT
Vajont,IT,Milan,IT
Meduna di Livenza,IT,Milan,IT
Guardiagrele,IT,Milan,IT
Cazzago San Martino,IT,Milan,IT
Nuoro,IT,Milan,IT
Maclodio,IT,Milan,IT
Buonconvento,IT,Milan,IT
Carnate,IT,Milan,IT
Castel Bolognese,IT,Milan,IT
Montecorvino Pugliano,IT,Milan,IT
Toano,IT,Milan,IT
San Pietro in Guarano,IT,Milan,IT
Calaone,IT,Milan,IT
Barbianello,IT,Milan,IT
Palazzolo dello Stella,IT,Milan,IT
Montegalda,IT,Milan,IT
Romano d'Ezzelino,IT,Milan,IT
Forlì,IT,Milan,IT
Cornaredo,IT,Milan,IT
Follina,IT,Milan,IT
Camisano Vicentino,IT,Milan,IT
Freinsheim,DE,Milan,IT
Buggiano,IT,Milan,IT
Breganze,IT,Milan,IT
Ruvo di Puglia,IT,Milan,IT
Carmiano,IT,Milan,IT
Villanuova sul Clisi,IT,Milan,IT
Londa,IT,Milan,IT
San Zeno di Montagna,IT,Milan,IT
San Fior,IT,Milan,IT
Forio,IT,Milan,IT
San Paolo di Civitate,IT,Milan,IT
Maserada sul Piave,IT,Milan,IT
Sliema,MT,Milan,IT
Santo Stefano di Rogliano,IT,Milan,IT
Ronchis,IT,Milan,IT
Genivolta,IT,Milan,IT
Loano,IT,Milan,IT
Volčja Draga,SI,Milan,IT
San Pietro Mosezzo,IT,Milan,IT
Crikvenica,HR,Milan,IT
San Giovanni a Teduccio,IT,Milan,IT
Roggiano Gravina,IT,Milan,IT
Capannori,IT,Milan,IT
Bari,IT,Milan,IT
Azzano San Paolo,IT,Milan,IT
Carrè,IT,Milan,IT
Rancate,CH,Milan,IT
Capriano del Colle,IT,Milan,IT
Loro Piceno,IT,Milan,IT
Sant'Agata Li Battiati,IT,Milan,IT
Piran,SI,Milan,IT
Le Rughe,IT,Milan,IT
Roveredo in Piano,IT,Milan,IT
Noto,IT,Milan,IT
San Giorgio a Colonica,IT,Milan,IT
Druento,IT,Milan,IT
Terlizzi,IT,Milan,IT
Chiusi Scalo,IT,Milan,IT
Baranzate,IT,Milan,IT
Valenza,IT,Milan,IT
Gorenje Dole,SI,Milan,IT
Zorlesco,IT,Milan,IT
Poggio Renatico,IT,Milan,IT
Traversetolo,IT,Milan,IT
Carovilli,IT,Milan,IT
Boscotrecase,IT,Milan,IT
Sedegliano,IT,Milan,IT
Camino,IT,Milan,IT
Delebio,IT,Milan,IT
Rometta,IT,Milan,IT
Carinaro,IT,Milan,IT
Pontecorvo,IT,Milan,IT
Lucca,IT,Milan,IT
Mercato San Severino,IT,Milan,IT
Prato,IT,Milan,IT
Bagni di Lucca,IT,Milan,IT
Villa Guardia,IT,Milan,IT
La Bertolda,IT,Milan,IT
Poiana Maggiore,IT,Milan,IT
Chiuppano,IT,Milan,IT
Pusiano,IT,Milan,IT
Logatec,SI,Milan,IT
Villafranca di Verona,IT,Milan,IT
Luisago,IT,Milan,IT
Ponte Lambro,IT,Milan,IT
Vico Equense,IT,Milan,IT
Dubino,IT,Milan,IT
Ormelle,IT,Milan,IT
Giovinazzo,IT,Milan,IT
Pianella,IT,Milan,IT
Polcenigo,IT,Milan,IT
Majšperk,SI,Milan,IT
Staglieno,IT,Milan,IT
Bagnolo del Salento,IT,Milan,IT
Sedico,IT,Milan,IT
Pezzan,IT,Milan,IT
Chiuro,IT,Milan,IT
Settimo Milanese,IT,Milan,IT
Porto Recanati,IT,Milan,IT
Carosino,IT,Milan,IT
Adrano,IT,Milan,IT
Albinia,IT,Milan,IT
Thiene,IT,Milan,IT
Gerenzano,IT,Milan,IT
Volturara Irpina,IT,Milan,IT
Cogliate,IT,Milan,IT
Ruvigliana,CH,Milan,IT
Gordola,CH,Milan,IT
Rocca d'Arce,IT,Milan,IT
Nocera Umbra,IT,Milan,IT
Nürensdorf,CH,Milan,IT
Atina,IT,Milan,IT
Barberino di Mugello,IT,Milan,IT
Scarperia e San Piero,IT,Milan,IT
Strongoli,IT,Milan,IT
Latisana,IT,Milan,IT
Pesaro,IT,Milan,IT
Canaletti,IT,Milan,IT
Grottaferrata,IT,Milan,IT
Torella del Sannio,IT,Milan,IT
Sovico,IT,Milan,IT
Alba Adriatica,IT,Milan,IT
Castelleone di Suasa,IT,Milan,IT
Calolziocorte,IT,Milan,IT
Florence,IT,Milan,IT
Piancogno,IT,Milan,IT
Veternigo,IT,Milan,IT
Loče,SI,Milan,IT
Sigillo,IT,Milan,IT
Fossacesia,IT,Milan,IT
Pimonte,IT,Milan,IT
Amato,IT,Milan,IT
Marzalengo,IT,Milan,IT
Filottrano,IT,Milan,IT
Nogarole Rocca,IT,Milan,IT
Alberona,IT,Milan,IT
Cles,IT,Milan,IT
Scarlino,IT,Milan,IT
Lipari,IT,Milan,IT
Albano Laziale,IT,Milan,IT
Carapelle,IT,Milan,IT
La Chaux-de-Fonds,CH,Milan,IT
Vistarino,IT,Milan,IT
Greve in Chianti,IT,Milan,IT
Fossano,IT,Milan,IT
Palmanova,IT,Milan,IT
Molinella,IT,Milan,IT
Castelnuovo Don Bosco,IT,Milan,IT
Bagnolo in Piano,IT,Milan,IT
Valenzano,IT,Milan,IT
Venice,IT,Milan,IT
Borgorose,IT,Milan,IT
Cassolnovo,IT,Milan,IT
Carpaneto Piacentino,IT,Milan,IT
Papiano,IT,Milan,IT
Fermignano,IT,Milan,IT
San Pietro in Casale,IT,Milan,IT
Vigevano,IT,Milan,IT
Monte San Giusto,IT,Milan,IT
Avola,IT,Milan,IT
Brienza,IT,Milan,IT
Santa Maria la Stella,IT,Milan,IT
Castelluccio Inferiore,IT,Milan,IT
Cerro al Lambro,IT,Milan,IT
Turin,IT,Milan,IT
Cosio Valtellino,IT,Milan,IT
Montevarchi,IT,Milan,IT
Tricase,IT,Milan,IT
Sarno,IT,Milan,IT
Manziana,IT,Milan,IT
Torbole Casaglia,IT,Milan,IT
Usmate Velate,IT,Milan,IT
Sedrina,IT,Milan,IT
Sergnano,IT,Milan,IT
Casarsa della Delizia,IT,Milan,IT
Canzano,IT,Milan,IT
Litija,SI,Milan,IT
Rogeno,IT,Milan,IT
Caccamo,IT,Milan,IT
Cetraro,IT,Milan,IT
Pertusio,IT,Milan,IT
Sona,IT,Milan,IT
Oliena,IT,Milan,IT
Ardore,IT,Milan,IT
Melide,CH,Milan,IT
Balerna,CH,Milan,IT
Rovigo,IT,Milan,IT
Cannalonga,IT,Milan,IT
Monsummano Terme,IT,Milan,IT
Cadenazzo,CH,Milan,IT
Modena,IT,Milan,IT
Mulazzano,IT,Milan,IT
Fabro,IT,Milan,IT
Ceprano,IT,Milan,IT
Bonorva,IT,Milan,IT
Cerano,IT,Milan,IT
Spessa,IT,Milan,IT
Ceriano Laghetto,IT,Milan,IT
Canobbio,CH,Milan,IT
Magenta,IT,Milan,IT
Sortino,IT,Milan,IT
Cesarò,IT,Milan,IT
Bonifati,IT,Milan,IT
Torre Le Nocelle,IT,Milan,IT
Gubbio,IT,Milan,IT
Casarile,IT,Milan,IT
Gabicce Mare,IT,Milan,IT
Clivio,IT,Milan,IT
Castellanza,IT,Milan,IT
Castelgomberto,IT,Milan,IT
Recanati,IT,Milan,IT
Lioni,IT,Milan,IT
San Michele di Ganzaria,IT,Milan,IT
Cavenago d'Adda,IT,Milan,IT
Gradisca d'Isonzo,IT,Milan,IT
Sanremo,IT,Milan,IT
Boscoreale,IT,Milan,IT
Saronno,IT,Milan,IT
Pontassieve,IT,Milan,IT
Samassi,IT,Milan,IT
Vigliano Biellese,IT,Milan,IT
Frontino,IT,Milan,IT
Montefano,IT,Milan,IT
Gonars,IT,Milan,IT
Abbiategrasso,IT,Milan,IT
Gravina di Catania,IT,Milan,IT
Specchia,IT,Milan,IT
Nerviano,IT,Milan,IT
Torregrotta,IT,Milan,IT
Angri,IT,Milan,IT
Marineo,IT,Milan,IT
San Lucido,IT,Milan,IT
Cervignano del Friuli,IT,Milan,IT
Tortoreto,IT,Milan,IT
Pontecchio Polesine,IT,Milan,IT
Robecco d'Oglio,IT,Milan,IT
Solofra,IT,Milan,IT
Dozza,IT,Milan,IT
Potenza,IT,Milan,IT
Carmignano,IT,Milan,IT
Noicattaro,IT,Milan,IT
Cicciano,IT,Milan,IT
Zinasco,IT,Milan,IT
Cotignola,IT,Milan,IT
Pau,IT,Milan,IT
Roseto degli Abruzzi,IT,Milan,IT
Grotte,IT,Milan,IT
San Demetrio Corone,IT,Milan,IT
Castelferretti,IT,Milan,IT
Cremeno,IT,Milan,IT
Izola,SI,Milan,IT
Veruno,IT,Milan,IT
Lodi,IT,Milan,IT
Teolo,IT,Milan,IT
Uggiate Trevano,IT,Milan,IT
Venafro,IT,Milan,IT
Porto Santo Stefano,IT,Milan,IT
Urago d'Oglio,IT,Milan,IT
Bertinoro,IT,Milan,IT
Fagagna,IT,Milan,IT
Rizziconi,IT,Milan,IT
Grado,IT,Milan,IT
Mazara del Vallo,IT,Milan,IT
Albiate,IT,Milan,IT
San Donà di Piave,IT,Milan,IT
Riomaggiore,IT,Milan,IT
Arcade,IT,Milan,IT
Gazzo,IT,Milan,IT
Saccolongo,IT,Milan,IT
Concordia sulla Secchia,IT,Milan,IT
Sant'Ilario d'Enza,IT,Milan,IT
Castiraga Vidardo,IT,Milan,IT
Ponzano Veneto,IT,Milan,IT
Tramutola,IT,Milan,IT
Acitrezza,IT,Milan,IT
Acqualagna,IT,Milan,IT
Pieve Torina,IT,Milan,IT
Cuggiono,IT,Milan,IT
Azzano Mella,IT,Milan,IT
Revere,IT,Milan,IT
Baone,IT,Milan,IT
Ercolano,IT,Milan,IT
Bentivoglio,IT,Milan,IT
Signa,IT,Milan,IT
Monticello Brianza,IT,Milan,IT
Amatrice,IT,Milan,IT
San Felice sul Panaro,IT,Milan,IT
Lozzo Atestino,IT,Milan,IT
Tarquinia,IT,Milan,IT
Ternate,IT,Milan,IT
Colle Umberto,IT,Milan,IT
Bolotana,IT,Milan,IT
Tradate,IT,Milan,IT
Botteghino,IT,Milan,IT
Macchiagodena,IT,Milan,IT
Monte di Procida,IT,Milan,IT
Buddusò,IT,Milan,IT
Lecco,IT,Milan,IT
Viagrande,IT,Milan,IT
San Costantino Calabro,IT,Milan,IT
Bellinzago Novarese,IT,Milan,IT
Asigliano Vercellese,IT,Milan,IT
Palosco,IT,Milan,IT
Casaletto Vaprio,IT,Milan,IT
Fantasina,IT,Milan,IT
Ragusa,IT,Milan,IT
Bassano Romano,IT,Milan,IT
Mozirje,SI,Milan,IT
Calenzano,IT,Milan,IT
Zollino,IT,Milan,IT
Grumolo delle Abbadesse,IT,Milan,IT
Civitanova Marche,IT,Milan,IT
Prevalle,IT,Milan,IT
Torgiano,IT,Milan,IT
Pratola Serra,IT,Milan,IT
Rubano,IT,Milan,IT
Acireale,IT,Milan,IT
Calco,IT,Milan,IT
Cecina,IT,Milan,IT
Corropoli,IT,Milan,IT
Agrate Brianza,IT,Milan,IT
Vezzano sul Crostolo,IT,Milan,IT
Montescudo,IT,Milan,IT
Grammichele,IT,Milan,IT
Crotta d'Adda,IT,Milan,IT
Forte dei Marmi,IT,Milan,IT
Aragona,IT,Milan,IT
Santa Marinella,IT,Milan,IT
Canonica d'Adda,IT,Milan,IT
Minerbio,IT,Milan,IT
Msida,MT,Milan,IT
Impruneta,IT,Milan,IT
Limone Piemonte,IT,Milan,IT
Lacco Ameno,IT,Milan,IT
Muravera,IT,Milan,IT
Torricella,CH,Milan,IT
Borgo Valsugana,IT,Milan,IT
Črnomelj,SI,Milan,IT
Erbusco,IT,Milan,IT
Montepulciano,IT,Milan,IT
Dino,CH,Milan,IT
Nosate,IT,Milan,IT
Šempas,SI,Milan,IT
Felino,IT,Milan,IT
Piglio,IT,Milan,IT
Grigno,IT,Milan,IT
Ottaviano,IT,Milan,IT
Caronno Pertusella,IT,Milan,IT
Castelbaldo,IT,Milan,IT
Bagnoli Irpino,IT,Milan,IT
Vescia,IT,Milan,IT
Nervesa della Battaglia,IT,Milan,IT
San Giorgio di Nogaro,IT,Milan,IT
Crosia,IT,Milan,IT
Milazzo,IT,Milan,IT
Villongo,IT,Milan,IT
Asola,IT,Milan,IT
Galatone,IT,Milan,IT
Diso,IT,Milan,IT
Grugliasco,IT,Milan,IT
Montecchio Emilia,IT,Milan,IT
Sirmione,IT,Milan,IT
Migliarino,IT,Milan,IT
Licciana Nardi,IT,Milan,IT
Kranj,SI,Milan,IT
Castel San Pietro Terme,IT,Milan,IT
Mezzocorona,IT,Milan,IT
Coriano,IT,Milan,IT
Santa Maria di Sala,IT,Milan,IT
Castiglion Fibocchi,IT,Milan,IT
Medesano,IT,Milan,IT
Castagnaro,IT,Milan,IT
Canossa,IT,Milan,IT
Caprino Veronese,IT,Milan,IT
Renate,IT,Milan,IT
Magliano de' Marsi,IT,Milan,IT
Sestri Levante,IT,Milan,IT
Foiano della Chiana,IT,Milan,IT
San Giorgio del Sannio,IT,Milan,IT
Moncalieri,IT,Milan,IT
Teverola,IT,Milan,IT
Frosinone,IT,Milan,IT
Bagnolo Mella,IT,Milan,IT
Roè Volciano,IT,Milan,IT
Narni,IT,Milan,IT
Ionadi,IT,Milan,IT
Carpi,IT,Milan,IT
Campo Calabro,IT,Milan,IT
Pisogne,IT,Milan,IT
Domicella,IT,Milan,IT
Guarcino,IT,Milan,IT
Givoletto,IT,Milan,IT
Pietralunga,IT,Milan,IT
Altopascio,IT,Milan,IT
Assemini,IT,Milan,IT
Lodi Vecchio,IT,Milan,IT
Meolo,IT,Milan,IT
Santo Stefano di Camastra,IT,Milan,IT
Formia,IT,Milan,IT
Briatico,IT,Milan,IT
Pontecagnano,IT,Milan,IT
San Donato Val di Comino,IT,Milan,IT
Colombella,IT,Milan,IT
Alghero,IT,Milan,IT
San Zeno Naviglio,IT,Milan,IT
Cortina d'Ampezzo,IT,Milan,IT
Truccazzano,IT,Milan,IT
Comiso,IT,Milan,IT
Novaledo,IT,Milan,IT
Corsalone,IT,Milan,IT
Anguillara,IT,Milan,IT
Castel Morrone,IT,Milan,IT
Cademario,CH,Milan,IT
Basiano,IT,Milan,IT
Gravina in Puglia,IT,Milan,IT
Legnago,IT,Milan,IT
Alcamo,IT,Milan,IT
Avio,IT,Milan,IT
Leffe,IT,Milan,IT
Pignataro Maggiore,IT,Milan,IT
Montichiari,IT,Milan,IT
Luvinate,IT,Milan,IT
Acerno,IT,Milan,IT
Paglieta,IT,Milan,IT
San Lorenzo Isontino,IT,Milan,IT
Città della Pieve,IT,Milan,IT
Valguarnera Caropepe,IT,Milan,IT
Trzin,SI,Milan,IT
Renon,IT,Milan,IT
Villa Lagarina,IT,Milan,IT
Orzivecchi,IT,Milan,IT
Debant,AT,Milan,IT
Albiano Magra,IT,Milan,IT
Črnuče,SI,Milan,IT
Pregnana Milanese,IT,Milan,IT
Mezzago,IT,Milan,IT
Marmirolo,IT,Milan,IT
Maniago,IT,Milan,IT
Carisio,IT,Milan,IT
Brugnera,IT,Milan,IT
Krško,SI,Milan,IT
Pontinia,IT,Milan,IT
La Morra,IT,Milan,IT
Spongano,IT,Milan,IT
Mapello,IT,Milan,IT
Vaprio d'Adda,IT,Milan,IT
Monteroni d'Arbia,IT,Milan,IT
Piombino,IT,Milan,IT
Solferino,IT,Milan,IT
Montella,IT,Milan,IT
Taurisano,IT,Milan,IT
Schiavon,IT,Milan,IT
Rolo,IT,Milan,IT
Tuscania,IT,Milan,IT
San Fatucchio,IT,Milan,IT
Lurago Marinone,IT,Milan,IT
Torlino Vimercati,IT,Milan,IT
Gerenzago,IT,Milan,IT
Vidor,IT,Milan,IT
Delianuova,IT,Milan,IT
Grantola,IT,Milan,IT
Ravenna,IT,Milan,IT
Pizzighettone,IT,Milan,IT
Sandigliano,IT,Milan,IT
Solesino,IT,Milan,IT
Nocera Inferiore,IT,Milan,IT
Guardamiglio,IT,Milan,IT
Fabrica di Roma,IT,Milan,IT
Carnago,IT,Milan,IT
Salsomaggiore Terme,IT,Milan,IT
Vinovo,IT,Milan,IT
Mel,IT,Milan,IT
Bricherasio,IT,Milan,IT
Bocchigliero,IT,Milan,IT
Lizzanello,IT,Milan,IT
Zumpano,IT,Milan,IT
Meda,IT,Milan,IT
Bologna,IT,Milan,IT
Vrhnika,SI,Milan,IT
Vacallo,CH,Milan,IT
Maranello,IT,Milan,IT
Azzano Decimo,IT,Milan,IT
Žiri,SI,Milan,IT
Domanico,IT,Milan,IT
Imola,IT,Milan,IT
Solbiate Arno,IT,Milan,IT
Turbigo,IT,Milan,IT
Atella,IT,Milan,IT
Carpignano Salentino,IT,Milan,IT
Santa Sofia d'Epiro,IT,Milan,IT
Miradolo Terme,IT,Milan,IT
Laives,IT,Milan,IT
Quarrata,IT,Milan,IT
Castelverde,IT,Milan,IT
Pozzomaggiore,IT,Milan,IT
Gambolò,IT,Milan,IT
Camposanto,IT,Milan,IT
Orgosolo,IT,Milan,IT
Sori,IT,Milan,IT
Anacapri,IT,Milan,IT
Varedo,IT,Milan,IT
Porto Corsini,IT,Milan,IT
Arzago d'Adda,IT,Milan,IT
Montegranaro,IT,Milan,IT
Galatina,IT,Milan,IT
Grassano,IT,Milan,IT
Cassano d'Adda,IT,Milan,IT
Monselice,IT,Milan,IT
Spezzano della Sila,IT,Milan,IT
Pully,CH,Milan,IT
Polverigi,IT,Milan,IT
Torrebelvicino,IT,Milan,IT
Madignano,IT,Milan,IT
Castel Maggiore,IT,Milan,IT
San Venanzo,IT,Milan,IT
Lesina,IT,Milan,IT
Caselle Lurani,IT,Milan,IT
Monterotondo,IT,Milan,IT
Planina pri Sevnici,SI,Milan,IT
Portoferraio,IT,Milan,IT
Ascoli Satriano,IT,Milan,IT
Gattatico,IT,Milan,IT
Martellago,IT,Milan,IT
Ravne na Koroškem,SI,Milan,IT
Merate,IT,Milan,IT
Casteggio,IT,Milan,IT
Sagrado,IT,Milan,IT
Collemeto,IT,Milan,IT
Santa Lucia di Piave,IT,Milan,IT
Fornovo San Giovanni,IT,Milan,IT
Riva Ligure,IT,Milan,IT
Castelraimondo,IT,Milan,IT
Santo Stefano Ticino,IT,Milan,IT
San Casciano in Val di Pesa,IT,Milan,IT
Orosei,IT,Milan,IT
Medolla,IT,Milan,IT
Calcinaia,IT,Milan,IT
Villa Castelli,IT,Milan,IT
Curtatone,IT,Milan,IT
Castellucchio,IT,Milan,IT
Latina,IT,Milan,IT
Novi di Modena,IT,Milan,IT
Selvazzano Dentro,IT,Milan,IT
Castel San Giorgio,IT,Milan,IT
Cantù,IT,Milan,IT
Giustino,IT,Milan,IT
Budrio,IT,Milan,IT
Beregazzo con Figliaro,IT,Milan,IT
Campegine,IT,Milan,IT
Bozzano,IT,Milan,IT
Aversa,IT,Milan,IT
Finale Emilia,IT,Milan,IT
Colognola ai Colli,IT,Milan,IT
Settala,IT,Milan,IT
Fidenza,IT,Milan,IT
Arcisate,IT,Milan,IT
Camerata Picena,IT,Milan,IT
Grottolella,IT,Milan,IT
Piangipane,IT,Milan,IT
Pieve di Cento,IT,Milan,IT
Spirano,IT,Milan,IT
Villafranca Piemonte,IT,Milan,IT
Concorezzo,IT,Milan,IT
Parona,IT,Milan,IT
Chiaravalle Centrale,IT,Milan,IT
Landriano,IT,Milan,IT
Licata,IT,Milan,IT
Oppeano,IT,Milan,IT
Lido di Camaiore,IT,Milan,IT
Strà,IT,Milan,IT
Castel Mella,IT,Milan,IT
Ussana,IT,Milan,IT
Ceregnano,IT,Milan,IT
Dinami,IT,Milan,IT
Agra,CH,Milan,IT
Cutrofiano,IT,Milan,IT
San Valentino Torio,IT,Milan,IT
Sutri,IT,Milan,IT
Grimaldi,IT,Milan,IT
Gemonio,IT,Milan,IT
Vescovato,IT,Milan,IT
Gottolengo,IT,Milan,IT
Passirano,IT,Milan,IT
Bonate Sopra,IT,Milan,IT
Falconara Marittima,IT,Milan,IT
Città Sant'Angelo,IT,Milan,IT
Frattaminore,IT,Milan,IT
Marcallo con Casone,IT,Milan,IT
Monte Compatri,IT,Milan,IT
Verucchio,IT,Milan,IT
Coccaglio,IT,Milan,IT
Roveleto,IT,Milan,IT
Casola Valsenio,IT,Milan,IT
Cenaia,IT,Milan,IT
Rieti,IT,Milan,IT
Malnate,IT,Milan,IT
Viareggio,IT,Milan,IT
Cittanova,IT,Milan,IT
Campolongo al Torre,IT,Milan,IT
Guidonia Montecelio,IT,Milan,IT
Macherio,IT,Milan,IT
San Mauro,IT,Milan,IT
Comacchio,IT,Milan,IT
Pinzolo,IT,Milan,IT
Trino,IT,Milan,IT
Fabbrico,IT,Milan,IT
Rubiana,IT,Milan,IT
Marentino,IT,Milan,IT
Sonnino,IT,Milan,IT
Annone di Brianza,IT,Milan,IT
Rescaldina,IT,Milan,IT
Brindisi,IT,Milan,IT
Caorso,IT,Milan,IT
Montecorvino Rovella,IT,Milan,IT
Carrara,IT,Milan,IT
Erchie,IT,Milan,IT
Castiglione delle Stiviere,IT,Milan,IT
Spilamberto,IT,Milan,IT
Monte San Pietro,IT,Milan,IT
San Vendemiano,IT,Milan,IT
Rosciano,IT,Milan,IT
Pravisdomini,IT,Milan,IT
Bussi sul Tirino,IT,Milan,IT
Milzano,IT,Milan,IT
Lavezzola,IT,Milan,IT
Fiesole,IT,Milan,IT
Senise,IT,Milan,IT
Rovetta,IT,Milan,IT
Solaro,IT,Milan,IT
Cesena,IT,Milan,IT
Spinazzola,IT,Milan,IT
Ponte a Egola,IT,Milan,IT
Levanto,IT,Milan,IT
Monza,IT,Milan,IT
Rota d'Imagna,IT,Milan,IT
Cherasco,IT,Milan,IT
Mostečno,SI,Milan,IT
San Benedetto del Tronto,IT,Milan,IT
Fontana Liri,IT,Milan,IT
Sambuceto,IT,Milan,IT
Francavilla Fontana,IT,Milan,IT
Realmonte,IT,Milan,IT
Pralboino,IT,Milan,IT
Bellona,IT,Milan,IT
Villadose,IT,Milan,IT
Casale di Scodosia,IT,Milan,IT
Cepagatti,IT,Milan,IT
Neive,IT,Milan,IT
Ponte Nuovo,IT,Milan,IT
San Vito al Tagliamento,IT,Milan,IT
Roccaromana,IT,Milan,IT
Anzi,IT,Milan,IT
Verolanuova,IT,Milan,IT
Laghetto,IT,Milan,IT
Pievepelago,IT,Milan,IT
Bagno a Ripoli,IT,Milan,IT
Brezen,SI,Milan,IT
Serfaus,AT,Milan,IT
Stubičke Toplice,HR,Milan,IT
Hrastovec,SI,Milan,IT
Arzachena,IT,Milan,IT
Mirandola,IT,Milan,IT
Pozzuolo del Friuli,IT,Milan,IT
San Marzano sul Sarno,IT,Milan,IT
Cupello,IT,Milan,IT
Pratovecchio,IT,Milan,IT
Gergei,IT,Milan,IT
Siniscola,IT,Milan,IT
Roccarainola,IT,Milan,IT
Cesenatico,IT,Milan,IT
Soriano nel Cimino,IT,Milan,IT
Casatenovo,IT,Milan,IT
Tavullia,IT,Milan,IT
Gaggiano,IT,Milan,IT
Arba,IT,Milan,IT
Bernareggio,IT,Milan,IT
Dipignano,IT,Milan,IT
Novo Mesto,SI,Milan,IT
Vobarno,IT,Milan,IT
Vigodarzere,IT,Milan,IT
Montefiascone,IT,Milan,IT
Castelnovo di Sotto,IT,Milan,IT
Paola,IT,Milan,IT
Cerreto Sannita,IT,Milan,IT
Melpignano,IT,Milan,IT
St. Leonhard in Passeier,IT,Milan,IT
Inzago,IT,Milan,IT
Parma,IT,Milan,IT
Carloforte,IT,Milan,IT
Novara,IT,Milan,IT
Foligno,IT,Milan,IT
Calusco d'Adda,IT,Milan,IT
Alpignano,IT,Milan,IT
Poirino,IT,Milan,IT
Sedriano,IT,Milan,IT
Bivongi,IT,Milan,IT
Paese,IT,Milan,IT
Camposampiero,IT,Milan,IT
Meldola,IT,Milan,IT
Costa Volpino,IT,Milan,IT
Castel Sant'Elia,IT,Milan,IT
San Gregorio di Catania,IT,Milan,IT
San Severo,IT,Milan,IT
Buscate,IT,Milan,IT
Pieve San Giacomo,IT,Milan,IT
Cingoli,IT,Milan,IT
Gambettola,IT,Milan,IT
Jerago Con Orago,IT,Milan,IT
Savignano sul Panaro,IT,Milan,IT
Loreggia,IT,Milan,IT
Vinci,IT,Milan,IT
Bereguardo,IT,Milan,IT
San Possidonio,IT,Milan,IT
Carpenedolo,IT,Milan,IT
Matera,IT,Milan,IT
Vedano al Lambro,IT,Milan,IT
Brescia,IT,Milan,IT
Toirano,IT,Milan,IT
Kobarid,SI,Milan,IT
Casalromano,IT,Milan,IT
Nova Milanese,IT,Milan,IT
Bolgare,IT,Milan,IT
Bientina,IT,Milan,IT
Monteprandone,IT,Milan,IT
Soresina,IT,Milan,IT
Dalmine,IT,Milan,IT
Pedara,IT,Milan,IT
Trieste,IT,Milan,IT
Dairago,IT,Milan,IT
Sant'Oreste,IT,Milan,IT
Alberobello,IT,Milan,IT
Castegnero,IT,Milan,IT
Terralba,IT,Milan,IT
Casier,IT,Milan,IT
Forlimpopoli,IT,Milan,IT
Cadro,CH,Milan,IT
Mellieħa,MT,Milan,IT
San Sebastiano al Vesuvio,IT,Milan,IT
Romentino,IT,Milan,IT
Esine,IT,Milan,IT
Bellagio,IT,Milan,IT
Vergiate,IT,Milan,IT
Villasanta,IT,Milan,IT
Cutigliano,IT,Milan,IT
Santa Paolina,IT,Milan,IT
Sarnico,IT,Milan,IT
Orio Litta,IT,Milan,IT
Bled,SI,Milan,IT
San Carlo,IT,Milan,IT
Manzano,IT,Milan,IT
Marchirolo,IT,Milan,IT
Ankaran,SI,Milan,IT
Arpino,IT,Milan,IT
Velenje,SI,Milan,IT
Campobello di Licata,IT,Milan,IT
Vercurago,IT,Milan,IT
Caorle,IT,Milan,IT
Ascoli Piceno,IT,Milan,IT
Montelabbate,IT,Milan,IT
Montegiorgio,IT,Milan,IT
Spodnje Verjane,SI,Milan,IT
Amalfi,IT,Milan,IT
Villamagna,IT,Milan,IT
Grottaminarda,IT,Milan,IT
Mentana,IT,Milan,IT
Ventotene,IT,Milan,IT
Argenta,IT,Milan,IT
Novoli,IT,Milan,IT
Talla,IT,Milan,IT
Ripi,IT,Milan,IT
Ploaghe,IT,Milan,IT
Quindici,IT,Milan,IT
Gazzuolo,IT,Milan,IT
Cislago,IT,Milan,IT
Argelato,IT,Milan,IT
Volano,IT,Milan,IT
Rosate,IT,Milan,IT
Lana,IT,Milan,IT
Soleto,IT,Milan,IT
Nola,IT,Milan,IT
Triggiano,IT,Milan,IT
Gentilino,CH,Milan,IT
Calcinato,IT,Milan,IT
Torre Boldone,IT,Milan,IT
Nave,IT,Milan,IT
Botticino,IT,Milan,IT
Origlio,CH,Milan,IT
Cesana Brianza,IT,Milan,IT
Toscolano-Maderno,IT,Milan,IT
Ponte San Pietro,IT,Milan,IT
Pasiano,IT,Milan,IT
Pula,IT,Milan,IT
Cenate Sopra,IT,Milan,IT
Desenzano del Garda,IT,Milan,IT
Capannoli,IT,Milan,IT
Maroggia,CH,Milan,IT
Badia Polesine,IT,Milan,IT
Lesce,SI,Milan,IT
Verrone,IT,Milan,IT
Santeramo in Colle,IT,Milan,IT
Clusone,IT,Milan,IT
Martina Franca,IT,Milan,IT
Poggiomarino,IT,Milan,IT
Crecchio,IT,Milan,IT
Carmagnola,IT,Milan,IT
Pozzuoli,IT,Milan,IT
Valsamoggia,IT,Milan,IT
Casal di Principe,IT,Milan,IT
Travagliato,IT,Milan,IT
Arluno,IT,Milan,IT
Sarcedo,IT,Milan,IT
Assisi,IT,Milan,IT
Longone al Segrino,IT,Milan,IT
Sorgà,IT,Milan,IT
San Giorgio di Piano,IT,Milan,IT
Bucchianico,IT,Milan,IT
Fossalta di Portogruaro,IT,Milan,IT
San Pietro di Morubio,IT,Milan,IT
Castello di Brianza,IT,Milan,IT
Terni,IT,Milan,IT
Branzi,IT,Milan,IT
Sovere,IT,Milan,IT
Corsico,IT,Milan,IT
Vicchio,IT,Milan,IT
Manduria,IT,Milan,IT
Curti,IT,Milan,IT
Montanaro,IT,Milan,IT
Castel del Bosco,IT,Milan,IT
Monte Roberto,IT,Milan,IT
Cellino San Marco,IT,Milan,IT
Albizzate,IT,Milan,IT
Andora,IT,Milan,IT
Binetto,IT,Milan,IT
Offlaga,IT,Milan,IT
Pieve a Nievole,IT,Milan,IT
Montegrotto Terme,IT,Milan,IT
Mandres-les-Roses,FR,Milan,IT
Rečica ob Savinji,SI,Milan,IT
Pavia di Udine,IT,Milan,IT
Este,IT,Milan,IT
Sparanise,IT,Milan,IT
Carimate,IT,Milan,IT
Annone Veneto,IT,Milan,IT
Montopoli in Val d'Arno,IT,Milan,IT
Casa del Diavolo,IT,Milan,IT
Cesa,IT,Milan,IT
Zibido San Giacomo,IT,Milan,IT
Urbino,IT,Milan,IT
San Giuliano Terme,IT,Milan,IT
Notaresco,IT,Milan,IT
Folignano,IT,Milan,IT
Morengo,IT,Milan,IT
Casalserugo,IT,Milan,IT
Palagiano,IT,Milan,IT
Premariacco,IT,Milan,IT
Portico di Caserta,IT,Milan,IT
Scerni,IT,Milan,IT
Martignacco,IT,Milan,IT
San Giuseppe Jato,IT,Milan,IT
Brembate,IT,Milan,IT
Tigliole,IT,Milan,IT
Gazzada Schianno,IT,Milan,IT
Torre de' Busi,IT,Milan,IT
Minturno,IT,Milan,IT
Montescudaio,IT,Milan,IT
Empoli,IT,Milan,IT
Santa Croce sull'Arno,IT,Milan,IT
Portici,IT,Milan,IT
Santo Stefano di Magra,IT,Milan,IT
Aci Bonaccorsi,IT,Milan,IT
Sarzana,IT,Milan,IT
Binasco,IT,Milan,IT
Albano Sant'Alessandro,IT,Milan,IT
Acquarica del Capo,IT,Milan,IT
Lamporecchio,IT,Milan,IT
San Martino Buon Albergo,IT,Milan,IT
Cisternino,IT,Milan,IT
Capriate San Gervasio,IT,Milan,IT
Fiumicello,IT,Milan,IT
Calcinelli,IT,Milan,IT
St. Moritz,CH,Milan,IT
Millepini,IT,Milan,IT
Fontaniva,IT,Milan,IT
Villa Cortese,IT,Milan,IT
Voghera,IT,Milan,IT
Trbovlje,SI,Milan,IT
Sorrento,IT,Milan,IT
Borgonovo Val Tidone,IT,Milan,IT
Monfalcone,IT,Milan,IT
Caserta,IT,Milan,IT
Moena,IT,Milan,IT
Pomigliano d'Arco,IT,Milan,IT
Luzzara,IT,Milan,IT
Legnano,IT,Milan,IT
Orvieto,IT,Milan,IT
Montesilvano Marina,IT,Milan,IT
Cornaiano,IT,Milan,IT
Mascalucia,IT,Milan,IT
Monticello Conte Otto,IT,Milan,IT
Massafra,IT,Milan,IT
Dossobuono,IT,Milan,IT
Nonantola,IT,Milan,IT
Besana in Brianza,IT,Milan,IT
Verdello,IT,Milan,IT
Rapolano Terme,IT,Milan,IT
Fumane,IT,Milan,IT
Caprie,IT,Milan,IT
Montieri,IT,Milan,IT
Pedavena,IT,Milan,IT
San Martino di Finita,IT,Milan,IT
Plaus,IT,Milan,IT
Sulmona,IT,Milan,IT
Vitorchiano,IT,Milan,IT
Varapodio,IT,Milan,IT
Copparo,IT,Milan,IT
Trofarello,IT,Milan,IT
Rosolina,IT,Milan,IT
Salò,IT,Milan,IT
Laureana di Borrello,IT,Milan,IT
Mogliano Veneto,IT,Milan,IT
Montoggio,IT,Milan,IT
San Gimignano,IT,Milan,IT
Polignano a Mare,IT,Milan,IT
Courmayeur,IT,Milan,IT
Pregassona,CH,Milan,IT
Senigallia,IT,Milan,IT
Pace del Mela,IT,Milan,IT
Loreto Aprutino,IT,Milan,IT
Gioia del Colle,IT,Milan,IT
Salzano,IT,Milan,IT
Manoppello,IT,Milan,IT
Pavullo nel Frignano,IT,Milan,IT
Montesolaro,IT,Milan,IT
Villach,AT,Milan,IT
Castel San Giovanni,IT,Milan,IT
Brenner,IT,Milan,IT
Avigliano,IT,Milan,IT
Corticella,IT,Milan,IT
Santarcangelo di Romagna,IT,Milan,IT
Termoli,IT,Milan,IT
Procida,IT,Milan,IT
Bottanuco,IT,Milan,IT
Zibello,IT,Milan,IT
Vanzago,IT,Milan,IT
Portorož,SI,Milan,IT
Spoleto,IT,Milan,IT
Agugliano,IT,Milan,IT
Origgio,IT,Milan,IT
Miglianico,IT,Milan,IT
Sant'Antimo,IT,Milan,IT
Ficarazzi,IT,Milan,IT
Treglio,IT,Milan,IT
Farra d'Alpago,IT,Milan,IT
Modica,IT,Milan,IT
Capistrano,IT,Milan,IT
San Gavino Monreale,IT,Milan,IT
Penna,IT,Milan,IT
Ronco all'Adige,IT,Milan,IT
Trevignano Romano,IT,Milan,IT
San Giovanni in Croce,IT,Milan,IT
Castiglion Fiorentino,IT,Milan,IT
Palombara Sabina,IT,Milan,IT
Gela,IT,Milan,IT
Caronno Varesino,IT,Milan,IT
Grisignano di Zocco,IT,Milan,IT
Lazise,IT,Milan,IT
Controguerra,IT,Milan,IT
Albino,IT,Milan,IT
Bocco,IT,Milan,IT
Grottammare,IT,Milan,IT
Belluno,IT,Milan,IT
Suvereto,IT,Milan,IT
Cavaso del Tomba,IT,Milan,IT
Portofino,IT,Milan,IT
Rufina,IT,Milan,IT
Marcheno,IT,Milan,IT
Angolo Terme,IT,Milan,IT
Castrezzato,IT,Milan,IT
Soccorso,IT,Milan,IT
Statte,IT,Milan,IT
Syracuse,IT,Milan,IT
Todi,IT,Milan,IT
Longare,IT,Milan,IT
Cerro Veronese,IT,Milan,IT
Stüsslingen,CH,Milan,IT
Cologno al Serio,IT,Milan,IT
Udligenswil,CH,Milan,IT
Feltre,IT,Milan,IT
Chignolo Po,IT,Milan,IT
Azzate,IT,Milan,IT
Pianoro,IT,Milan,IT
Colorno,IT,Milan,IT
Birkirkara,MT,Milan,IT
Genoa,IT,Milan,IT
Martone,IT,Milan,IT
Placanica,IT,Milan,IT
San Marcello Pistoiese,IT,Milan,IT
Laško,SI,Milan,IT
Novedrate,IT,Milan,IT
Samugheo,IT,Milan,IT
Cavallirio,IT,Milan,IT
Caldiero,IT,Milan,IT
Canino,IT,Milan,IT
Luzzi,IT,Milan,IT
Mojstrana,SI,Milan,IT
Tivoli,IT,Milan,IT
Eriz,CH,Milan,IT
Olgiate Comasco,IT,Milan,IT
Nettuno,IT,Milan,IT
Luni,IT,Milan,IT
Sansepolcro,IT,Milan,IT
Castions di Strada,IT,Milan,IT
Lomagna,IT,Milan,IT
Ancona,IT,Milan,IT
Galliate,IT,Milan,IT
Schwarzenbach,CH,Milan,IT
Camugnano,IT,Milan,IT
Settingiano,IT,Milan,IT
Castiglione d'Adda,IT,Milan,IT
Montorio al Vomano,IT,Milan,IT
Massagno,CH,Milan,IT
Pomarance,IT,Milan,IT
Caltanissetta,IT,Milan,IT
Quercegrossa,IT,Milan,IT
Aradeo,IT,Milan,IT
Piedimonte San Germano,IT,Milan,IT
Fauglia,IT,Milan,IT
Dronero,IT,Milan,IT
Fontanellato,IT,Milan,IT
Capoterra,IT,Milan,IT
Žirovnica,SI,Milan,IT
Pandino,IT,Milan,IT
Recco,IT,Milan,IT
Monterosso Calabro,IT,Milan,IT
Misinto,IT,Milan,IT
Sesto ed Uniti,IT,Milan,IT
Saint-Michel-sur-Orge,FR,Milan,IT
Cavaion Veronese,IT,Milan,IT
Valbrembo,IT,Milan,IT
Novaggio,CH,Milan,IT
Rodigo,IT,Milan,IT
Creazzo,IT,Milan,IT
Forino,IT,Milan,IT
San Giorgio della Richinvelda,IT,Milan,IT
Mirna,SI,Milan,IT
Terzigno,IT,Milan,IT
Cologna Veneta,IT,Milan,IT
Francavilla Angitola,IT,Milan,IT
Casal Velino,IT,Milan,IT
Lotzorai,IT,Milan,IT
Castellana Grotte,IT,Milan,IT
Breno,IT,Milan,IT
Mazzano,IT,Milan,IT
Cartura,IT,Milan,IT
Minervino Murge,IT,Milan,IT
Robbiate,IT,Milan,IT
Montecatini Terme,IT,Milan,IT
Molfetta,IT,Milan,IT
Sellia Marina,IT,Milan,IT
Cividate al Piano,IT,Milan,IT
Santa Margherita di Belice,IT,Milan,IT
Terricciola,IT,Milan,IT
Cercola,IT,Milan,IT
Pessano Con Bornago,IT,Milan,IT
Tortona,IT,Milan,IT
Sant'Onofrio,IT,Milan,IT
Lurate Caccivio,IT,Milan,IT
Gavirate,IT,Milan,IT
Dol pri Ljubljani,SI,Milan,IT
Fiumicino,IT,Milan,IT
Bardolino,IT,Milan,IT
Varazze,IT,Milan,IT
San Donato Milanese,IT,Milan,IT
Povegliano Veronese,IT,Milan,IT
Stornara,IT,Milan,IT
Casalgrande,IT,Milan,IT
Zona Artigianale,IT,Milan,IT
Nicotera,IT,Milan,IT
Quartesana,IT,Milan,IT
Ilirska Bistrica,SI,Milan,IT
Roveredo di Guà,IT,Milan,IT
Lonato,IT,Milan,IT
Stellanello,IT,Milan,IT
Livigno,IT,Milan,IT
Carlazzo,IT,Milan,IT
Brescello,IT,Milan,IT
Acquasparta,IT,Milan,IT
Farra di Soligo,IT,Milan,IT
Graffignana,IT,Milan,IT
Sospirolo,IT,Milan,IT
Breganzona,CH,Milan,IT
Maltignano,IT,Milan,IT
San Canzian d'Isonzo,IT,Milan,IT
Massa e Cozzile,IT,Milan,IT
Adrara San Martino,IT,Milan,IT
Boffalora d'Adda,IT,Milan,IT
Afragola,IT,Milan,IT
Mezzolombardo,IT,Milan,IT
Milan,IT,Milan,IT
Staffolo,IT,Milan,IT
Marradi,IT,Milan,IT
Cuneo,IT,Milan,IT
Bellusco,IT,Milan,IT
Brembate di Sopra,IT,Milan,IT
Noli,IT,Milan,IT
Vicopisano,IT,Milan,IT
Ponteranica,IT,Milan,IT
Molochio,IT,Milan,IT
Lestizza,IT,Milan,IT
Ponticino,IT,Milan,IT
Arconate,IT,Milan,IT
Casalincontrada,IT,Milan,IT
Ghedi,IT,Milan,IT
Sant'Ambrogio di Torino,IT,Milan,IT
Aldeno,IT,Milan,IT
Sorengo,CH,Milan,IT
Isola Vicentina,IT,Milan,IT
Menfi,IT,Milan,IT
Reggio Calabria,IT,Milan,IT
Manfredonia,IT,Milan,IT
Borghi,IT,Milan,IT
Umbertide,IT,Milan,IT
Gatteo,IT,Milan,IT
Miane,IT,Milan,IT
Motta San Giovanni,IT,Milan,IT
Fratta Todina,IT,Milan,IT
San Marco Evangelista,IT,Milan,IT
Castiglione Cosentino,IT,Milan,IT
Cameri,IT,Milan,IT
Calci,IT,Milan,IT
Crevalcore,IT,Milan,IT
Zagarolo,IT,Milan,IT
Sant'Egidio del Monte Albino,IT,Milan,IT
Monterosi,IT,Milan,IT
Caivano,IT,Milan,IT
Serra d'Aiello,IT,Milan,IT
Trivignano,IT,Milan,IT
Altamura,IT,Milan,IT
Arzignano,IT,Milan,IT
La Spezia,IT,Milan,IT
San Severino Marche,IT,Milan,IT
Trasacco,IT,Milan,IT
Zelo Buon Persico,IT,Milan,IT
Casarza Ligure,IT,Milan,IT
Treviso,IT,Milan,IT
Odogno,CH,Milan,IT
Arona,IT,Milan,IT
Riparbella,IT,Milan,IT
Salice Salentino,IT,Milan,IT
Montorfano,IT,Milan,IT
Vigasio,IT,Milan,IT
Gizzeria,IT,Milan,IT
Gossolengo,IT,Milan,IT
Acerra,IT,Milan,IT
Serra San Bruno,IT,Milan,IT
Crema,IT,Milan,IT
San Costanzo,IT,Milan,IT
Spinetoli,IT,Milan,IT
Comun Nuovo,IT,Milan,IT
Longobardi,IT,Milan,IT
Magreta,IT,Milan,IT
Cascano,IT,Milan,IT
Valdagno,IT,Milan,IT
Ospedaletto Euganeo,IT,Milan,IT
Corinaldo,IT,Milan,IT
Ferriera,IT,Milan,IT
Lancenigo-Villorba,IT,Milan,IT
Casapulla,IT,Milan,IT
Torano Castello,IT,Milan,IT
Valverde,IT,Milan,IT
Irsina,IT,Milan,IT
Marano di Napoli,IT,Milan,IT
Castellarano,IT,Milan,IT
San Marcellino,IT,Milan,IT
Sannicandro Garganico,IT,Milan,IT
Neviano degli Arduini,IT,Milan,IT
Figline Valdarno,IT,Milan,IT
San Felice A Cancello,IT,Milan,IT
Soverato Marina,IT,Milan,IT
Bogis-Bossey,CH,Milan,IT
Southall,GB,Milan,IT
Crispiano,IT,Milan,IT
Ponte Felcino,IT,Milan,IT
Garbagnate Milanese,IT,Milan,IT
Corbetta,IT,Milan,IT
Sovramonte,IT,Milan,IT
Montagna in Valtellina,IT,Milan,IT
Villotta,IT,Milan,IT
Botrugno,IT,Milan,IT
Molinetto,IT,Milan,IT
Villa Verucchio,IT,Milan,IT
Castiglione Messer Marino,IT,Milan,IT
Ruffano,IT,Milan,IT
Cureglia,CH,Milan,IT
Pove del Grappa,IT,Milan,IT
Cavallasca,IT,Milan,IT
Cassano Allo Ionio,IT,Milan,IT
Busnago,IT,Milan,IT
San Giovanni in Persiceto,IT,Milan,IT
Polizzi Generosa,IT,Milan,IT
Lentini,IT,Milan,IT
Giaveno,IT,Milan,IT
Mesero,IT,Milan,IT
Vico del Gargano,IT,Milan,IT
Siderno,IT,Milan,IT
Cetara,IT,Milan,IT
Cirò Marina,IT,Milan,IT
Gallarate,IT,Milan,IT
Mantova,IT,Milan,IT
Sannicandro di Bari,IT,Milan,IT
Nizza Monferrato,IT,Milan,IT
Carlopoli,IT,Milan,IT
Jonen,CH,Milan,IT
Vazzola,IT,Milan,IT
Baselga di Pinè,IT,Milan,IT
Žalec,SI,Milan,IT
Crocetta del Montello,IT,Milan,IT
Oristano,IT,Milan,IT
Oggiono,IT,Milan,IT
Molteno,IT,Milan,IT
Vittoria,IT,Milan,IT
Priolo Gargallo,IT,Milan,IT
Begunje pri Cerknici,SI,Milan,IT
Graffignano,IT,Milan,IT
Baiso,IT,Milan,IT
Borso del Grappa,IT,Milan,IT
Vedelago,IT,Milan,IT
Zagorje ob Savi,SI,Milan,IT
Massa Lombarda,IT,Milan,IT
Camposano,IT,Milan,IT
Comunanza,IT,Milan,IT
Postojna,SI,Milan,IT
Pontenure,IT,Milan,IT
Monteroni di Lecce,IT,Milan,IT
San Giorgio a Liri,IT,Milan,IT
San Giuliano Milanese,IT,Milan,IT
Magione,IT,Milan,IT
Pollica,IT,Milan,IT
Nimis,IT,Milan,IT
Trinità,IT,Milan,IT
Arese,IT,Milan,IT
Chianciano Terme,IT,Milan,IT
Rivanazzano,IT,Milan,IT
Cogorno,IT,Milan,IT
Rocca Priora,IT,Milan,IT
San Pietro in Gu,IT,Milan,IT
Ponte di Piave,IT,Milan,IT
Horjul,SI,Milan,IT
Nove,IT,Milan,IT
Benevento,IT,Milan,IT
Cardinale,IT,Milan,IT
Ostra Vetere,IT,Milan,IT
Dorno,IT,Milan,IT
Barletta,IT,Milan,IT
Cessaniti,IT,Milan,IT
Senna Comasco,IT,Milan,IT
Ariccia,IT,Milan,IT
Castrignano de' Greci,IT,Milan,IT
Villesse,IT,Milan,IT
Bormio,IT,Milan,IT
Torri di Quartesolo,IT,Milan,IT
Roccastrada,IT,Milan,IT
Capiago Intimiano,IT,Milan,IT
Aci Catena,IT,Milan,IT
Casagiove,IT,Milan,IT
Raffadali,IT,Milan,IT
Alba,IT,Milan,IT
Bedizzole,IT,Milan,IT
Drapia,IT,Milan,IT
Trani,IT,Milan,IT
Uboldo,IT,Milan,IT
San Colombano al Lambro,IT,Milan,IT
Davoli,IT,Milan,IT
Vimodrone,IT,Milan,IT
Suisio,IT,Milan,IT
Aulla,IT,Milan,IT
Tito,IT,Milan,IT
Gnosca,CH,Milan,IT
Cucciago,IT,Milan,IT
Servigliano,IT,Milan,IT
Ortueri,IT,Milan,IT
San Biagio di Callalta,IT,Milan,IT
Illasi,IT,Milan,IT
Pieve Ligure,IT,Milan,IT
Sanguinetto,IT,Milan,IT
Cesano Maderno,IT,Milan,IT
Livraga,IT,Milan,IT
Argenteuil,FR,Milan,IT
San Martino di Lupari,IT,Milan,IT
San Nicola la Strada,IT,Milan,IT
Avella,IT,Milan,IT
Marlia,IT,Milan,IT
Villa d'Almè,IT,Milan,IT
Portomaggiore,IT,Milan,IT
Capriolo,IT,Milan,IT
Monte Porzio,IT,Milan,IT
Niardo,IT,Milan,IT
Pozzolo Formigaro,IT,Milan,IT
Basaldella,IT,Milan,IT
Cornedo Vicentino,IT,Milan,IT
Sant Antonino,CH,Milan,IT
Colturano,IT,Milan,IT
Zerbino,IT,Milan,IT
Lugaggia,CH,Milan,IT
Carbonera,IT,Milan,IT
Serravalle Pistoiese,IT,Milan,IT
Piandimeleto,IT,Milan,IT
Arezzo,IT,Milan,IT
Montagnola,CH,Milan,IT
Mozzanica,IT,Milan,IT
Sant'Agata sul Santerno,IT,Milan,IT
Casandrino,IT,Milan,IT
Maser,IT,Milan,IT
Deruta,IT,Milan,IT
Arcugnano,IT,Milan,IT
Arcore,IT,Milan,IT
San Marino,IT,Milan,IT
Gualtieri,IT,Milan,IT
Rabac,HR,Milan,IT
Sant'Ambrogio di Valpolicella,IT,Milan,IT
Barzanò,IT,Milan,IT
Vienna,AT,Milan,IT
Dogato,IT,Milan,IT
Piazzola sul Brenta,IT,Milan,IT
Belpasso,IT,Milan,IT
Tramonti,IT,Milan,IT
Lanuvio,IT,Milan,IT
Giulianova,IT,Milan,IT
Acri,IT,Milan,IT
Macomer,IT,Milan,IT
San Giovanni la Punta,IT,Milan,IT
Ospitaletto,IT,Milan,IT
Ozieri,IT,Milan,IT
Battaglia Terme,IT,Milan,IT
Scorzè,IT,Milan,IT
Cornate d'Adda,IT,Milan,IT
Salgareda,IT,Milan,IT
Maletto,IT,Milan,IT
Gambassi Terme,IT,Milan,IT
Macerata,IT,Milan,IT
Castelcovati,IT,Milan,IT
Bagnacavallo,IT,Milan,IT
Vallefoglia,IT,Milan,IT
Montemesola,IT,Milan,IT
Terracina,IT,Milan,IT
Fabriano,IT,Milan,IT
Caslano,CH,Milan,IT
Subiaco,IT,Milan,IT
Bucine,IT,Milan,IT
Cassina de' Pecchi,IT,Milan,IT
Montecastrilli,IT,Milan,IT
Garlasco,IT,Milan,IT
Brogliano,IT,Milan,IT
Mariano Comense,IT,Milan,IT
Parabiago,IT,Milan,IT
San Giovanni Valdarno,IT,Milan,IT
San Pellegrino Terme,IT,Milan,IT
Capurso,IT,Milan,IT
Pavia,IT,Milan,IT
Almenno San Salvatore,IT,Milan,IT
San Mauro Pascoli,IT,Milan,IT
Quiliano,IT,Milan,IT
Collelavena,IT,Milan,IT
Surbo,IT,Milan,IT
Schlanders,IT,Milan,IT
Follonica,IT,Milan,IT
Basiglio,IT,Milan,IT
Gavignano,IT,Milan,IT
Predore,IT,Milan,IT
Turano Lodigiano,IT,Milan,IT
Albaredo d'Adige,IT,Milan,IT
Alessandria,IT,Milan,IT
Cadelbosco di Sopra,IT,Milan,IT
Reggello,IT,Milan,IT
Contra,CH,Milan,IT
Capo d'Orlando,IT,Milan,IT
San Clemente,IT,Milan,IT
Mezzani,IT,Milan,IT
Francica,IT,Milan,IT
Barbarano Vicentino,IT,Milan,IT
Piano di Sorrento,IT,Milan,IT
Cisterna di Latina,IT,Milan,IT
Mesagne,IT,Milan,IT
Terranova da Sibari,IT,Milan,IT
Forel,CH,Milan,IT
Manocalzati,IT,Milan,IT
Caponago,IT,Milan,IT
Lago Patria,IT,Milan,IT
Montecrestese,IT,Milan,IT
Vernasca,IT,Milan,IT
Nichelino,IT,Milan,IT
Cimitile,IT,Milan,IT
Collazzone,IT,Milan,IT
Lonigo,IT,Milan,IT
Settimo Torinese,IT,Milan,IT
San Giuseppe Vesuviano,IT,Milan,IT
Maropati,IT,Milan,IT
Tarvisio,IT,Milan,IT
Costa Masnaga,IT,Milan,IT
Casalmaggiore,IT,Milan,IT
Castello d'Argile,IT,Milan,IT
Atessa,IT,Milan,IT
Nurachi,IT,Milan,IT
Spoltore,IT,Milan,IT
San Michele al Tagliamento,IT,Milan,IT
Canale,IT,Milan,IT
Pivka,SI,Milan,IT
Vittorio Veneto,IT,Milan,IT
Roncadelle,IT,Milan,IT
Nals,IT,Milan,IT
Bulgorello,IT,Milan,IT
Vezzano Ligure,IT,Milan,IT
Vodice pri Gabrovki,SI,Milan,IT
Lavello,IT,Milan,IT
Guanzate,IT,Milan,IT
Fasano,IT,Milan,IT
Castel Gandolfo,IT,Milan,IT
Iesi,IT,Milan,IT
Jenesien,IT,Milan,IT
Casirate d'Adda,IT,Milan,IT
Santa Margherita Ligure,IT,Milan,IT
Seui,IT,Milan,IT
Girifalco,IT,Milan,IT
Marina di Gioiosa Ionica,IT,Milan,IT
Sant'Angelo dei Lombardi,IT,Milan,IT
Bisceglie,IT,Milan,IT
Barlassina,IT,Milan,IT
Porto Ceresio,IT,Milan,IT
Marzabotto,IT,Milan,IT
Baratili San Pietro,IT,Milan,IT
Sankt Peter-Freienstein,AT,Milan,IT
Fino Mornasco,IT,Milan,IT
Marano Vicentino,IT,Milan,IT
Cava Manara,IT,Milan,IT
Sulzano,IT,Milan,IT
Tezze sul Brenta,IT,Milan,IT
Burago di Molgora,IT,Milan,IT
Limido Comasco,IT,Milan,IT
Bosisio Parini,IT,Milan,IT
Remanzacco,IT,Milan,IT
Siziano,IT,Milan,IT
Cernusco sul Naviglio,IT,Milan,IT
Montignoso,IT,Milan,IT
Iseo,IT,Milan,IT
Fusignano,IT,Milan,IT
Mortegliano,IT,Milan,IT
Fossombrone,IT,Milan,IT
Massa Finalese,IT,Milan,IT
Cavaria con Premezzo,IT,Milan,IT
Piazza Armerina,IT,Milan,IT
Davos,CH,Milan,IT
Località Produttiva I,IT,Milan,IT
Maiolati Spontini,IT,Milan,IT
Formello,IT,Milan,IT
Romeno,IT,Milan,IT
Bernalda,IT,Milan,IT
Camaiore,IT,Milan,IT
Ghilarza,IT,Milan,IT
Mariglianella,IT,Milan,IT
Villafranca Padovana,IT,Milan,IT
Gorla Maggiore,IT,Milan,IT
Tratalias,IT,Milan,IT
Chiusi,IT,Milan,IT
Poreč,HR,Milan,IT
Calangianus,IT,Milan,IT
Noale,IT,Milan,IT
Gorle,IT,Milan,IT
Retassene,IT,Milan,IT
Albavilla,IT,Milan,IT
Arosio,IT,Milan,IT
Jesolo,IT,Milan,IT
Vigarano Mainarda,IT,Milan,IT
Eraclea,IT,Milan,IT
Slivnica pri Mariboru,SI,Milan,IT
Lerici,IT,Milan,IT
Samedan,CH,Milan,IT
Villa Fontana,IT,Milan,IT
Monterchi,IT,Milan,IT
Ornago,IT,Milan,IT
Mavčiče,SI,Milan,IT
San Martino in Rio,IT,Milan,IT
Sinnai,IT,Milan,IT
Cardano al Campo,IT,Milan,IT
Thiesi,IT,Milan,IT
Altidona,IT,Milan,IT
Reana del Rojale,IT,Milan,IT
Pontedera,IT,Milan,IT
Motta Baluffi,IT,Milan,IT
Sestola,IT,Milan,IT
Marina di Montemarciano,IT,Milan,IT
Nicolosi,IT,Milan,IT
Montelupone,IT,Milan,IT
Grosuplje,SI,Milan,IT
Grobelno,SI,Milan,IT
Zola Predosa,IT,Milan,IT
Porto Azzurro,IT,Milan,IT
Noventa Vicentina,IT,Milan,IT
Zevio,IT,Milan,IT
Lucrezia,IT,Milan,IT
Castelbuono,IT,Milan,IT
Cavriago,IT,Milan,IT
Sëlva,IT,Milan,IT
Enna,IT,Milan,IT
Steingaden,DE,Milan,IT
Castel Rozzone,IT,Milan,IT
Meta,IT,Milan,IT
Campodoro,IT,Milan,IT
Slovenske Konjice,SI,Milan,IT
Villaperuccio,IT,Milan,IT
Peccioli,IT,Milan,IT
Pordenone,IT,Milan,IT
Mosciano Sant'Angelo,IT,Milan,IT
Noceto,IT,Milan,IT
Pagazzano,IT,Milan,IT
Misterbianco,IT,Milan,IT
Castorano,IT,Milan,IT
Lauro,IT,Milan,IT
Laveno-Mombello,IT,Milan,IT
Budoni,IT,Milan,IT
Pontirolo Nuovo,IT,Milan,IT
Rosolini,IT,Milan,IT
Locate di Triulzi,IT,Milan,IT
Carpiano,IT,Milan,IT
San Ferdinando,IT,Milan,IT
Vicarello,IT,Milan,IT
Borgo Ticino,IT,Milan,IT
Cascina,IT,Milan,IT
San Paolo Bel Sito,IT,Milan,IT
Zeri,IT,Milan,IT
Sassocorvaro,IT,Milan,IT
Arbedo,CH,Milan,IT
Busalla,IT,Milan,IT
San Pietro al Natisone,IT,Milan,IT
Albanella,IT,Milan,IT
Manerbio,IT,Milan,IT
Cologno Monzese,IT,Milan,IT
Pollena Trocchia,IT,Milan,IT
Castelbellino,IT,Milan,IT
Fucecchio,IT,Milan,IT
Qormi,MT,Milan,IT
Mola di Bari,IT,Milan,IT
Ascona,CH,Milan,IT
Fiesso d'Artico,IT,Milan,IT
San Secondo Parmense,IT,Milan,IT
Casoria,IT,Milan,IT
Gravellona Toce,IT,Milan,IT
Malgrate,IT,Milan,IT
Cesenà,IT,Milan,IT
Castiglione del Lago,IT,Milan,IT
Settimo San Pietro,IT,Milan,IT
Piove di Sacco,IT,Milan,IT
Faedis,IT,Milan,IT
Appiano Gentile,IT,Milan,IT
Orio al Serio,IT,Milan,IT
Sant'Agata de' Goti,IT,Milan,IT
Tavarnuzze,IT,Milan,IT
Cesano Boscone,IT,Milan,IT
Petilia Policastro,IT,Milan,IT
Speicher,CH,Milan,IT
Costabissara,IT,Milan,IT
Parco Scizzo-Parchitello,IT,Milan,IT
Vernio,IT,Milan,IT
Tarcento,IT,Milan,IT
Pietrafitta,IT,Milan,IT
Montemarciano,IT,Milan,IT
Cave,IT,Milan,IT
Livorno,IT,Milan,IT
Sterzing,IT,Milan,IT
Alzate Brianza,IT,Milan,IT
Istrana,IT,Milan,IT
Brisighella,IT,Milan,IT
Melito di Napoli,IT,Milan,IT
Romano di Lombardia,IT,Milan,IT
Pergine Valsugana,IT,Milan,IT
Pesnica,SI,Milan,IT
Cadriano,IT,Milan,IT
Vellezzo Bellini,IT,Milan,IT
Velletri,IT,Milan,IT
Castel Goffredo,IT,Milan,IT
Muralto,CH,Milan,IT
Portogruaro,IT,Milan,IT
Gricignano di Aversa,IT,Milan,IT
Cerete,IT,Milan,IT
Montale,IT,Milan,IT
Pontedecimo,IT,Milan,IT
Fiuggi,IT,Milan,IT
Massa,IT,Milan,IT
Schönenberg an der Thur,CH,Milan,IT
Tricesimo,IT,Milan,IT
Dramlje,SI,Milan,IT
Vicenza,IT,Milan,IT
Soragna,IT,Milan,IT
Lozza,IT,Milan,IT
Bovisio-Masciago,IT,Milan,IT
Darfo Boario Terme,IT,Milan,IT
Cordenons,IT,Milan,IT
Castione,CH,Milan,IT
Kamnica,SI,Milan,IT
Santa Maria Hoè,IT,Milan,IT
Grumo Appula,IT,Milan,IT
Castronno,IT,Milan,IT
Bisuschio,IT,Milan,IT
Riano,IT,Milan,IT
Rognano,IT,Milan,IT
Le Mont-sur-Lausanne,CH,Milan,IT
Terranuova Bracciolini,IT,Milan,IT
Molveno,IT,Milan,IT
Rivarolo del Re ed Uniti,IT,Milan,IT
Aviano,IT,Milan,IT
Orta di Atella,IT,Milan,IT
Gravesano,CH,Milan,IT
Robecco sul Naviglio,IT,Milan,IT
Valfabbrica,IT,Milan,IT
Monteviale,IT,Milan,IT
Vernazza,IT,Milan,IT
Abano Terme,IT,Milan,IT
Collesalvetti,IT,Milan,IT
Cunardo,IT,Milan,IT
Alatri,IT,Milan,IT
Agordo,IT,Milan,IT
Ladispoli,IT,Milan,IT
Macerata Campania,IT,Milan,IT
Canosa di Puglia,IT,Milan,IT
Cappelle sul Tavo,IT,Milan,IT
Misano Adriatico,IT,Milan,IT
Chesham,GB,Milan,IT
Taormina,IT,Milan,IT
Pieve Fissiraga,IT,Milan,IT
Somma Lombardo,IT,Milan,IT
Bussero,IT,Milan,IT
Numana,IT,Milan,IT
Venosa,IT,Milan,IT
Stradella,IT,Milan,IT
Manciano,IT,Milan,IT
Salutio,IT,Milan,IT
Quattro Castella,IT,Milan,IT
Montemilone,IT,Milan,IT
Lugo,IT,Milan,IT
Neoneli,IT,Milan,IT
Monteleone d'Orvieto,IT,Milan,IT
Montalto Uffugo,IT,Milan,IT
Vercelli,IT,Milan,IT
Torvaianica Alta,IT,Milan,IT
Grezzana,IT,Milan,IT
Campogalliano,IT,Milan,IT
Sala Baganza,IT,Milan,IT
Verbicaro,IT,Milan,IT
Venetico,IT,Milan,IT
Lavagna,IT,Milan,IT
Zafferana Etnea,IT,Milan,IT
Galbiate,IT,Milan,IT
Piedimulera,IT,Milan,IT
Orta Nova,IT,Milan,IT
Altavilla Vicentina,IT,Milan,IT
Bagnatica,IT,Milan,IT
Taglio di Po,IT,Milan,IT
Cellatica,IT,Milan,IT
Belgioioso,IT,Milan,IT
San Pietro in Lama,IT,Milan,IT
Varallo Pombia,IT,Milan,IT
Bitonto,IT,Milan,IT
Serra Riccò,IT,Milan,IT
Cambiago,IT,Milan,IT
Frignano,IT,Milan,IT
Rio Saliceto,IT,Milan,IT
Sant'Angelo di Piove di Sacco,IT,Milan,IT
Coldrerio,CH,Milan,IT
Anagni,IT,Milan,IT
Marina di Pietrasanta,IT,Milan,IT
Monte Marenzo,IT,Milan,IT
Pescara,IT,Milan,IT
Mariotto,IT,Milan,IT
Gioia Tauro,IT,Milan,IT
Bomporto,IT,Milan,IT
Piombino Dese,IT,Milan,IT
Celano,IT,Milan,IT
San Giovanni al Natisone,IT,Milan,IT
Appignano,IT,Milan,IT
Marnate,IT,Milan,IT
Tropea,IT,Milan,IT
Ripa Teatina,IT,Milan,IT
Sumirago,IT,Milan,IT
Barano d'Ischia,IT,Milan,IT
Rovereto,IT,Milan,IT
Coreglia Antelminelli,IT,Milan,IT
Cusago,IT,Milan,IT
Poggio a Caiano,IT,Milan,IT
Valle Lomellina,IT,Milan,IT
Ribera,IT,Milan,IT
Cervia,IT,Milan,IT
Matino,IT,Milan,IT
Venaria Reale,IT,Milan,IT
Gorišnica,SI,Milan,IT
Castelnuovo Magra,IT,Milan,IT
Acquaro,IT,Milan,IT
Camogli,IT,Milan,IT
Villaricca,IT,Milan,IT
Chiari,IT,Milan,IT
Marzano di Nola,IT,Milan,IT
Hauzenberg,DE,Milan,IT
Osio Sotto,IT,Milan,IT
Andrano,IT,Milan,IT
Santa Teresa di Riva,IT,Milan,IT
San Fermo della Battaglia,IT,Milan,IT
Mezzomerico,IT,Milan,IT
Dolianova,IT,Milan,IT
Nembro,IT,Milan,IT
San Giovanni Lupatoto,IT,Milan,IT
Poggio San Marcello,IT,Milan,IT
Agerola,IT,Milan,IT
San Piero a Sieve,IT,Milan,IT
Casola di Napoli,IT,Milan,IT
Axa,IT,Milan,IT
Cadempino,CH,Milan,IT
Sezze,IT,Milan,IT
Melendugno,IT,Milan,IT
Zero Branco,IT,Milan,IT
Brebbia,IT,Milan,IT
Orbassano,IT,Milan,IT
Borgetto,IT,Milan,IT
Sachsenburg,AT,Milan,IT
Rimini,IT,Milan,IT
Pietrasanta,IT,Milan,IT
Merone,IT,Milan,IT
Casine di Paterno,IT,Milan,IT
Stazzema,IT,Milan,IT
Santa Maria La Carità,IT,Milan,IT
Suchy,CH,Milan,IT
Sirignano,IT,Milan,IT
Škofja Loka,SI,Milan,IT
Casole d'Elsa,IT,Milan,IT
Monsampolo del Tronto,IT,Milan,IT
Cordovado,IT,Milan,IT
Mercato Saraceno,IT,Milan,IT
Cisliano,IT,Milan,IT
Trepuzzi,IT,Milan,IT
Torreglia,IT,Milan,IT
Saint-Vincent,IT,Milan,IT
Lari,IT,Milan,IT
Vallo della Lucania,IT,Milan,IT
Bolzano Vicentino,IT,Milan,IT
Chivasso,IT,Milan,IT
Corigliano d'Otranto,IT,Milan,IT
Stezzano,IT,Milan,IT
Castellina in Chianti,IT,Milan,IT
Moos in Passeier,IT,Milan,IT
Apiro,IT,Milan,IT
Carpineti,IT,Milan,IT
Lecce,IT,Milan,IT
Briga Novarese,IT,Milan,IT
Anzola dell'Emilia,IT,Milan,IT
San Benigno Canavese,IT,Milan,IT
Cantagallo,IT,Milan,IT
Lappano,IT,Milan,IT
Aci Castello,IT,Milan,IT
Carrubazza-Motta,IT,Milan,IT
L’Aquila,IT,Milan,IT
Vimercate,IT,Milan,IT
Guardia Sanframondi,IT,Milan,IT
Mandello del Lario,IT,Milan,IT
Gagliano del Capo,IT,Milan,IT
Bibbiena,IT,Milan,IT
Sassuolo,IT,Milan,IT
Trecate,IT,Milan,IT
Sorbolo,IT,Milan,IT
Ponte Taro,IT,Milan,IT
San Benedetto a Settimo,IT,Milan,IT
Cavallino-Treporti,IT,Milan,IT
Auer,IT,Milan,IT
Ossago Lodigiano,IT,Milan,IT
Roverchiara,IT,Milan,IT
San Giacomo,IT,Milan,IT
Lavagno,IT,Milan,IT
Arzano,IT,Milan,IT
Seano,IT,Milan,IT
Veduggio Con Colzano,IT,Milan,IT
Mugnano di Napoli,IT,Milan,IT
Lovere,IT,Milan,IT
Canegrate,IT,Milan,IT
Marcellina,IT,Milan,IT
Brusaporto,IT,Milan,IT
Longiano,IT,Milan,IT
Bovolone,IT,Milan,IT
Capoliveri,IT,Milan,IT
Ospedaletto,IT,Milan,IT
Carate Brianza,IT,Milan,IT
Vertemate con Minoprio,IT,Milan,IT
Gorlago,IT,Milan,IT
Cerro Maggiore,IT,Milan,IT
Dueville,IT,Milan,IT
Vadena,IT,Milan,IT
Maenza,IT,Milan,IT
Santa Maria Codifiume,IT,Milan,IT
Montebello Vicentino,IT,Milan,IT
Campi Bisenzio,IT,Milan,IT
Giubiasco,CH,Milan,IT
Padenghe sul Garda,IT,Milan,IT
Ponsacco,IT,Milan,IT
Pollenza,IT,Milan,IT
Mottella,IT,Milan,IT
Laterza,IT,Milan,IT
Sabaudia,IT,Milan,IT
Ennetbürgen,CH,Milan,IT
Vignate,IT,Milan,IT
Tortolì,IT,Milan,IT
Viterbo,IT,Milan,IT
Villa d'Adda,IT,Milan,IT
Campobasso,IT,Milan,IT
Veroli,IT,Milan,IT
Capistrello,IT,Milan,IT
Camerano,IT,Milan,IT
Agnadello,IT,Milan,IT
Otranto,IT,Milan,IT
Castelplanio,IT,Milan,IT
San Genesio ed Uniti,IT,Milan,IT
Airola,IT,Milan,IT
Bergantino,IT,Milan,IT
Cupra Marittima,IT,Milan,IT
Monserrato,IT,Milan,IT
Badolato Marina,IT,Milan,IT
Palizzi Marina,IT,Milan,IT
Bastia umbra,IT,Milan,IT
Piane di Montegiorgio,IT,Milan,IT
Gaeta,IT,Milan,IT
Villa del Conte,IT,Milan,IT
Acconia,IT,Milan,IT
Bogliasco,IT,Milan,IT
Palestro,IT,Milan,IT
Colleferro,IT,Milan,IT
Oltrona di San Mamette,IT,Milan,IT
Celico,IT,Milan,IT
Civita Castellana,IT,Milan,IT
Cerveteri,IT,Milan,IT
Biella,IT,Milan,IT
Battipaglia,IT,Milan,IT
Lizzano in Belvedere,IT,Milan,IT
Munich,DE,Milan,IT
Zugliano,IT,Milan,IT
Osimo,IT,Milan,IT
San Piero in Bagno,IT,Milan,IT
Uri,IT,Milan,IT
Carugo,IT,Milan,IT
Motta di Livenza,IT,Milan,IT
Menaggio,IT,Milan,IT
Feroleto Antico,IT,Milan,IT
Partinico,IT,Milan,IT
Russi,IT,Milan,IT
Sant'Elpidio a Mare,IT,Milan,IT
Montefelcino,IT,Milan,IT
Maratea,IT,Milan,IT
Pinerolo,IT,Milan,IT
Colle di Tora,IT,Milan,IT
Rome,IT,Milan,IT
Misano di Gera d'Adda,IT,Milan,IT
Belmonte Piceno,IT,Milan,IT
Caprino Bergamasco,IT,Milan,IT
Soci,IT,Milan,IT
San Vito Lo Capo,IT,Milan,IT
Mozzecane,IT,Milan,IT
Galliera Veneta,IT,Milan,IT
Lissone,IT,Milan,IT
Mignanego,IT,Milan,IT
San Cataldo,IT,Milan,IT
Lomazzo,IT,Milan,IT
Baronissi,IT,Milan,IT
Camponogara,IT,Milan,IT
Pezze di Greco,IT,Milan,IT
Pura,CH,Milan,IT
Alliste,IT,Milan,IT
Brandizzo,IT,Milan,IT
Santa Venerina,IT,Milan,IT
Belcastro,IT,Milan,IT
Tiriolo,IT,Milan,IT
Radovljica,SI,Milan,IT
Serramanna,IT,Milan,IT
Bienno,IT,Milan,IT
Qualiano,IT,Milan,IT
Ugento,IT,Milan,IT
Montmorency,FR,Milan,IT
Siena,IT,Milan,IT
Biel/Bienne,CH,Milan,IT
Castel di Lama,IT,Milan,IT
Trivigliano,IT,Milan,IT
Solbiate Olona,IT,Milan,IT
Cagiallo,CH,Milan,IT
Tribiano,IT,Milan,IT
Albairate,IT,Milan,IT
Duino-Aurisina,IT,Milan,IT
Romagnano,IT,Milan,IT
Valmontone,IT,Milan,IT
Avellino,IT,Milan,IT
Quistello,IT,Milan,IT
Madonna di Campiglio,IT,Milan,IT
Maserà di Padova,IT,Milan,IT
Sampierdarena,IT,Milan,IT
Maglie,IT,Milan,IT
Tempio Pausania,IT,Milan,IT
Valeggio sul Mincio,IT,Milan,IT
Triuggio,IT,Milan,IT
Vicovaro,IT,Milan,IT
Tribano,IT,Milan,IT
Calvizzano,IT,Milan,IT
Squinzano,IT,Milan,IT
Codroipo,IT,Milan,IT
Seveso,IT,Milan,IT
Buonvicino,IT,Milan,IT
Bra,IT,Milan,IT
Bovec,SI,Milan,IT
San Paolo,IT,Milan,IT
San Pietro a Maida,IT,Milan,IT
Desio,IT,Milan,IT
Calcio,IT,Milan,IT
Vidigulfo,IT,Milan,IT
Žabnica,SI,Milan,IT
Mursko Središće,HR,Milan,IT
Rodano,IT,Milan,IT
Vibo Valentia,IT,Milan,IT
Quarto dei Mille,IT,Milan,IT
Rimske Toplice,SI,Milan,IT
Ono San Pietro,IT,Milan,IT
Polistena,IT,Milan,IT
Chioggia,IT,Milan,IT
Diamante,IT,Milan,IT
Concesio,IT,Milan,IT
Ostuni,IT,Milan,IT
Bergamo,IT,Milan,IT
Torre San Giorgio,IT,Milan,IT
Črniče,SI,Milan,IT
Montiano,IT,Milan,IT
Atripalda,IT,Milan,IT
Reggio Emilia,IT,Milan,IT
Carugate,IT,Milan,IT
Pelago,IT,Milan,IT
Berzo San Fermo,IT,Milan,IT
Pisa,IT,Milan,IT
Monticelli Terme,IT,Milan,IT
Calderino,IT,Milan,IT
Spittal an der Drau,AT,Milan,IT
Poviglio,IT,Milan,IT
Gardone Val Trompia,IT,Milan,IT
Sandrigo,IT,Milan,IT
Monteforte d'Alpone,IT,Milan,IT
Casaletto Lodigiano,IT,Milan,IT
Niscemi,IT,Milan,IT
San Vito Chietino,IT,Milan,IT
Spilimbergo,IT,Milan,IT
Arienzo,IT,Milan,IT
Genzano di Roma,IT,Milan,IT
Olivone,CH,Milan,IT
Murano,IT,Milan,IT
Caravaggio,IT,Milan,IT
Domodossola,IT,Milan,IT
Pergola,IT,Milan,IT
Sant'Egidio alla Vibrata,IT,Milan,IT
Malo,IT,Milan,IT
Scafati,IT,Milan,IT
Vertova,IT,Milan,IT
Durazzano,IT,Milan,IT
Sondrio,IT,Milan,IT
Bodio Lomnago,IT,Milan,IT
Locarno,CH,Milan,IT
Bolano,IT,Milan,IT
Belforte del Chienti,IT,Milan,IT
Cerea,IT,Milan,IT
Costanzana,IT,Milan,IT
Messina,IT,Milan,IT
Portopalo di Capo Passero,IT,Milan,IT
Rivoli Veronese,IT,Milan,IT
Trinitapoli,IT,Milan,IT
Follo,IT,Milan,IT
Bareggio,IT,Milan,IT
Perugia,IT,Milan,IT
Berbenno di Valtellina,IT,Milan,IT
Marano Lagunare,IT,Milan,IT
Cusano Milanino,IT,Milan,IT
Lallio,IT,Milan,IT
Luco dei Marsi,IT,Milan,IT
Gaglianico,IT,Milan,IT
Boretto,IT,Milan,IT
Valera Fratta,IT,Milan,IT
Versailles,FR,Milan,IT
Castions,IT,Milan,IT
Massa Lubrense,IT,Milan,IT
Villastellone,IT,Milan,IT
Nocera Superiore,IT,Milan,IT
Corte Franca,IT,Milan,IT
Trento,IT,Milan,IT
Cormons,IT,Milan,IT
Casacorba,IT,Milan,IT
Sala Bolognese,IT,Milan,IT
Uzzano,IT,Milan,IT
Morino,IT,Milan,IT
Cavenago di Brianza,IT,Milan,IT
Kamnik,SI,Milan,IT
Collegno,IT,Milan,IT
Copertino,IT,Milan,IT
Monopoli,IT,Milan,IT
Ghiffa,IT,Milan,IT
Poggio Mirteto,IT,Milan,IT
Nuvolera,IT,Milan,IT
San Gregorio da Sassola,IT,Milan,IT
Curno,IT,Milan,IT
Sesto Fiorentino,IT,Milan,IT
Nova Gorica,SI,Milan,IT
Ljubljana,SI,Milan,IT
Maierato,IT,Milan,IT
Casamicciola Terme,IT,Milan,IT
Corchiano,IT,Milan,IT
Opatija,HR,Milan,IT
Castelfranco Veneto,IT,Milan,IT
Prossedi,IT,Milan,IT
Preganziol,IT,Milan,IT
Acquaformosa,IT,Milan,IT
Palazzago,IT,Milan,IT
Anzio,IT,Milan,IT
Slovenska Bistrica,SI,Milan,IT
Falcade,IT,Milan,IT
Campo Ligure,IT,Milan,IT
Collecorvino,IT,Milan,IT
Idrija,SI,Milan,IT
La Loggia,IT,Milan,IT
Colico,IT,Milan,IT
Ronchi dei Legionari,IT,Milan,IT
Tuenno,IT,Milan,IT
Calcinate,IT,Milan,IT
Castellammare di Stabia,IT,Milan,IT
Albese Con Cassano,IT,Milan,IT
Mesocco,CH,Milan,IT
Campoli del Monte Taburno,IT,Milan,IT
Šentilj,SI,Milan,IT
Racale,IT,Milan,IT
Montano Lucino,IT,Milan,IT
Lierna,IT,Milan,IT
Cerklje na Gorenjskem,SI,Milan,IT
Castelnuovo del Garda,IT,Milan,IT
Guttet-Feschel,CH,Milan,IT
Olbia,IT,Milan,IT
Rogliano,IT,Milan,IT
Agira,IT,Milan,IT
Casorezzo,IT,Milan,IT
Sigirino,CH,Milan,IT
Selca,SI,Milan,IT
San Paolo d'Argon,IT,Milan,IT
San Ġwann,MT,Milan,IT
Feletto,IT,Milan,IT
Ponticelli,IT,Milan,IT
Chignolo d'Isola,IT,Milan,IT
Jesenice,SI,Milan,IT
San Martino Siccomario,IT,Milan,IT
Gallicano nel Lazio,IT,Milan,IT
Cassano Magnago,IT,Milan,IT
Pompei,IT,Milan,IT
Komenda,SI,Milan,IT
Cariati,IT,Milan,IT
Castelmassa,IT,Milan,IT
Trecastelli,IT,Milan,IT
Castelnuovo di Val di Cecina,IT,Milan,IT
San Pancrazio Salentino,IT,Milan,IT
Verdellino,IT,Milan,IT
Barrafranca,IT,Milan,IT
Ig,SI,Milan,IT
Castellaneta,IT,Milan,IT
Monte Urano,IT,Milan,IT
Acquanegra sul Chiese,IT,Milan,IT
Poggio Bustone,IT,Milan,IT
Adria,IT,Milan,IT
Bitritto,IT,Milan,IT
Scoppito,IT,Milan,IT
Domusnovas Canales,IT,Milan,IT
Rapolla,IT,Milan,IT
Spinone al Lago,IT,Milan,IT
Madone,IT,Milan,IT
Isola del Gran Sasso,IT,Milan,IT
Guastalla,IT,Milan,IT
Nereto,IT,Milan,IT
Mestre,IT,Milan,IT
Bellizzi,IT,Milan,IT
Santa Maria Nuova,IT,Milan,IT
Malalbergo,IT,Milan,IT
Carbonara al Ticino,IT,Milan,IT
Ragogna,IT,Milan,IT
Cortona,IT,Milan,IT
Novafeltria,IT,Milan,IT
Ponte Buggianese,IT,Milan,IT
Lignano Sabbiadoro,IT,Milan,IT
Besnate,IT,Milan,IT
Volla,IT,Milan,IT
Riposto,IT,Milan,IT
Murlo,IT,Milan,IT
Zgornje Jezersko,SI,Milan,IT
Oria,IT,Milan,IT
Provaglio d'Iseo,IT,Milan,IT
Sant'Angelo in Vado,IT,Milan,IT
Lauterach,AT,Milan,IT
Spresiano,IT,Milan,IT
Roccapiemonte,IT,Milan,IT
Grüsch,CH,Milan,IT
Edolo,IT,Milan,IT
Urgnano,IT,Milan,IT
Barcellona Pozzo di Gotto,IT,Milan,IT
Nuvolento,IT,Milan,IT
Cerknica,SI,Milan,IT
Melicucco,IT,Milan,IT
Montesarchio,IT,Milan,IT
Liscate,IT,Milan,IT
Villa di Serio,IT,Milan,IT
Salerno,IT,Milan,IT
Serra de' Conti,IT,Milan,IT
Romagnano Sesia,IT,Milan,IT
Sorisole,IT,Milan,IT
San Giovanni in Fiore,IT,Milan,IT
Martinsicuro,IT,Milan,IT
Pasian di Prato,IT,Milan,IT
Castiglione della Pescaia,IT,Milan,IT
Amelia,IT,Milan,IT
Volargne,IT,Milan,IT
Certaldo,IT,Milan,IT
Melzo,IT,Milan,IT
Bollate,IT,Milan,IT
Besozzo,IT,Milan,IT
Palestrina,IT,Milan,IT
Camporosso,IT,Milan,IT
Verduno,IT,Milan,IT
Porto d'Ascoli,IT,Milan,IT
Arcene,IT,Milan,IT
Senago,IT,Milan,IT
Moniego,IT,Milan,IT
Arcidosso,IT,Milan,IT
Inverigo,IT,Milan,IT
Orotelli,IT,Milan,IT
Osnago,IT,Milan,IT
Lusiana,IT,Milan,IT
Moie,IT,Milan,IT
Erba,IT,Milan,IT
Piacenza,IT,Milan,IT
Loreo,IT,Milan,IT
Poncarale,IT,Milan,IT
Segni,IT,Milan,IT
Corigliano Calabro,IT,Milan,IT
Soave,IT,Milan,IT
Regalbuto,IT,Milan,IT
Cerisano,IT,Milan,IT
Castelli Calepio,IT,Milan,IT
Corato,IT,Milan,IT
Coccanile,IT,Milan,IT
Arceto,IT,Milan,IT
Inveruno,IT,Milan,IT
Casalecchio di Reno,IT,Milan,IT
Grumo Nevano,IT,Milan,IT
Calvagese della Riviera,IT,Milan,IT
Cankova,SI,Milan,IT
Montechiarugolo,IT,Milan,IT
Riccione,IT,Milan,IT
Santa Maria a Vico,IT,Milan,IT
Barga,IT,Milan,IT
Bagnolo San Vito,IT,Milan,IT
Colle di Val d'Elsa,IT,Milan,IT
Arcole,IT,Milan,IT
Castrovillari,IT,Milan,IT
Aquino,IT,Milan,IT
Bivigliano,IT,Milan,IT
Catanzaro,IT,Milan,IT
Trivero,IT,Milan,IT
Cavasso Nuovo,IT,Milan,IT
Padua,IT,Milan,IT
Peia,IT,Milan,IT
Riola Sardo,IT,Milan,IT
Marsciano,IT,Milan,IT
Cava de' Tirreni,IT,Milan,IT
Limatola,IT,Milan,IT
Rosora,IT,Milan,IT
Baricella,IT,Milan,IT
Dignano,IT,Milan,IT
Lurano,IT,Milan,IT
Fogliano Redipuglia,IT,Milan,IT
Varese,IT,Milan,IT
Trescore Balneario,IT,Milan,IT
Marigliano,IT,Milan,IT
Botricello,IT,Milan,IT
San Pietro in Cariano,IT,Milan,IT
Isola Rizza,IT,Milan,IT
Gaggio Montano,IT,Milan,IT
Peschiera del Garda,IT,Milan,IT
Tione di Trento,IT,Milan,IT
Morbio Inferiore,CH,Milan,IT
Tirano,IT,Milan,IT
Porza,CH,Milan,IT
Petrignano,IT,Milan,IT
Ceggia,IT,Milan,IT
Sant'Agnello,IT,Milan,IT
Goito,IT,Milan,IT
Tombolo,IT,Milan,IT
Rovato,IT,Milan,IT
San Martino al Tagliamento,IT,Milan,IT
Zoppola,IT,Milan,IT
Pederobba,IT,Milan,IT
Montespertoli,IT,Milan,IT
Gżira,MT,Milan,IT
Monti,IT,Milan,IT
Camigliano,IT,Milan,IT
Bagnolo Cremasco,IT,Milan,IT
Sangiano,IT,Milan,IT
Weiningen,CH,Milan,IT
Požega,HR,Milan,IT
Pianiga,IT,Milan,IT
Ponte Nossa,IT,Milan,IT
Grumello del Monte,IT,Milan,IT
Morra De Sanctis,IT,Milan,IT
Cavallino,IT,Milan,IT
Sacile,IT,Milan,IT
Cassano delle Murge,IT,Milan,IT
Conselve,IT,Milan,IT
Mendicino,IT,Milan,IT
Recoaro Terme,IT,Milan,IT
Cassola,IT,Milan,IT
Bovalino,IT,Milan,IT
Carraie,IT,Milan,IT
Satriano,IT,Milan,IT
Muro Leccese,IT,Milan,IT
Domžale,SI,Milan,IT
Faenza,IT,Milan,IT
Novellara,IT,Milan,IT
Udine,IT,Milan,IT
Olgiate Olona,IT,Milan,IT
Sannicola,IT,Milan,IT
Osio Sopra,IT,Milan,IT
Villafranca in Lunigiana,IT,Milan,IT
Loria,IT,Milan,IT
Treviolo,IT,Milan,IT
Martano,IT,Milan,IT
San Cesario di Lecce,IT,Milan,IT
Rosignano Marittimo,IT,Milan,IT
Palagonia,IT,Milan,IT
Suzzara,IT,Milan,IT
Rivignano,IT,Milan,IT
Santa Giustina in Colle,IT,Milan,IT
Mirto,IT,Milan,IT
Castel Volturno,IT,Milan,IT
San Ferdinando di Puglia,IT,Milan,IT
Reggiolo,IT,Milan,IT
Furnari,IT,Milan,IT
Saonara,IT,Milan,IT
Lido,IT,Milan,IT
Cervarese Santa Croce,IT,Milan,IT
Tregnago,IT,Milan,IT
Torrita di Siena,IT,Milan,IT
Parre,IT,Milan,IT
Muzzano,IT,Milan,IT
Cotronei,IT,Milan,IT
SantAntioco,IT,Milan,IT
Palo del Colle,IT,Milan,IT
Spello,IT,Milan,IT
Camerino,IT,Milan,IT
Buti,IT,Milan,IT
Casamarciano,IT,Milan,IT
San Giovanni Bianco,IT,Milan,IT
Cecima,IT,Milan,IT
Borgomanero,IT,Milan,IT
Bosco Chiesanuova,IT,Milan,IT
Cugnasco,CH,Milan,IT
Altofonte,IT,Milan,IT
San Giorgio Ionico,IT,Milan,IT
Castelfranco Emilia,IT,Milan,IT
Spino d'Adda,IT,Milan,IT
Pontoglio,IT,Milan,IT
Gavardo,IT,Milan,IT
Coredo,IT,Milan,IT
Bulgarograsso,IT,Milan,IT
Casalmoro,IT,Milan,IT
Locri,IT,Milan,IT
Villapiana,IT,Milan,IT
Caltana,IT,Milan,IT
Quartino,CH,Milan,IT
Rovellasca,IT,Milan,IT
Garbagnate Monastero,IT,Milan,IT
Lipomo,IT,Milan,IT
Masate,IT,Milan,IT
Civitavecchia,IT,Milan,IT
Bedonia,IT,Milan,IT
Montepaone,IT,Milan,IT
Mežica,SI,Milan,IT
Sorgane,IT,Milan,IT
Copiano,IT,Milan,IT
Levate,IT,Milan,IT
Linguaglossa,IT,Milan,IT
Tremestieri Etneo,IT,Milan,IT
Lacchiarella,IT,Milan,IT
Spinadesco,IT,Milan,IT
Brivio,IT,Milan,IT
Salandra,IT,Milan,IT
Pontelongo,IT,Milan,IT
Campodarsego,IT,Milan,IT
Lenola,IT,Milan,IT
Cirkuše v Tuhinju,SI,Milan,IT
Castel di Casio,IT,Milan,IT
Pescantina,IT,Milan,IT
Vado Ligure,IT,Milan,IT
Bagnoli di Sopra,IT,Milan,IT
Floridia,IT,Milan,IT
Torrevecchia Teatina,IT,Milan,IT
Alassio,IT,Milan,IT
Osoppo,IT,Milan,IT
Torri del Benaco,IT,Milan,IT
Pomarolo,IT,Milan,IT
Porto Sant'Elpidio,IT,Milan,IT
Agazzano,IT,Milan,IT
Bagnaria Arsa,IT,Milan,IT
Popoli,IT,Milan,IT
Vailate,IT,Milan,IT
Castelnuovo,IT,Milan,IT
Tolentino,IT,Milan,IT
Pognano,IT,Milan,IT
Bitetto,IT,Milan,IT
Cassina Rizzardi,IT,Milan,IT
Rivoli,IT,Milan,IT
Tolmezzo,IT,Milan,IT
Trezzo sull'Adda,IT,Milan,IT
Lazzate,IT,Milan,IT
Casaluce,IT,Milan,IT
Agrigento,IT,Milan,IT
Codigoro,IT,Milan,IT
Gandria,CH,Milan,IT
Grandate,IT,Milan,IT
Canizzano,IT,Milan,IT
Chiampo,IT,Milan,IT
Castello di Godego,IT,Milan,IT
Rapallo,IT,Milan,IT
San Cipriano Picentino,IT,Milan,IT
Brignano Gera d'Adda,IT,Milan,IT
Aprilia,IT,Milan,IT
Bellante,IT,Milan,IT
Spinea,IT,Milan,IT
Mugnano del Cardinale,IT,Milan,IT
Tenero,CH,Milan,IT
Favara,IT,Milan,IT
Penne,IT,Milan,IT
Gessate,IT,Milan,IT
Limbiate,IT,Milan,IT
Granarolo dell'Emilia e Viadagola,IT,Milan,IT
Ermont,FR,Milan,IT
Roncade,IT,Milan,IT
San Fili,IT,Milan,IT
Muggiò,IT,Milan,IT
Noventa di Piave,IT,Milan,IT
Somma Vesuviana,IT,Milan,IT
Bellegra,IT,Milan,IT
Porto Torres,IT,Milan,IT
Sant'Angelo Lodigiano,IT,Milan,IT
Carlentini,IT,Milan,IT
Podnart,SI,Milan,IT
Tirolo,IT,Milan,IT
Covo,IT,Milan,IT
Catania,IT,Milan,IT
Serrenti,IT,Milan,IT
Lubriano,IT,Milan,IT
Ranica,IT,Milan,IT
San Salvo,IT,Milan,IT
Francavilla al Mare,IT,Milan,IT
Ceccano,IT,Milan,IT
Arsago Seprio,IT,Milan,IT
Zona Industriale,IT,Milan,IT
Sommacampagna,IT,Milan,IT
Besate,IT,Milan,IT
Žminj,HR,Milan,IT
Bosaro,IT,Milan,IT
Poggio Rusco,IT,Milan,IT
Salizzole,IT,Milan,IT
Lonate Ceppino,IT,Milan,IT
Capriva del Friuli,IT,Milan,IT
Tavagnacco,IT,Milan,IT
Albuzzano,IT,Milan,IT
Santa Cristina d'Aspromonte,IT,Milan,IT
Ardea,IT,Milan,IT
Marone,IT,Milan,IT
Colmurano,IT,Milan,IT
San Terenziano,IT,Milan,IT
San Felice Circeo,IT,Milan,IT
Mareno di Piave,IT,Milan,IT
Fiumefreddo di Sicilia,IT,Milan,IT
Muggia,IT,Milan,IT
Bozzolo,IT,Milan,IT
Sant'Omobono Terme,IT,Milan,IT
Gerlafingen,CH,Milan,IT
Trebaseleghe,IT,Milan,IT
Introbio,IT,Milan,IT
Gioiosa Marea,IT,Milan,IT
San Giovanni Incarico,IT,Milan,IT
Castello Molina di Fiemme,IT,Milan,IT
Castelvetrano,IT,Milan,IT
Falerna,IT,Milan,IT
Tavazzano,IT,Milan,IT
Lambrugo,IT,Milan,IT
Casapesenna,IT,Milan,IT
Piegaro,IT,Milan,IT
Medolago,IT,Milan,IT
Sepino,IT,Milan,IT
Parabita,IT,Milan,IT
Monteriggioni,IT,Milan,IT
Stresa,IT,Milan,IT
Alfianello,IT,Milan,IT
Orzinuovi,IT,Milan,IT
Duino,IT,Milan,IT
Predaia - Campodenno,IT,Milan,IT
Offanengo,IT,Milan,IT
Monte Carasso,CH,Milan,IT
Rocca di Papa,IT,Milan,IT
Carbonia,IT,Milan,IT
Villabate,IT,Milan,IT
Lac-Mégantic,CA,Montreal,CA
Hawkesbury,CA,Montreal,CA
Sainte-Thérèse-de-la-Gatineau,CA,Montreal,CA
Sherbrooke,CA,Montreal,CA
Clermont,CA,Montreal,CA
Blainville,CA,Montreal,CA
Pointe-des-Cascades,CA,Montreal,CA
Sainte-Anne-des-Plaines,CA,Montreal,CA
Saint-Nicolas,CA,Montreal,CA
Clarence-Rockland,CA,Montreal,CA
Norwich,US,Montreal,CA
Saint-Félicien,CA,Montreal,CA
Saint-Ferdinand,CA,Montreal,CA
Mont-Laurier,CA,Montreal,CA
Cumberland,CA,Montreal,CA
Constance Bay,CA,Montreal,CA
Saint-Felix-d'Otis,CA,Montreal,CA
Oranjestad,AW,Montreal,CA
Dégelis,CA,Montreal,CA
Chambly,CA,Montreal,CA
Vancouver,US,Montreal,CA
Saint-Jacques,CA,Montreal,CA
Saint-Vianney,CA,Montreal,CA
Québec,CA,Montreal,CA
Alfred,CA,Montreal,CA
Amos,CA,Montreal,CA
Saint-Philippe-de-Neri,CA,Montreal,CA
Les Escoumins,CA,Montreal,CA
L'Ange-Gardien,CA,Montreal,CA
Lac-Cayamant,CA,Montreal,CA
York,CA,Montreal,CA
Saint-Mathieu-du-Parc,CA,Montreal,CA
Saint-Ubalde,CA,Montreal,CA
Saint-Michel-de-Bellechasse,CA,Montreal,CA
Franklin,CA,Montreal,CA
Trois-Rivières,CA,Montreal,CA
Montebello,CA,Montreal,CA
Lorraine,CA,Montreal,CA
L'Épiphanie,CA,Montreal,CA
Mont-Saint-Hilaire,CA,Montreal,CA
Montreal East,CA,Montreal,CA
Saint-Eustache,CA,Montreal,CA
Chicoutimi,CA,Montreal,CA
Sanbornville,US,Montreal,CA
Corner Brook,CA,Montreal,CA
Napierville,CA,Montreal,CA
Mirabel,CA,Montreal,CA
Varennes,CA,Montreal,CA
Brockville,CA,Montreal,CA
Sainte-Mélanie,CA,Montreal,CA
Saint-Léonard-d'Aston,CA,Montreal,CA
Nepean,CA,Montreal,CA
Coteau-du-Lac,CA,Montreal,CA
Kirkland,CA,Montreal,CA
Berthier-sur-Mer,CA,Montreal,CA
Plessisville,CA,Montreal,CA
Sainte-Geneviève,CA,Montreal,CA
Saint-Fulgence,CA,Montreal,CA
Portneuf,CA,Montreal,CA
Sainte-Marcelline-de-Kildare,CA,Montreal,CA
La Prairie,CA,Montreal,CA
Stittsville,CA,Montreal,CA
Saint-Didace,CA,Montreal,CA
South Lancaster,CA,Montreal,CA
Riviere-Bleue,CA,Montreal,CA
Deep River,CA,Montreal,CA
Saint-Lambert-de-Lauzon,CA,Montreal,CA
Saint-Tite-des-Caps,CA,Montreal,CA
Calixa-Lavallée,CA,Montreal,CA
Mount Pearl,CA,Montreal,CA
Sainte-Thérèse,CA,Montreal,CA
Saint-Zotique,CA,Montreal,CA
Newmarket,CA,Montreal,CA
Victoriaville,CA,Montreal,CA
Miramichi,CA,Montreal,CA
Saint-Agapit,CA,Montreal,CA
Thurso,CA,Montreal,CA
Dolbeau,CA,Montreal,CA
St-Jean-Port-Joli,CA,Montreal,CA
Saint-Casimir,CA,Montreal,CA
Saint-Siméon,CA,Montreal,CA
Saint-Césaire,CA,Montreal,CA
Sainte-Cécile-de-Masham,CA,Montreal,CA
Pointe-Claire,CA,Montreal,CA
Drummondville,CA,Montreal,CA
Saint-Charles-des-Grondines,CA,Montreal,CA
Lancaster,CA,Montreal,CA
Grand-Remous,CA,Montreal,CA
Ottawa,CA,Montreal,CA
Saint-Gervais,CA,Montreal,CA
Cowansville,CA,Montreal,CA
Saint-Honoré,CA,Montreal,CA
Laval,CA,Montreal,CA
Saint-Bernard,CA,Montreal,CA
Sainte-Marthe,CA,Montreal,CA
Iroquois,CA,Montreal,CA
Pincourt,CA,Montreal,CA
Lanark,CA,Montreal,CA
Hepworth,CA,Montreal,CA
Sainte-Catherine,CA,Montreal,CA
Charlottetown,CA,Montreal,CA
Mascouche,CA,Montreal,CA
Quyon,CA,Montreal,CA
Ballston Spa,US,Montreal,CA
Shannon,CA,Montreal,CA
Chandler,CA,Montreal,CA
Rockport,CA,Montreal,CA
Saint-Joseph-de-Beauce,CA,Montreal,CA
Osgoode,CA,Montreal,CA
Sainte-Thècle,CA,Montreal,CA
Edmundston,CA,Montreal,CA
Sainte-Marguerite-du-Lac-Masson,CA,Montreal,CA
Saint John,CA,Montreal,CA
Ste. Anne de la Pocatière,CA,Montreal,CA
Wakefield,CA,Montreal,CA
St. Stephen,CA,Montreal,CA
Boischatel,CA,Montreal,CA
Saint-Hyacinthe,CA,Montreal,CA
Sainte-Anne-de-la-Pérade,CA,Montreal,CA
Jonquière,CA,Montreal,CA
Magog,CA,Montreal,CA
Saint-Alexandre-de-Kamouraska,CA,Montreal,CA
Arundel,CA,Montreal,CA
Portland,US,Montreal,CA
Val-des-Monts,CA,Montreal,CA
Ripon,CA,Montreal,CA
Saint-Calixte,CA,Montreal,CA
Relais-Gabriel,CA,Montreal,CA
Notre-Dame-de-l'Île-Perrot,CA,Montreal,CA
Beaconsfield,CA,Montreal,CA
Ste-Anne-de-Prescott,CA,Montreal,CA
Roberval,CA,Montreal,CA
Saint-Bruno-de-Montarville,CA,Montreal,CA
Ellsworth,US,Montreal,CA
Val-d'Or,CA,Montreal,CA
Montreal,CA,Montreal,CA
Sainte-Famille,CA,Montreal,CA
Saint-Irénée,CA,Montreal,CA
Les Coteaux,CA,Montreal,CA
Almonte,CA,Montreal,CA
Morin-Heights,CA,Montreal,CA
Sainte-Béatrix,CA,Montreal,CA
Lac-Supérieur,CA,Montreal,CA
Beaulac-Garthby,CA,Montreal,CA
Palmer Rapids,CA,Montreal,CA
Pointe-Fortune,CA,Montreal,CA
Brownsburg-Chatham,CA,Montreal,CA
Stoneham,CA,Montreal,CA
Sainte-Julienne,CA,Montreal,CA
Orléans,CA,Montreal,CA
Schomberg,CA,Montreal,CA
Val-David,CA,Montreal,CA
Cayamant,CA,Montreal,CA
Granby,CA,Montreal,CA
Senneterre,CA,Montreal,CA
Perkins,CA,Montreal,CA
Van Bruyssel,CA,Montreal,CA
Greely,CA,Montreal,CA
Papineauville,CA,Montreal,CA
Embrun,CA,Montreal,CA
Cabano,CA,Montreal,CA
Salaberry-de-Valleyfield,CA,Montreal,CA
Low,CA,Montreal,CA
L'Ile Perrot,CA,Montreal,CA
Saint-Moïse,CA,Montreal,CA
Saint-Ambroise,CA,Montreal,CA
Saint-Michel,CA,Montreal,CA
Ayer's Cliff,CA,Montreal,CA
Pomfret Center,US,Montreal,CA
Saint-Jérôme,CA,Montreal,CA
Truro,CA,Montreal,CA
Rouyn-Noranda,CA,Montreal,CA
Yamaska,CA,Montreal,CA
Farnham,CA,Montreal,CA
Saint-Charles-de-Bellechasse,CA,Montreal,CA
Conception Bay South,CA,Montreal,CA
Gatineau,CA,Montreal,CA
Cantley,CA,Montreal,CA
Marieville,CA,Montreal,CA
Saint-Célestin,CA,Montreal,CA
Waterford,US,Montreal,CA
Godfrey,CA,Montreal,CA
Sainte-Rose,CA,Montreal,CA
Sainte-Brigitte-de-Laval,CA,Montreal,CA
La Baie,CA,Montreal,CA
Gaspé,CA,Montreal,CA
Vallée-Jonction,CA,Montreal,CA
Carp,CA,Montreal,CA
Avonmore,CA,Montreal,CA
Contrecoeur,CA,Montreal,CA
Leamington,CA,Montreal,CA
Sainte-Émélie-de-l'Énergie,CA,Montreal,CA
East Broughton,CA,Montreal,CA
Saint-Gabriel,CA,Montreal,CA
Barraute,CA,Montreal,CA
Yarker,CA,Montreal,CA
L'Assomption,CA,Montreal,CA
Saint-Lin-Laurentides,CA,Montreal,CA
Saint-Marc-sur-Richelieu,CA,Montreal,CA
Charny,CA,Montreal,CA
Winnipeg,CA,Montreal,CA
Donnacona,CA,Montreal,CA
Beachburg,CA,Montreal,CA
Kanata,CA,Montreal,CA
Rochester Hills,US,Montreal,CA
Denbigh,CA,Montreal,CA
Toronto,CA,Montreal,CA
Brossard,CA,Montreal,CA
Bourget,CA,Montreal,CA
Saint-Colomban,CA,Montreal,CA
Longueuil,CA,Montreal,CA
Sainte-Adèle,CA,Montreal,CA
Lachute,CA,Montreal,CA
Saint-Benoît-Labre,CA,Montreal,CA
Hyde Park,US,Montreal,CA
Nicolet,CA,Montreal,CA
Oka,CA,Montreal,CA
Sainte-Sophie,CA,Montreal,CA
Vanier,CA,Montreal,CA
Les Cèdres,CA,Montreal,CA
South Glengarry,CA,Montreal,CA
Saint-Georges,CA,Montreal,CA
Saint-Prosper,CA,Montreal,CA
Saint-Anselme,CA,Montreal,CA
La Minerve,CA,Montreal,CA
Warner,US,Montreal,CA
Delson,CA,Montreal,CA
Metcalfe,CA,Montreal,CA
Lac-aux-Sables,CA,Montreal,CA
Fossambault-sur-le-Lac,CA,Montreal,CA
Saint-Joseph-de-Coleraine,CA,Montreal,CA
Mansonville,CA,Montreal,CA
Beauharnois,CA,Montreal,CA
St-Hippolyte,CA,Montreal,CA
Rolphton,CA,Montreal,CA
Skowhegan,US,Montreal,CA
Saint-Sauveur,CA,Montreal,CA
Beaupré,CA,Montreal,CA
Plattsburgh,US,Montreal,CA
Compton,CA,Montreal,CA
Cap-aux-Meules,CA,Montreal,CA
Saint-Amable,CA,Montreal,CA
Cap-Saint-Ignace,CA,Montreal,CA
Chesterville,CA,Montreal,CA
Ormstown,CA,Montreal,CA
Sainte-Claire,CA,Montreal,CA
Killaloe,CA,Montreal,CA
Sainte-Catherine-de-Hatley,CA,Montreal,CA
Saint-Roch-de-l'Achigan,CA,Montreal,CA
Long Sault,CA,Montreal,CA
Petawawa,CA,Montreal,CA
Sainte-Anne-de-Beaupré,CA,Montreal,CA
Saint-Gilles,CA,Montreal,CA
Dorval,CA,Montreal,CA
Sainte-Marie,CA,Montreal,CA
Shawinigan,CA,Montreal,CA
South Burlington,US,Montreal,CA
Sainte-Madeleine,CA,Montreal,CA
Terrebonne,CA,Montreal,CA
Chapeau,CA,Montreal,CA
Saint-David-de-Falardeau,CA,Montreal,CA
Abercorn,CA,Montreal,CA
Kemptville,CA,Montreal,CA
Saint-Tite,CA,Montreal,CA
Deux-Montagnes,CA,Montreal,CA
Saint-Hubert,CA,Montreal,CA
Neuville,CA,Montreal,CA
Paradise,CA,Montreal,CA
Dunrobin,CA,Montreal,CA
Saint-Laurent,CA,Montreal,CA
Normandin,CA,Montreal,CA
Finch,CA,Montreal,CA
Pointe-aux-Trembles,CA,Montreal,CA
Val-Morin,CA,Montreal,CA
Lachine,CA,Montreal,CA
Saint-Pacôme,CA,Montreal,CA
Trois Pistoles,CA,Montreal,CA
Montreal West,CA,Montreal,CA
Saint-Adelphe,CA,Montreal,CA
Saint-Boniface,CA,Montreal,CA
Plantagenet,CA,Montreal,CA
Rivière-Rouge,CA,Montreal,CA
Louiseville,CA,Montreal,CA
Cobden,CA,Montreal,CA
Saint-Antoine-de-Tilly,CA,Montreal,CA
Verchères,CA,Montreal,CA
Mercier,CA,Montreal,CA
Nichols,US,Montreal,CA
Epsom,US,Montreal,CA
St. Cloud,US,Montreal,CA
Rockland,CA,Montreal,CA
Repentigny,CA,Montreal,CA
Saint-Mathias-sur-Richelieu,CA,Montreal,CA
Saint-Constant,CA,Montreal,CA
Weedon,CA,Montreal,CA
Eastman,CA,Montreal,CA
Malone,US,Montreal,CA
Lincolnville,US,Montreal,CA
Sainte-Rose-du-Nord,CA,Montreal,CA
Bromptonville,CA,Montreal,CA
Saint-Léonard,CA,Montreal,CA
Rosemère,CA,Montreal,CA
Loretteville,CA,Montreal,CA
Odessa,CA,Montreal,CA
Buckingham,CA,Montreal,CA
Henryville,CA,Montreal,CA
Lanoraie,CA,Montreal,CA
Saint-Raymond-de-Portneuf,CA,Montreal,CA
Huntingdon,CA,Montreal,CA
Dudswell,CA,Montreal,CA
Sainte-Anne-de-Bellevue,CA,Montreal,CA
Hampstead,CA,Montreal,CA
Cornwall,CA,Montreal,CA
Saint-Germain-de-Grantham,CA,Montreal,CA
Rivière-du-Loup,CA,Montreal,CA
Saint-Marc-des-Carrieres,CA,Montreal,CA
Falmouth,US,Montreal,CA
Saint-Lazare,CA,Montreal,CA
Merrickville,CA,Montreal,CA
L'Ancienne-Lorette,CA,Montreal,CA
Gouldsboro,US,Montreal,CA
Mount Royal,CA,Montreal,CA
Pointe-à-la-Croix,CA,Montreal,CA
Bromont,CA,Montreal,CA
Bedford,CA,Montreal,CA
Saint-Rémi,CA,Montreal,CA
Hemmingford,CA,Montreal,CA
Saint-Jean-de-Matha,CA,Montreal,CA
Beloeil,CA,Montreal,CA
Hull,CA,Montreal,CA
Sainte-Martine,CA,Montreal,CA
Coaticook,CA,Montreal,CA
Hudson,CA,Montreal,CA
Essex Junction,US,Montreal,CA
Brunswick,US,Montreal,CA
Aylmer,CA,Montreal,CA
Richmond Hill,CA,Montreal,CA
Thetford-Mines,CA,Montreal,CA
Kentville,CA,Montreal,CA
Saint Thomas de Montmagny,CA,Montreal,CA
Rimouski,CA,Montreal,CA
Verdun,CA,Montreal,CA
Plattsville,CA,Montreal,CA
Messines,CA,Montreal,CA
Dunham,CA,Montreal,CA
Durham-Sud,CA,Montreal,CA
Foymount,CA,Montreal,CA
La Malbaie,CA,Montreal,CA
Saint-Bruno,CA,Montreal,CA
Baie-Saint-Paul,CA,Montreal,CA
Oxford Station,CA,Montreal,CA
Shawbridge,CA,Montreal,CA
Aumond,CA,Montreal,CA
Rivière-Beaudette,CA,Montreal,CA
Prescott,CA,Montreal,CA
Price,CA,Montreal,CA
Boucherville,CA,Montreal,CA
Sorel-Tracy,CA,Montreal,CA
Knowlton,CA,Montreal,CA
Saguenay,CA,Montreal,CA
Chertsey,CA,Montreal,CA
Joliette,CA,Montreal,CA
East Angus,CA,Montreal,CA
Saint-Aubert,CA,Montreal,CA
Mont-Tremblant,CA,Montreal,CA
Saint-Léonard-de-Portneuf,CA,Montreal,CA
Lavaltrie,CA,Montreal,CA
Anjou,CA,Montreal,CA
Charlesbourg,CA,Montreal,CA
Sainte-Marthe-sur-le-Lac,CA,Montreal,CA
LaSalle,CA,Montreal,CA
Churchville,US,Montreal,CA
Pont-Viau,CA,Montreal,CA
Wells,US,Montreal,CA
Sainte-Hedwidge-de-Roberval,CA,Montreal,CA
Montpellier,CA,Montreal,CA
Coboconk,CA,Montreal,CA
Alma,CA,Montreal,CA
Wiscasset,US,Montreal,CA
Saint-Marc-du-Lac-Long,CA,Montreal,CA
Roxboro,CA,Montreal,CA
Maniwaki,CA,Montreal,CA
Fredericton,CA,Montreal,CA
Camas,US,Montreal,CA
Greenfield Park,CA,Montreal,CA
Summerside,CA,Montreal,CA
Saint-Henri,CA,Montreal,CA
L'Islet,CA,Montreal,CA
Milton,US,Montreal,CA
Quispamsis,CA,Montreal,CA
Pennfield,CA,Montreal,CA
Dieppe,CA,Montreal,CA
Saint-Cyrille-de-Wendover,CA,Montreal,CA
Saint-Alphonse-Rodriguez,CA,Montreal,CA
Russell,CA,Montreal,CA
Harrow,CA,Montreal,CA
Saint-Ferréol-les-Neiges,CA,Montreal,CA
La Doré,CA,Montreal,CA
Dollard-des-Ormeaux,CA,Montreal,CA
Grenville,CA,Montreal,CA
Beauport,CA,Montreal,CA
Berthierville,CA,Montreal,CA
Gananoque,CA,Montreal,CA
Bois-des-Filion,CA,Montreal,CA
Grenville-sur-la-Rouge,CA,Montreal,CA
Kazabazua,CA,Montreal,CA
Pont-Rouge,CA,Montreal,CA
Amherst,CA,Montreal,CA
Bolton-Est,CA,Montreal,CA
Lévis,CA,Montreal,CA
Warkworth,CA,Montreal,CA
Manseau,CA,Montreal,CA
Saint-Jean-sur-Richelieu,CA,Montreal,CA
Saint-Félix-de-Valois,CA,Montreal,CA
Baie-D'Urfé,CA,Montreal,CA
Saint-Augustin-de-Desmaures,CA,Montreal,CA
Châteauguay,CA,Montreal,CA
L'Anse-Saint-Jean,CA,Montreal,CA
Westmount,CA,Montreal,CA
Sainte-Agathe-des-Monts,CA,Montreal,CA
Maitland,CA,Montreal,CA
Arnprior,CA,Montreal,CA
Winchester,CA,Montreal,CA
Saint-Apollinaire,CA,Montreal,CA
Glenburnie,CA,Montreal,CA
Chelsea,CA,Montreal,CA
Noyan,CA,Montreal,CA
Saint-Alban,CA,Montreal,CA
Pierrefonds,CA,Montreal,CA
Lincoln,US,Montreal,CA
Pakenham,CA,Montreal,CA
Gloucester,CA,Montreal,CA
Dolbeau-Mistassini,CA,Montreal,CA
Havre-Saint-Pierre,CA,Montreal,CA
Portsmouth,US,Montreal,CA
Sainte-Julie,CA,Montreal,CA
Petite-Rivière-Saint-François,CA,Montreal,CA
Maria,CA,Montreal,CA
South China,US,Montreal,CA
Acton Vale,CA,Montreal,CA
Rigaud,CA,Montreal,CA
Smiths Falls,CA,Montreal,CA
Saint-Alexandre,CA,Montreal,CA
Clarington,CA,Montreal,CA
Campbellton,CA,Montreal,CA
Notre-Dame-de-la-Merci,CA,Montreal,CA
Windham Center,US,Montreal,CA
Kinburn,CA,Montreal,CA
Saint-Paul-de-l'Île-aux-Noix,CA,Montreal,CA
Sacré-Coeur,CA,Montreal,CA
Bellows Falls,US,Montreal,CA
Bouchette,CA,Montreal,CA
Boisbriand,CA,Montreal,CA
Stroudsburg,US,New York,US
Slatington,US,New York,US
Mamaroneck,US,New York,US
New York,US,New York,US
Inglewood,US,New York,US
West Sacramento,US,New York,US
Bayville,US,New York,US
Mendham,US,New York,US
Morrisville,US,New York,US
Hawthorne,US,New York,US
Horsham,US,New York,US
Freeland,US,New York,US
Harrison,US,New York,US
Red Bank,US,New York,US
New Bethlehem,US,New York,US
Hudson,US,New York,US
Philadelphia,US,New York,US
Tobyhanna,US,New York,US
Colchester,US,New York,US
Cold Spring,US,New York,US
Claremont,US,New York,US
Norwalk,US,New York,US
East Orange,US,New York,US
Bloomsburg,US,New York,US
Jersey City,US,New York,US
Ambler,US,New York,US
Dover,US,New York,US
New Hyde Park,US,New York,US
Stony Brook,US,New York,US
Vestal,US,New York,US
Elmwood Park,US,New York,US
Wallington,US,New York,US
Linden,US,New York,US
Mount Ephraim,US,New York,US
Dedham,US,New York,US
Revere,US,New York,US
Phoenixville,US,New York,US
Plymouth,US,New York,US
Charlton,US,New York,US
Stanhope,US,New York,US
Beach Lake,US,New York,US
Amesbury,US,New York,US
Mount Vernon,US,New York,US
Watertown,US,New York,US
Ayer,US,New York,US
Del Norte,US,New York,US
Weymouth,US,New York,US
Pepperell,US,New York,US
Bathurst,CA,New York,US
Broomall,US,New York,US
New Rochelle,US,New York,US
Orange,US,New York,US
Passaic,US,New York,US
Emerson,US,New York,US
Florham Park,US,New York,US
Allentown,US,New York,US
Garden City,US,New York,US
Lexington,US,New York,US
Johnson City,US,New York,US
Miller Place,US,New York,US
Troy,US,New York,US
Hickory,US,New York,US
Naugatuck,US,New York,US
Worcester,US,New York,US
New Bedford,US,New York,US
Trumbull,US,New York,US
Bedminster,US,New York,US
Lynn,US,New York,US
Larchmont,US,New York,US
Waxhaw,US,New York,US
Hazleton,US,New York,US
Bethpage,US,New York,US
Pennsville,US,New York,US
Shelton,US,New York,US
Morristown,US,New York,US
Southampton,US,New York,US
Danbury,US,New York,US
Clifton,US,New York,US
Kansas City,US,New York,US
Queens,US,New York,US
Paoli,US,New York,US
Hyannis,US,New York,US
Bala-Cynwyd,US,New York,US
Rockaway,US,New York,US
Southborough,US,New York,US
Rye Brook,US,New York,US
Montclair,US,New York,US
Bethel,US,New York,US
Holliston,US,New York,US
Englewood Cliffs,US,New York,US
Harleysville,US,New York,US
Freehold,US,New York,US
Hamilton,BM,New York,US
Branchdale,US,New York,US
Hopewell Junction,US,New York,US
Wilton,US,New York,US
Taunton,US,New York,US
West Haven,US,New York,US
Bay Shore,US,New York,US
Ludlow,US,New York,US
East Brunswick,US,New York,US
Lowell,US,New York,US
Elmsford,US,New York,US
Mt. Pleasant,US,New York,US
Downingtown,US,New York,US
Brentwood,US,New York,US
Chaska,US,New York,US
Harvard,US,New York,US
Fair Haven,US,New York,US
Secaucus,US,New York,US
Riverview,CA,New York,US
Yonkers,US,New York,US
Bryn Mawr,US,New York,US
Milford,US,New York,US
Northampton,US,New York,US
Elizabeth,US,New York,US
Braintree,US,New York,US
Leicester,US,New York,US
Belmont,US,New York,US
Greensburg,US,New York,US
Lewisburg,US,New York,US
Westfield,US,New York,US
South Deerfield,US,New York,US
Westwood,US,New York,US
Bethel Park,US,New York,US
Levittown,US,New York,US
Albany,US,New York,US
Williamsburg,US,New York,US
Westport,US,New York,US
Stratford,US,New York,US
Paramus,US,New York,US
Hempstead,US,New York,US
Lawrence,US,New York,US
Freeport,US,New York,US
Needham,US,New York,US
Derwood,US,New York,US
Somerville,US,New York,US
Parsippany,US,New York,US
New Brunswick,US,New York,US
Nutley,US,New York,US
Aston Mills,US,New York,US
Camp Hill,US,New York,US
Old Bridge,US,New York,US
Fairfield,US,New York,US
Townsend,US,New York,US
Fall River,US,New York,US
Morro Bay,US,New York,US
Endicott,US,New York,US
Little Falls,US,New York,US
Bayonne,US,New York,US
Springfield,US,New York,US
Glen Cove,US,New York,US
Ithaca,US,New York,US
Stratham,US,New York,US
Benton,US,New York,US
Fort Washington,US,New York,US
Woodbury,US,New York,US
Crawfordsville,US,New York,US
Arcola,US,New York,US
Peabody,US,New York,US
Charlestown,US,New York,US
Saugus,US,New York,US
Allston,US,New York,US
Tunkhannock,US,New York,US
Howell Township,US,New York,US
Covington,US,New York,US
West Newton,US,New York,US
Ardmore,US,New York,US
Lyndhurst,US,New York,US
Laurelton,US,New York,US
Dushore,US,New York,US
Hopkinton,US,New York,US
Brookline,US,New York,US
Kutztown,US,New York,US
Milan,US,New York,US
Princeton,US,New York,US
Nyack,US,New York,US
Parlin,US,New York,US
Johnston,US,New York,US
Iselin,US,New York,US
Basking Ridge,US,New York,US
Media,US,New York,US
Riverhead,US,New York,US
Manhattan Beach,US,New York,US
Hillsdale,US,New York,US
York Springs,US,New York,US
Totowa,US,New York,US
Pittsfield,US,New York,US
Cranston,US,New York,US
Stow,US,New York,US
Trenton,US,New York,US
Woodcliff Lake,US,New York,US
Fredericton,CA,New York,US
Manchester,US,New York,US
Paulsboro,US,New York,US
North Smithfield,US,New York,US
Plainsboro,US,New York,US
Malden,US,New York,US
Telford,US,New York,US
East Stroudsburg,US,New York,US
Greenwich,US,New York,US
Willingboro,US,New York,US
Woods Hole,US,New York,US
Melville,US,New York,US
Clementon,US,New York,US
North Bay Village,US,New York,US
North Dartmouth,US,New York,US
Waterford,US,New York,US
Lancaster,US,New York,US
Hope,US,New York,US
West Babylon,US,New York,US
Goshen,US,New York,US
Floral Park,US,New York,US
Agawam,US,New York,US
Irvington,US,New York,US
Binghamton,US,New York,US
South Portland,US,New York,US
Schnecksville,US,New York,US
Norristown,US,New York,US
Methuen,US,New York,US
Cortland,US,New York,US
Leominster,US,New York,US
Newtown Square,US,New York,US
Pawtucket,US,New York,US
Portsmouth,US,New York,US
Chelmsford,US,New York,US
Tucson,US,New York,US
Blairstown,US,New York,US
Sparta,US,New York,US
Tracadie–Sheila,CA,New York,US
Elmira,US,New York,US
Hillsborough,US,New York,US
West Chester,US,New York,US
Clifton Park,US,New York,US
King of Prussia,US,New York,US
Acton,US,New York,US
Carver,US,New York,US
Harrisburg,US,New York,US
Sharon Hill,US,New York,US
Union,US,New York,US
Toms River,US,New York,US
Muncy,US,New York,US
Rensselaer,US,New York,US
Summit,US,New York,US
Jamaica Plain,US,New York,US
Newark,US,New York,US
Audubon,US,New York,US
Maplewood,US,New York,US
Seymour,US,New York,US
Fairless Hills,US,New York,US
Dorchester,US,New York,US
Ramsey,US,New York,US
Jefferson City,US,New York,US
Roslyn,US,New York,US
Asbury Park,US,New York,US
Mahopac,US,New York,US
Wayne,US,New York,US
Breinigsville,US,New York,US
Saddle River,US,New York,US
The Bronx,US,New York,US
Somerdale,US,New York,US
Scarborough,US,New York,US
Bensalem,US,New York,US
Massapequa Park,US,New York,US
West Nyack,US,New York,US
Henrietta,US,New York,US
Haverhill,US,New York,US
Canonsburg,US,New York,US
Lititz,US,New York,US
Slingerlands,US,New York,US
Putnam,US,New York,US
Lehighton,US,New York,US
Elyria,US,New York,US
Ronkonkoma,US,New York,US
Pottstown,US,New York,US
Boxford,US,New York,US
Medfield,US,New York,US
West Orange,US,New York,US
Huntington,US,New York,US
New Canaan,US,New York,US
Manasquan,US,New York,US
Beverly,US,New York,US
Medford,US,New York,US
Granville,US,New York,US
Edison,US,New York,US
Chepachet,US,New York,US
Cleveland,US,New York,US
Vineland,US,New York,US
Saratoga Springs,US,New York,US
Rahway,US,New York,US
Gardiner,US,New York,US
Hoboken,US,New York,US
Lakeville,US,New York,US
Fair Lawn,US,New York,US
Ocala,US,New York,US
Brant Rock,US,New York,US
Randolph,US,New York,US
Wilkes-Barre,US,New York,US
Lindenhurst,US,New York,US
Hartford,US,New York,US
Willow Grove,US,New York,US
Framingham,US,New York,US
Ashland,US,New York,US
Malvern,US,New York,US
Valley Cottage,US,New York,US
Coventry,US,New York,US
Darien,US,New York,US
Hackensack,US,New York,US
Bloomfield,US,New York,US
Staten Island,US,New York,US
Wynnewood,US,New York,US
Attleboro,US,New York,US
Moonachie,US,New York,US
Carteret,US,New York,US
New Windsor,US,New York,US
Petersham,US,New York,US
Paterson,US,New York,US
Skowhegan,US,New York,US
Franklin,US,New York,US
Cresskill,US,New York,US
Grafton,US,New York,US
San Gabriel,US,New York,US
Bennington,US,New York,US
Port Washington,US,New York,US
Perth Amboy,US,New York,US
Gwynn Oak,US,New York,US
Nashua,US,New York,US
Wellesley,US,New York,US
White Plains,US,New York,US
Walton,US,New York,US
Holmdel,US,New York,US
Boston,US,New York,US
Whitman,US,New York,US
Piscataway,US,New York,US
Annandale,US,New York,US
Platte City,US,New York,US
Westbury,US,New York,US
East Dublin,US,New York,US
Rochester,US,New York,US
Belleville,US,New York,US
West Yarmouth,US,New York,US
Bound Brook,US,New York,US
Wallkill,US,New York,US
East Falmouth,US,New York,US
Derry,US,New York,US
Enfield,US,New York,US
Providence,US,New York,US
Glen Mills,US,New York,US
Feasterville-Trevose,US,New York,US
Avon Lake,US,New York,US
Hasbrouck Heights,US,New York,US
Rumford,US,New York,US
Sayreville,US,New York,US
Roslindale,US,New York,US
Towanda,US,New York,US
Grande-Riviere,CA,New York,US
Glassboro,US,New York,US
New Woodstock,US,New York,US
Brockton,US,New York,US
Dudley,US,New York,US
Waynesboro,US,New York,US
Houston,US,New York,US
South Amboy,US,New York,US
Exton,US,New York,US
Plainfield,US,New York,US
Conshohocken,US,New York,US
Stamford,US,New York,US
Cape Coral,US,New York,US
Randolph Township,US,New York,US
Deer Park,US,New York,US
Billerica,US,New York,US
Glenmont,US,New York,US
Amityville,US,New York,US
Rutherford,US,New York,US
Lavallette,US,New York,US
Fort Lee,US,New York,US
West Islip,US,New York,US
Livingston,US,New York,US
West Warwick,US,New York,US
Groton,US,New York,US
Akron,US,New York,US
Mountain Top,US,New York,US
Poughkeepsie,US,New York,US
Northborough,US,New York,US
Belmar,US,New York,US
Buffalo,US,New York,US
Westborough,US,New York,US
Mechanicville,US,New York,US
Brooklyn,US,New York,US
East White Plains,US,New York,US
Bohemia,US,New York,US
Newburgh,US,New York,US
Caldwell,US,New York,US
Spartanburg,US,New York,US
Clark,US,New York,US
North Bergen,US,New York,US
Lyman,US,New York,US
Fairport,US,New York,US
Torrington,US,New York,US
Denver,US,New York,US
Centereach,US,New York,US
Old Forge,US,New York,US
Moscow,US,New York,US
Huntington Station,US,New York,US
Sucre,BO,New York,US
Carlstadt,US,New York,US
East Setauket,US,New York,US
Oceanside,US,New York,US
Cankuzo,BI,New York,US
Weehawken,US,New York,US
Plainville,US,New York,US
Mendon,US,New York,US
Burlington,US,New York,US
Shickshinny,US,New York,US
Flanders,US,New York,US
Lafayette Hill,US,New York,US
Mattituck,US,New York,US
North Troy,US,New York,US
Gloucester,US,New York,US
Great Neck,US,New York,US
Collingswood,US,New York,US
Exeter,US,New York,US
Pembroke Parish,BM,New York,US
Woburn,US,New York,US
Warrington,US,New York,US
Waltham,US,New York,US
Sherburne,US,New York,US
Mount Washington,US,New York,US
Swarthmore,US,New York,US
Kearny,US,New York,US
Alvin,US,New York,US
Mohrsville,US,New York,US
Upper Saddle River,US,New York,US
North Grafton,US,New York,US
Rocky Mount,US,New York,US
Quakertown,US,New York,US
Quincy,US,New York,US
Sudbury,US,New York,US
Berwyn,US,New York,US
Syosset,US,New York,US
East Hanover,US,New York,US
Woonsocket,US,New York,US
Norwood,US,New York,US
Scottsbluff,US,New York,US
Marlborough,US,New York,US
Cherry Hill,US,New York,US
Lakewood,US,New York,US
West Hartford,US,New York,US
Wilmington,US,New York,US
Monsey,US,New York,US
Bangor,US,New York,US
Newton,US,New York,US
Hellertown,US,New York,US
Woodlane,US,New York,US
Amherst,US,New York,US
Mochida,JP,Osaka,JP
Minoo Shi,JP,Osaka,JP
Wakazono,JP,Osaka,JP
Seta,JP,Osaka,JP
Asahibaruchō,JP,Osaka,JP
Yao,JP,Osaka,JP
Ninokuchichō,JP,Osaka,JP
Matsue,JP,Osaka,JP
Kanbaru,JP,Osaka,JP
Katano,JP,Osaka,JP
Nakabarunishi,JP,Osaka,JP
Tagawa,JP,Osaka,JP
Hinosato,JP,Osaka,JP
Kariya,JP,Osaka,JP
Shimata,JP,Osaka,JP
Matsuzaki,JP,Osaka,JP
Hanazonochō,JP,Osaka,JP
Kumamoto,JP,Osaka,JP
Iwasaki,JP,Osaka,JP
Daitō,JP,Osaka,JP
Sakurai,JP,Osaka,JP
Okidome,JP,Osaka,JP
Ichieda,JP,Osaka,JP
Kami-kōjimbara,JP,Osaka,JP
Kaizuka,JP,Osaka,JP
Kakogawa,JP,Osaka,JP
Hamamachi,JP,Osaka,JP
Inazawa,JP,Osaka,JP
Minamata,JP,Osaka,JP
Itoman,JP,Osaka,JP
Kashiba,JP,Osaka,JP
Kushiro,JP,Osaka,JP
Masunaga,JP,Osaka,JP
Korosueminami,JP,Osaka,JP
Kawaminami,JP,Osaka,JP
Kaigan,JP,Osaka,JP
Kaitaichi,JP,Osaka,JP
Kitsuki,JP,Osaka,JP
Karatsu,JP,Osaka,JP
Kiwaki,JP,Osaka,JP
Suizenji,JP,Osaka,JP
Anjo,JP,Osaka,JP
Hinode,JP,Osaka,JP
Wakamiya,JP,Osaka,JP
Kawada,JP,Osaka,JP
Kaminuki,JP,Osaka,JP
Ōyama,JP,Osaka,JP
Kikuchi,JP,Osaka,JP
Izumo,JP,Osaka,JP
Himeji,JP,Osaka,JP
Murozumimura,JP,Osaka,JP
Yaga,JP,Osaka,JP
Kitagata,JP,Osaka,JP
Habikino,JP,Osaka,JP
Itakano,JP,Osaka,JP
Yanonishi,JP,Osaka,JP
Harunomachi,JP,Osaka,JP
Yanai,JP,Osaka,JP
Kurume,JP,Osaka,JP
Sannomaru,JP,Osaka,JP
Katsuyama,JP,Osaka,JP
Higashihagoromo,JP,Osaka,JP
Sangamori,JP,Osaka,JP
Mugino,JP,Osaka,JP
Sakurajima,JP,Osaka,JP
Enzachō,JP,Osaka,JP
Shiraemachi,JP,Osaka,JP
Chikami,JP,Osaka,JP
Minamimorimachi,JP,Osaka,JP
Tokyo,JP,Osaka,JP
Shinkai,JP,Osaka,JP
Hioki,JP,Osaka,JP
Miyakonojō,JP,Osaka,JP
Nishizaki,JP,Osaka,JP
Gion,JP,Osaka,JP
Shikoku-chūō Shi,JP,Osaka,JP
Toyohashi,JP,Osaka,JP
Beppu,JP,Osaka,JP
Shinkaichi,JP,Osaka,JP
Kanaokachō,JP,Osaka,JP
Yonabaru,JP,Osaka,JP
Ijiri,JP,Osaka,JP
Oga,JP,Osaka,JP
Muro,JP,Osaka,JP
Maruo,JP,Osaka,JP
Kamiikeda,JP,Osaka,JP
Ōnebu,JP,Osaka,JP
Omuta,JP,Osaka,JP
Oiwakeminami,JP,Osaka,JP
Onoda,JP,Osaka,JP
Shibuya,JP,Osaka,JP
Daimyō,JP,Osaka,JP
Kawachi-nagano Shi,JP,Osaka,JP
Futo,JP,Osaka,JP
Morioka,JP,Osaka,JP
Takashima,JP,Osaka,JP
Dainohara,JP,Osaka,JP
Ichimanjōchō,JP,Osaka,JP
Ōmiya,JP,Osaka,JP
Hyakuninchō,JP,Osaka,JP
Hakogawa,JP,Osaka,JP
Zenkaiminamimachi,JP,Osaka,JP
Hakusan Shi,JP,Osaka,JP
Sogachō,JP,Osaka,JP
Miyazono,JP,Osaka,JP
Shinden,JP,Osaka,JP
Anan,JP,Osaka,JP
Shōjaku,JP,Osaka,JP
Tonno,JP,Osaka,JP
Yawata,JP,Osaka,JP
Nagano,JP,Osaka,JP
Ichinomiyachō,JP,Osaka,JP
Imamitsu,JP,Osaka,JP
Matsusaka,JP,Osaka,JP
Usuki,JP,Osaka,JP
Chatan,JP,Osaka,JP
Fujimichō,JP,Osaka,JP
Kitajima,JP,Osaka,JP
Yonashiro-miyagi,JP,Osaka,JP
Toyota,JP,Osaka,JP
Abeno,JP,Osaka,JP
Ibaraki,JP,Osaka,JP
Einomaru,JP,Osaka,JP
Tōkai-shi,JP,Osaka,JP
Okazaki,JP,Osaka,JP
Yuzato,JP,Osaka,JP
Toki,JP,Osaka,JP
Tsutsuimachi,JP,Osaka,JP
Fujimatsu,JP,Osaka,JP
Hikone,JP,Osaka,JP
Kikudomi,JP,Osaka,JP
Ikeurachō,JP,Osaka,JP
Shiginonishi,JP,Osaka,JP
Kusugaokacho,JP,Osaka,JP
Kamikita,JP,Osaka,JP
Hataeekikita,JP,Osaka,JP
Amagasaki,JP,Osaka,JP
Nagahama,JP,Osaka,JP
Shuku,JP,Osaka,JP
Asuwa,JP,Osaka,JP
Kyōtanabe,JP,Osaka,JP
Maebarukita,JP,Osaka,JP
Seishin,JP,Osaka,JP
Hita,JP,Osaka,JP
Meieki,JP,Osaka,JP
Iga,JP,Osaka,JP
Takayanagimachi,JP,Osaka,JP
Yamasakichō,JP,Osaka,JP
Higashitsukiguma,JP,Osaka,JP
Awara,JP,Osaka,JP
Ishigaki,JP,Osaka,JP
Marugame,JP,Osaka,JP
Matsubara,JP,Osaka,JP
Tsurumachi,JP,Osaka,JP
Yoshihara,JP,Osaka,JP
Toshimatsu,JP,Osaka,JP
Akama,JP,Osaka,JP
Ōyabuchō,JP,Osaka,JP
Kida,JP,Osaka,JP
Kashima,JP,Osaka,JP
Kikugaoka,JP,Osaka,JP
Kasugai,JP,Osaka,JP
Katsuren-haebaru,JP,Osaka,JP
Sōja,JP,Osaka,JP
Nishi-biwajima,JP,Osaka,JP
Itami,JP,Osaka,JP
Kōriyama,JP,Osaka,JP
Atago,JP,Osaka,JP
Ōnodai,JP,Osaka,JP
Ikutacho,JP,Osaka,JP
Gotenba Shi,JP,Osaka,JP
Toyosato,JP,Osaka,JP
Inokuma,JP,Osaka,JP
Aoba,JP,Osaka,JP
Kusatsu Shi,JP,Osaka,JP
Yatamachi,JP,Osaka,JP
Minamiuebaru,JP,Osaka,JP
Nijigaoka,JP,Osaka,JP
Shirasawa,JP,Osaka,JP
Nobeoka,JP,Osaka,JP
Mukunochō,JP,Osaka,JP
Nishihara,JP,Osaka,JP
Yasu,JP,Osaka,JP
Unzen Shi,JP,Osaka,JP
Asa,JP,Osaka,JP
Gose,JP,Osaka,JP
Ōkawa,JP,Osaka,JP
Izumidai,JP,Osaka,JP
Kōtari,JP,Osaka,JP
Arimachō,JP,Osaka,JP
Minamishō,JP,Osaka,JP
Kamikatsuki,JP,Osaka,JP
Inuyama,JP,Osaka,JP
Nishihama,JP,Osaka,JP
Takaya,JP,Osaka,JP
Ōhashi,JP,Osaka,JP
Tomigaoka,JP,Osaka,JP
Higashidemachi,JP,Osaka,JP
Kitsu,JP,Osaka,JP
Toyokawa,JP,Osaka,JP
Saga,JP,Osaka,JP
Shimonoseki,JP,Osaka,JP
Ise,JP,Osaka,JP
Ibusuki,JP,Osaka,JP
Kitahanadachō,JP,Osaka,JP
Shimonabe,JP,Osaka,JP
Saiki,JP,Osaka,JP
Inabe,JP,Osaka,JP
Motoyamaminamimachi,JP,Osaka,JP
Shibushi,JP,Osaka,JP
Higashiosaka,JP,Osaka,JP
Kitaide,JP,Osaka,JP
Ikenohara,JP,Osaka,JP
Ōgusu,JP,Osaka,JP
Kanazawa,JP,Osaka,JP
Shinkitajima,JP,Osaka,JP
Kokubuchō,JP,Osaka,JP
Kure,JP,Osaka,JP
Suita,JP,Osaka,JP
Domeki,JP,Osaka,JP
Aratsu,JP,Osaka,JP
Takatsuki,JP,Osaka,JP
Nagakute,JP,Osaka,JP
Ōgaki,JP,Osaka,JP
Kureji,JP,Osaka,JP
Tsukure,JP,Osaka,JP
Komorino,JP,Osaka,JP
Tokaichimachi,JP,Osaka,JP
Nishiyama,JP,Osaka,JP
Kishiwada,JP,Osaka,JP
Kurokami,JP,Osaka,JP
Nodake,JP,Osaka,JP
Ōdachō-ōda,JP,Osaka,JP
Iso,JP,Osaka,JP
Sakuracho,JP,Osaka,JP
Minokamo,JP,Osaka,JP
Noke,JP,Osaka,JP
Oda,JP,Osaka,JP
Tsukazan,JP,Osaka,JP
Chihaya,JP,Osaka,JP
Takeo,JP,Osaka,JP
Toyooka,JP,Osaka,JP
Ao,JP,Osaka,JP
Tai,JP,Osaka,JP
Yoshizuka,JP,Osaka,JP
Kibachō,JP,Osaka,JP
Iikura,JP,Osaka,JP
Hayashi,JP,Osaka,JP
Koshibara,JP,Osaka,JP
Tenri,JP,Osaka,JP
Amidō,JP,Osaka,JP
Kimachi,JP,Osaka,JP
Misako,JP,Osaka,JP
Nankohigashi,JP,Osaka,JP
Tomoyose,JP,Osaka,JP
Nago,JP,Osaka,JP
Ono,JP,Osaka,JP
Unnan Shi,JP,Osaka,JP
Kuzumotochō,JP,Osaka,JP
Iwakuni,JP,Osaka,JP
Yukuhashi,JP,Osaka,JP
Kadoma,JP,Osaka,JP
Hatada,JP,Osaka,JP
Hamamatsu,JP,Osaka,JP
Ōtemae,JP,Osaka,JP
Minamiedo,JP,Osaka,JP
Kimitsu,JP,Osaka,JP
Saijō,JP,Osaka,JP
Chiryū,JP,Osaka,JP
Iwata,JP,Osaka,JP
Minakazedai,JP,Osaka,JP
Fukuoka,JP,Osaka,JP
Ondochō-takasu,JP,Osaka,JP
Shiomidaicho,JP,Osaka,JP
Gitokumachi,JP,Osaka,JP
Sakai,JP,Osaka,JP
Tahara,JP,Osaka,JP
Tomitaka,JP,Osaka,JP
Shiga,JP,Osaka,JP
Naniwa Ku,JP,Osaka,JP
Ozakichō,JP,Osaka,JP
Hibarigaoka,JP,Osaka,JP
Noji,JP,Osaka,JP
Nonoichi,JP,Osaka,JP
Tsutsumi,JP,Osaka,JP
Shimizusawa,JP,Osaka,JP
Konancho,JP,Osaka,JP
Hashimoto,JP,Osaka,JP
Nishiyamamotocho,JP,Osaka,JP
Ōmihachiman,JP,Osaka,JP
Noe,JP,Osaka,JP
Hitoyoshi,JP,Osaka,JP
Kitanoda,JP,Osaka,JP
Aomachi,JP,Osaka,JP
Shirogane,JP,Osaka,JP
Wajiro,JP,Osaka,JP
Sotokanda,JP,Osaka,JP
Hirakata,JP,Osaka,JP
Tsukamoto,JP,Osaka,JP
Kochinda,JP,Osaka,JP
Ehime,JP,Osaka,JP
Saikū,JP,Osaka,JP
Dōzen,JP,Osaka,JP
Kanoya,JP,Osaka,JP
Hanazono,JP,Osaka,JP
Ōiso,JP,Osaka,JP
Nakazaki,JP,Osaka,JP
Nishiōwada,JP,Osaka,JP
Minatomachi,JP,Osaka,JP
Kusatsu Minami,JP,Osaka,JP
Fukushima,JP,Osaka,JP
Yoshidanishi,JP,Osaka,JP
Shimotogari,JP,Osaka,JP
Nishizonomachi,JP,Osaka,JP
Hashirigatamachi,JP,Osaka,JP
Rōji,JP,Osaka,JP
Teramaechō,JP,Osaka,JP
Numazu,JP,Osaka,JP
Ōtake,JP,Osaka,JP
Suzuka,JP,Osaka,JP
Fukae,JP,Osaka,JP
Onaka,JP,Osaka,JP
Minamimachi,JP,Osaka,JP
Kadena,JP,Osaka,JP
Minamikaniya,JP,Osaka,JP
Tabiishi,JP,Osaka,JP
Imakoga,JP,Osaka,JP
Jiyūgaoka,JP,Osaka,JP
Tomigusuku,JP,Osaka,JP
Tanabaru,JP,Osaka,JP
Kofu,JP,Osaka,JP
Hachinohe,JP,Osaka,JP
Shimonoda,JP,Osaka,JP
Meitō Ku,JP,Osaka,JP
Uchihashi,JP,Osaka,JP
Hachihommatsu Iida,JP,Osaka,JP
Nomura,JP,Osaka,JP
Katano Shi,JP,Osaka,JP
Iwakura,JP,Osaka,JP
Ebitsu,JP,Osaka,JP
Kaga,JP,Osaka,JP
Kobe,JP,Osaka,JP
Higashishiriikecho,JP,Osaka,JP
Echizen,JP,Osaka,JP
Nanakuma,JP,Osaka,JP
Moriyama,JP,Osaka,JP
Iizuka,JP,Osaka,JP
Dazaifu,JP,Osaka,JP
Kohamanishi,JP,Osaka,JP
Hiroshima,JP,Osaka,JP
Hatsugano,JP,Osaka,JP
Ōbu,JP,Osaka,JP
Hiro-honmachi,JP,Osaka,JP
Yokkaichi,JP,Osaka,JP
Tonami Shi,JP,Osaka,JP
Hagi,JP,Osaka,JP
Kurashiki,JP,Osaka,JP
Chishima,JP,Osaka,JP
Befu,JP,Osaka,JP
Sobe,JP,Osaka,JP
Sakaiminato,JP,Osaka,JP
Yamatecho,JP,Osaka,JP
Haruda,JP,Osaka,JP
Mizuhocho,JP,Osaka,JP
Shiramizu,JP,Osaka,JP
Sōryō,JP,Osaka,JP
Chūōdai,JP,Osaka,JP
Tosu,JP,Osaka,JP
Arita,JP,Osaka,JP
Imabari,JP,Osaka,JP
Higashiirube,JP,Osaka,JP
Chikugo Shi,JP,Osaka,JP
Nisshin,JP,Osaka,JP
Kabe,JP,Osaka,JP
Tamana,JP,Osaka,JP
Neyagawa,JP,Osaka,JP
Mikagenakamachi,JP,Osaka,JP
Kamiyamachi,JP,Osaka,JP
Kawanishi,JP,Osaka,JP
Kamiji,JP,Osaka,JP
Kitabatake,JP,Osaka,JP
Ube,JP,Osaka,JP
Yanaida,JP,Osaka,JP
Ekimae,JP,Osaka,JP
Torimichō,JP,Osaka,JP
Asahimachi,JP,Osaka,JP
Yonago,JP,Osaka,JP
Kemachō,JP,Osaka,JP
Ueki,JP,Osaka,JP
Fukui-shi,JP,Osaka,JP
Aoicho,JP,Osaka,JP
Gifu,JP,Osaka,JP
Misaki,JP,Osaka,JP
Kakamigahara,JP,Osaka,JP
Okamoto,JP,Osaka,JP
Sonobe,JP,Osaka,JP
Musashigaoka,JP,Osaka,JP
Hokushinchō,JP,Osaka,JP
Kamitsutsuidori,JP,Osaka,JP
Obama,JP,Osaka,JP
Umihigashi,JP,Osaka,JP
Ōzu,JP,Osaka,JP
Ōnojō,JP,Osaka,JP
Higashiochiai,JP,Osaka,JP
Kego,JP,Osaka,JP
Kusamihigashi,JP,Osaka,JP
Yasuhigashi,JP,Osaka,JP
Tamba-Sasayama,JP,Osaka,JP
Chita,JP,Osaka,JP
Yamano,JP,Osaka,JP
Marunochi,JP,Osaka,JP
Ōmura,JP,Osaka,JP
Shinowarahigashi,JP,Osaka,JP
Ibara,JP,Osaka,JP
Kiyomizu,JP,Osaka,JP
Shūnan Shi,JP,Osaka,JP
Iyo,JP,Osaka,JP
Nirenoki,JP,Osaka,JP
Toyoake,JP,Osaka,JP
Hatsukaichi,JP,Osaka,JP
Dairihigashi,JP,Osaka,JP
Uchiyama,JP,Osaka,JP
Nichinan,JP,Osaka,JP
Tōkai,JP,Osaka,JP
Chūōchō,JP,Osaka,JP
Kani,JP,Osaka,JP
Osa,JP,Osaka,JP
Honden,JP,Osaka,JP
Yumi,JP,Osaka,JP
Hokkaido,JP,Osaka,JP
Tajiri,JP,Osaka,JP
Mukainadashimmachi,JP,Osaka,JP
Tanabe,JP,Osaka,JP
Seinandai,JP,Osaka,JP
Kanaashi-koizumi,JP,Osaka,JP
Dotōchō,JP,Osaka,JP
Tondabayashi,JP,Osaka,JP
Mukonoso,JP,Osaka,JP
Yoshiki,JP,Osaka,JP
Taishōmachi,JP,Osaka,JP
Hiranomen,JP,Osaka,JP
Tsuzu,JP,Osaka,JP
Kitakyushu,JP,Osaka,JP
Hagiwara,JP,Osaka,JP
Nishijin,JP,Osaka,JP
Minaga,JP,Osaka,JP
Hikarigaoka,JP,Osaka,JP
Kishizu,JP,Osaka,JP
Hyogo-ku,JP,Osaka,JP
Gamagōri,JP,Osaka,JP
Yomitan,JP,Osaka,JP
Karita,JP,Osaka,JP
Isahaya,JP,Osaka,JP
Tsuruga,JP,Osaka,JP
Hibaru,JP,Osaka,JP
Hikari,JP,Osaka,JP
Toeicho,JP,Osaka,JP
Morofuku,JP,Osaka,JP
Maeda,JP,Osaka,JP
Yasugichō,JP,Osaka,JP
Kusatsu,JP,Osaka,JP
Ashiya,JP,Osaka,JP
Fuji,JP,Osaka,JP
Hannanchō,JP,Osaka,JP
Izuo,JP,Osaka,JP
Isogamidori,JP,Osaka,JP
Maibara,JP,Osaka,JP
Tōzuka,JP,Osaka,JP
Nishio,JP,Osaka,JP
Wakakusa,JP,Osaka,JP
Konan,JP,Osaka,JP
Wakichō,JP,Osaka,JP
Kitanagoya,JP,Osaka,JP
Yamaguchi,JP,Osaka,JP
Niihama,JP,Osaka,JP
Kurihama,JP,Osaka,JP
Higashinakahama,JP,Osaka,JP
Kasuga,JP,Osaka,JP
Tachibanachō,JP,Osaka,JP
Ishii,JP,Osaka,JP
Takaoka,JP,Osaka,JP
Onaga,JP,Osaka,JP
Nankonaka,JP,Osaka,JP
Hyōgo,JP,Osaka,JP
Hakozaki,JP,Osaka,JP
Funaechō,JP,Osaka,JP
Chayama,JP,Osaka,JP
Honmachi,JP,Osaka,JP
Itsukaichichuo,JP,Osaka,JP
Sabae,JP,Osaka,JP
Higashinuki,JP,Osaka,JP
Hatsunechō,JP,Osaka,JP
Hikinocho,JP,Osaka,JP
Nakahiromachi,JP,Osaka,JP
Handa,JP,Osaka,JP
Toyonaka,JP,Osaka,JP
Nishimaiko,JP,Osaka,JP
Ishikawachō,JP,Osaka,JP
Jindenchō,JP,Osaka,JP
Kurayoshi,JP,Osaka,JP
Onna,JP,Osaka,JP
Odake,JP,Osaka,JP
Jigozenkita,JP,Osaka,JP
Asago Shi,JP,Osaka,JP
Miyagawacho,JP,Osaka,JP
Ikoma,JP,Osaka,JP
Meinohama,JP,Osaka,JP
Obiyama,JP,Osaka,JP
Midorii,JP,Osaka,JP
Nakamaruko,JP,Osaka,JP
Kanocho,JP,Osaka,JP
Hommachi,JP,Osaka,JP
Senzaki,JP,Osaka,JP
Mihara Shi,JP,Osaka,JP
Ichinomiya,JP,Osaka,JP
Togiri,JP,Osaka,JP
Tsu,JP,Osaka,JP
Shisō Shi,JP,Osaka,JP
Otacho,JP,Osaka,JP
Kokuga,JP,Osaka,JP
Kuwana,JP,Osaka,JP
Shikishimachō,JP,Osaka,JP
Hikino,JP,Osaka,JP
Umeda,JP,Osaka,JP
Kōzatomachi,JP,Osaka,JP
Hashima,JP,Osaka,JP
Yanaga,JP,Osaka,JP
Fukaeminamimachi,JP,Osaka,JP
Kirishima Shi,JP,Osaka,JP
Akashi,JP,Osaka,JP
Minegō,JP,Osaka,JP
Nishikujō,JP,Osaka,JP
Nan'yō Shi,JP,Osaka,JP
Ōmiyamachi,JP,Osaka,JP
Furuichichō,JP,Osaka,JP
Shimosone,JP,Osaka,JP
Okukaiinji,JP,Osaka,JP
Kanomatsu,JP,Osaka,JP
Iwakura-shi,JP,Osaka,JP
Myōhōji,JP,Osaka,JP
Natsukawa,JP,Osaka,JP
Kusabe,JP,Osaka,JP
Kahoku,JP,Osaka,JP
Fuchūchō,JP,Osaka,JP
Tamano,JP,Osaka,JP
Shingaicho,JP,Osaka,JP
Tokugawayamacho,JP,Osaka,JP
Osaka,JP,Osaka,JP
Kōka,JP,Osaka,JP
Nakama,JP,Osaka,JP
Yuriage,JP,Osaka,JP
Moriguchi,JP,Osaka,JP
Uji,JP,Osaka,JP
Minamikanon,JP,Osaka,JP
Kishinosatohigashi,JP,Osaka,JP
Yamate,JP,Osaka,JP
Amanogaharacho,JP,Osaka,JP
Pátrai,GR,Podgorica,ME
Pieve a Nievole,IT,Podgorica,ME
Taranto,IT,Podgorica,ME
Split,HR,Podgorica,ME
Novalja,HR,Podgorica,ME
Tortora,IT,Podgorica,ME
San Mango d'Aquino,IT,Podgorica,ME
Stalettì,IT,Podgorica,ME
Tribalj,HR,Podgorica,ME
Teano,IT,Podgorica,ME
Catania,IT,Podgorica,ME
Kondovo,MK,Podgorica,ME
Thermi,GR,Podgorica,ME
St. Julian's,MT,Podgorica,ME
Caivano,IT,Podgorica,ME
Librazhd,AL,Podgorica,ME
Pordenone,IT,Podgorica,ME
San Felice del Benaco,IT,Podgorica,ME
Aieta,IT,Podgorica,ME
Cerignola,IT,Podgorica,ME
Barletta,IT,Podgorica,ME
Dejkovec,MK,Podgorica,ME
Mori,IT,Podgorica,ME
Bellante,IT,Podgorica,ME
Rovinj,HR,Podgorica,ME
Soccavo,IT,Podgorica,ME
Versend,HU,Podgorica,ME
Presenzano,IT,Podgorica,ME
Rignano Garganico,IT,Podgorica,ME
San Donà di Piave,IT,Podgorica,ME
Trebisacce,IT,Podgorica,ME
Paola,IT,Podgorica,ME
Asciano,IT,Podgorica,ME
Caprecano,IT,Podgorica,ME
Ruvo di Puglia,IT,Podgorica,ME
Šavnik,ME,Podgorica,ME
Minervino di Lecce,IT,Podgorica,ME
Viškovo,HR,Podgorica,ME
Saint Lawrence,MT,Podgorica,ME
Vinkovci,HR,Podgorica,ME
Succivo,IT,Podgorica,ME
Vernole,IT,Podgorica,ME
Priolo Gargallo,IT,Podgorica,ME
Kragujevac,RS,Podgorica,ME
Nicotera,IT,Podgorica,ME
Villadose,IT,Podgorica,ME
Dolneni,MK,Podgorica,ME
Nicosia,IT,Podgorica,ME
Galatina,IT,Podgorica,ME
Amatrice,IT,Podgorica,ME
Cassano d'Adda,IT,Podgorica,ME
Montaguto,IT,Podgorica,ME
San Luca,IT,Podgorica,ME
Fabrizia,IT,Podgorica,ME
Collecorvino,IT,Podgorica,ME
Lizzano,IT,Podgorica,ME
Sirolo,IT,Podgorica,ME
Caccuri,IT,Podgorica,ME
Glina,HR,Podgorica,ME
Gyód,HU,Podgorica,ME
Pula,HR,Podgorica,ME
Castelluccio dei Sauri,IT,Podgorica,ME
Castellina in Chianti,IT,Podgorica,ME
San Nicola la Strada,IT,Podgorica,ME
Moliterno,IT,Podgorica,ME
Villafranca Tirrena,IT,Podgorica,ME
Pianura,IT,Podgorica,ME
Bianco,IT,Podgorica,ME
Gesico,IT,Podgorica,ME
Villapiana,IT,Podgorica,ME
Solopaca,IT,Podgorica,ME
Corato,IT,Podgorica,ME
Tufo,IT,Podgorica,ME
Attard,MT,Podgorica,ME
Sonnino,IT,Podgorica,ME
Sersale,IT,Podgorica,ME
Spinazzola,IT,Podgorica,ME
Bellizzi Irpino,IT,Podgorica,ME
Delianuova,IT,Podgorica,ME
San Valentino Torio,IT,Podgorica,ME
Goito,IT,Podgorica,ME
Monza,IT,Podgorica,ME
Cesa,IT,Podgorica,ME
Bologna,IT,Podgorica,ME
Maddaloni,IT,Podgorica,ME
Campodipietra,IT,Podgorica,ME
Rakov Potok,HR,Podgorica,ME
Supetar,HR,Podgorica,ME
Pescara,IT,Podgorica,ME
Sv. Filipi i Jakov,HR,Podgorica,ME
Peshkopi,AL,Podgorica,ME
Zadar,HR,Podgorica,ME
Soccorso,IT,Podgorica,ME
Malito,IT,Podgorica,ME
Mirto,IT,Podgorica,ME
Montefredane,IT,Podgorica,ME
Frignano,IT,Podgorica,ME
Pietà,MT,Podgorica,ME
Taviano,IT,Podgorica,ME
Darabani,RO,Podgorica,ME
Mosta,MT,Podgorica,ME
Pescina,IT,Podgorica,ME
Bellusco,IT,Podgorica,ME
Kutalli,AL,Podgorica,ME
Vergato,IT,Podgorica,ME
Crotone,IT,Podgorica,ME
Novi Marof,HR,Podgorica,ME
Montelupone,IT,Podgorica,ME
Aci Castello,IT,Podgorica,ME
Battaglia,IT,Podgorica,ME
Rosoman,MK,Podgorica,ME
Sovramonte,IT,Podgorica,ME
Maropati,IT,Podgorica,ME
Lago Patria,IT,Podgorica,ME
Sant'Antonio,IT,Podgorica,ME
Ogulin,HR,Podgorica,ME
Brdovec,HR,Podgorica,ME
Platania,IT,Podgorica,ME
Caianello,IT,Podgorica,ME
Balestrate,IT,Podgorica,ME
Pavone Canavese,IT,Podgorica,ME
Sinagra,IT,Podgorica,ME
Karlovac,HR,Podgorica,ME
Slavonski Brod,HR,Podgorica,ME
Usmate Velate,IT,Podgorica,ME
Cerchio,IT,Podgorica,ME
Silvi,IT,Podgorica,ME
Collemeto,IT,Podgorica,ME
Caccamo,IT,Podgorica,ME
Il-Madliena,MT,Podgorica,ME
Rodi Garganico,IT,Podgorica,ME
Lesignano de' Bagni,IT,Podgorica,ME
Sjenica,RS,Podgorica,ME
Campagna,IT,Podgorica,ME
Gornja Stubica,HR,Podgorica,ME
Sant'Egidio del Monte Albino,IT,Podgorica,ME
Lamezia Terme,IT,Podgorica,ME
Campolongo Maggiore,IT,Podgorica,ME
Leporano,IT,Podgorica,ME
Trasacco,IT,Podgorica,ME
Grazzanise,IT,Podgorica,ME
Kukës,AL,Podgorica,ME
Curinga,IT,Podgorica,ME
Turanj,HR,Podgorica,ME
Paderno Dugnano,IT,Podgorica,ME
Montecorvino Rovella,IT,Podgorica,ME
Safi,MT,Podgorica,ME
Grumello del Monte,IT,Podgorica,ME
Fuscaldo,IT,Podgorica,ME
Vasilevo,MK,Podgorica,ME
Mezzojuso,IT,Podgorica,ME
Torre de' Passeri,IT,Podgorica,ME
Brancaleone,IT,Podgorica,ME
Giavera del Montello,IT,Podgorica,ME
Castellammare di Stabia,IT,Podgorica,ME
Corigliano d'Otranto,IT,Podgorica,ME
Cetara,IT,Podgorica,ME
Misterbianco,IT,Podgorica,ME
Durrës,AL,Podgorica,ME
San Gregorio d'Ippona,IT,Podgorica,ME
Lettere,IT,Podgorica,ME
Biccari,IT,Podgorica,ME
Ariano Irpino,IT,Podgorica,ME
Fornelli,IT,Podgorica,ME
Biograd na Moru,HR,Podgorica,ME
Zagreb,HR,Podgorica,ME
Gallipoli,IT,Podgorica,ME
Castello di Cisterna,IT,Podgorica,ME
Zlatar,HR,Podgorica,ME
Isola del Liri,IT,Podgorica,ME
Diso,IT,Podgorica,ME
Perugia,IT,Podgorica,ME
Guagnano,IT,Podgorica,ME
Ordona,IT,Podgorica,ME
Makarska,HR,Podgorica,ME
Porto San Giorgio,IT,Podgorica,ME
Spezzano Albanese,IT,Podgorica,ME
Giugliano in Campania,IT,Podgorica,ME
Azzate,IT,Podgorica,ME
Genoa,IT,Podgorica,ME
Naples,IT,Podgorica,ME
Montevago,IT,Podgorica,ME
Umag,HR,Podgorica,ME
Chieti,IT,Podgorica,ME
Karbinci,MK,Podgorica,ME
Orahovac,XK,Podgorica,ME
Corsano,IT,Podgorica,ME
Gallico,IT,Podgorica,ME
Vitulazio,IT,Podgorica,ME
Kula Norinska,HR,Podgorica,ME
Samobor,HR,Podgorica,ME
Patù,IT,Podgorica,ME
Pescasseroli,IT,Podgorica,ME
Samo,IT,Podgorica,ME
Loreto Aprutino,IT,Podgorica,ME
Korçë,AL,Podgorica,ME
Porto Cesareo,IT,Podgorica,ME
Cava de' Tirreni,IT,Podgorica,ME
Belmonte Calabro,IT,Podgorica,ME
Gjakova,XK,Podgorica,ME
Ravello,IT,Podgorica,ME
Nocera Superiore,IT,Podgorica,ME
Positano,IT,Podgorica,ME
Caserta,IT,Podgorica,ME
Bagnara Calabra,IT,Podgorica,ME
Marsaskala,MT,Podgorica,ME
Rocca San Giovanni,IT,Podgorica,ME
Maiori,IT,Podgorica,ME
Florina,GR,Podgorica,ME
Taverna,IT,Podgorica,ME
Batinci,MK,Podgorica,ME
Sant'Arpino,IT,Podgorica,ME
Faicchio,IT,Podgorica,ME
Alimedska Maala,MK,Podgorica,ME
Kondoros,HU,Podgorica,ME
Santa Luce,IT,Podgorica,ME
Sassano,IT,Podgorica,ME
Piandimeleto,IT,Podgorica,ME
Corleone,IT,Podgorica,ME
Montevarchi,IT,Podgorica,ME
Deliceto,IT,Podgorica,ME
Mormanno,IT,Podgorica,ME
Valletta,MT,Podgorica,ME
Otočac,HR,Podgorica,ME
Kuçovë,AL,Podgorica,ME
San Giorgio del Sannio,IT,Podgorica,ME
Milan,IT,Podgorica,ME
Manduria,IT,Podgorica,ME
Argusto,IT,Podgorica,ME
San Pietro Vernotico,IT,Podgorica,ME
Torrenova,IT,Podgorica,ME
Pomarico,IT,Podgorica,ME
Elbasan,AL,Podgorica,ME
Villa San Giovanni,IT,Podgorica,ME
Brindisi,IT,Podgorica,ME
Kanatlarci,MK,Podgorica,ME
Siena,IT,Podgorica,ME
Kraljevo,RS,Podgorica,ME
Trani,IT,Podgorica,ME
Castel Campagnano,IT,Podgorica,ME
Ceprano,IT,Podgorica,ME
Avetrana,IT,Podgorica,ME
Genzano di Lucania,IT,Podgorica,ME
Velika Gorica,HR,Podgorica,ME
Kiszombor,HU,Podgorica,ME
Sibinj Krmpotski,HR,Podgorica,ME
Bogovinje,MK,Podgorica,ME
Petacciato,IT,Podgorica,ME
Brusciano,IT,Podgorica,ME
Spadola,IT,Podgorica,ME
Sant'Eufemia d'Aspromonte,IT,Podgorica,ME
Mariano Comense,IT,Podgorica,ME
Piana di Monte Verna,IT,Podgorica,ME
Podstrana,HR,Podgorica,ME
Belgrade,RS,Podgorica,ME
Villa Santa Maria,IT,Podgorica,ME
Casola di Napoli,IT,Podgorica,ME
Castrolibero,IT,Podgorica,ME
Trabia,IT,Podgorica,ME
Martirano Lombardo,IT,Podgorica,ME
Predaia - Campodenno,IT,Podgorica,ME
Saviano,IT,Podgorica,ME
Morino,IT,Podgorica,ME
Monteforte Irpino,IT,Podgorica,ME
Magliano de' Marsi,IT,Podgorica,ME
Biassono,IT,Podgorica,ME
Rende,IT,Podgorica,ME
Atrani,IT,Podgorica,ME
Montazzoli,IT,Podgorica,ME
Casalnuovo di Napoli,IT,Podgorica,ME
Scarlino Scalo,IT,Podgorica,ME
Šibenik,HR,Podgorica,ME
Gżira,MT,Podgorica,ME
Solin,HR,Podgorica,ME
Celico,IT,Podgorica,ME
Catanzaro Lido,IT,Podgorica,ME
Ceppaloni,IT,Podgorica,ME
Santa Caterina Villarmosa,IT,Podgorica,ME
Castromediano,IT,Podgorica,ME
Zona Industriale,IT,Podgorica,ME
Savignano Irpino,IT,Podgorica,ME
San Bonifacio,IT,Podgorica,ME
Pogradec,AL,Podgorica,ME
Palermo,IT,Podgorica,ME
Massa di Somma,IT,Podgorica,ME
Ohrid,MK,Podgorica,ME
Osijek,HR,Podgorica,ME
Castelsardo,IT,Podgorica,ME
Moscufo,IT,Podgorica,ME
Borghi,IT,Podgorica,ME
Sambuceto,IT,Podgorica,ME
Sisak,HR,Podgorica,ME
Pedara,IT,Podgorica,ME
Kirkop,MT,Podgorica,ME
Carovigno,IT,Podgorica,ME
Binetto,IT,Podgorica,ME
Acerra,IT,Podgorica,ME
Villa Literno,IT,Podgorica,ME
Scicli,IT,Podgorica,ME
Sommacampagna,IT,Podgorica,ME
Ceglie Messapica,IT,Podgorica,ME
Rome,IT,Podgorica,ME
Gioia dei Marsi,IT,Podgorica,ME
Nocera Umbra,IT,Podgorica,ME
Poggiardo,IT,Podgorica,ME
Palma Campania,IT,Podgorica,ME
Lushnjë,AL,Podgorica,ME
Casoria,IT,Podgorica,ME
Atina,IT,Podgorica,ME
Praiano,IT,Podgorica,ME
Gerace,IT,Podgorica,ME
Badolato,IT,Podgorica,ME
Torrita di Siena,IT,Podgorica,ME
Pietrelcina,IT,Podgorica,ME
Paternò,IT,Podgorica,ME
Pascarola,IT,Podgorica,ME
Catanzaro,IT,Podgorica,ME
Sannat,MT,Podgorica,ME
Cursi,IT,Podgorica,ME
Bovino,IT,Podgorica,ME
San Paolo di Civitate,IT,Podgorica,ME
Golem Papradnik,MK,Podgorica,ME
Brescia,IT,Podgorica,ME
Manocalzati,IT,Podgorica,ME
Celano,IT,Podgorica,ME
Road Town,VG,Podgorica,ME
Scorrano,IT,Podgorica,ME
Dubrovnik,HR,Podgorica,ME
Gjirokastër,AL,Podgorica,ME
Acireale,IT,Podgorica,ME
Trogir,HR,Podgorica,ME
Palombaio,IT,Podgorica,ME
Afragola,IT,Podgorica,ME
Prizren,XK,Podgorica,ME
Luqa,MT,Podgorica,ME
Mali Lošinj,HR,Podgorica,ME
Reggio Calabria,IT,Podgorica,ME
San Benedetto dei Marsi,IT,Podgorica,ME
Canicattini Bagni,IT,Podgorica,ME
Zliten,LY,Podgorica,ME
Borgia,IT,Podgorica,ME
Capaccio,IT,Podgorica,ME
Valle di Maddaloni,IT,Podgorica,ME
Birkirkara,MT,Podgorica,ME
Bari,IT,Podgorica,ME
Novi Velia,IT,Podgorica,ME
Paterno,IT,Podgorica,ME
Kaštel Sućurac,HR,Podgorica,ME
Arena,IT,Podgorica,ME
Lija,MT,Podgorica,ME
L-Iklin,MT,Podgorica,ME
Francofonte,IT,Podgorica,ME
Alezio,IT,Podgorica,ME
Cellino Attanasio,IT,Podgorica,ME
Sorso,IT,Podgorica,ME
Cisternino,IT,Podgorica,ME
Salve,IT,Podgorica,ME
Quattromiglia,IT,Podgorica,ME
Rimini,IT,Podgorica,ME
Casalbordino,IT,Podgorica,ME
Domašinec,HR,Podgorica,ME
Cannalonga,IT,Podgorica,ME
Florence,IT,Podgorica,ME
Scurcola Marsicana,IT,Podgorica,ME
Čepin,HR,Podgorica,ME
Veglie,IT,Podgorica,ME
Dugopolje,HR,Podgorica,ME
Trecase,IT,Podgorica,ME
Suva Reka,XK,Podgorica,ME
Carlopoli,IT,Podgorica,ME
Forlì del Sannio,IT,Podgorica,ME
Melilli,IT,Podgorica,ME
Ginosa,IT,Podgorica,ME
Kraig,AT,Prague,CZ
Veľké Kosihy,SK,Prague,CZ
Byšice,CZ,Prague,CZ
Münchberg,DE,Prague,CZ
Rohrbach an der Gölsen,AT,Prague,CZ
Lhota pod Libčany,CZ,Prague,CZ
Laaber,DE,Prague,CZ
Tomášov,SK,Prague,CZ
Gleißenberg,DE,Prague,CZ
Csepreg,HU,Prague,CZ
Trstená,SK,Prague,CZ
Schwandorf in Bayern,DE,Prague,CZ
Hořičky,CZ,Prague,CZ
Šakvice,CZ,Prague,CZ
Triebes,DE,Prague,CZ
Dendlreith,AT,Prague,CZ
Říčky,CZ,Prague,CZ
Metten,DE,Prague,CZ
Mělčany,CZ,Prague,CZ
Himberg,AT,Prague,CZ
Zaječice,CZ,Prague,CZ
Langenwang,AT,Prague,CZ
Świebodzice,PL,Prague,CZ
Jesenice,CZ,Prague,CZ
Schwindegg,DE,Prague,CZ
Třinec,CZ,Prague,CZ
Senftenberg,AT,Prague,CZ
Pilgersdorf,AT,Prague,CZ
Straßburg-Stadt,AT,Prague,CZ
Winkling-Nord,AT,Prague,CZ
Koper,SI,Prague,CZ
Hauzenberg,DE,Prague,CZ
Hostovlice,CZ,Prague,CZ
Dobřejovice,CZ,Prague,CZ
Vorau,AT,Prague,CZ
Gangkofen,DE,Prague,CZ
Sedletín,CZ,Prague,CZ
Eberstein,AT,Prague,CZ
Šardice,CZ,Prague,CZ
Dolní Benešov,CZ,Prague,CZ
Bruckneudorf,AT,Prague,CZ
Újezd,CZ,Prague,CZ
Tlustice,CZ,Prague,CZ
Rabča,SK,Prague,CZ
Fridolfing,DE,Prague,CZ
Schönbrunn,DE,Prague,CZ
Graz,AT,Prague,CZ
Belá,SK,Prague,CZ
Březno,CZ,Prague,CZ
Dřevohostice,CZ,Prague,CZ
Holoubkov,CZ,Prague,CZ
Tapsony,HU,Prague,CZ
Scheibbs,AT,Prague,CZ
Altmittweida,DE,Prague,CZ
Bašť,CZ,Prague,CZ
Kirchdorf am Inn,DE,Prague,CZ
Trnava,SK,Prague,CZ
Langenwetzendorf,DE,Prague,CZ
Altenberg,DE,Prague,CZ
Planá,CZ,Prague,CZ
Mariasdorf,AT,Prague,CZ
Vonyarcvashegy,HU,Prague,CZ
Wartberg ob der Aist,AT,Prague,CZ
Nyergesújfalu,HU,Prague,CZ
Chrudim,CZ,Prague,CZ
Ottendorf an der Rittschein,AT,Prague,CZ
Weißenkirchen in der Wachau,AT,Prague,CZ
Příbram,CZ,Prague,CZ
Kraslice,CZ,Prague,CZ
Hitzendorf,AT,Prague,CZ
Kottingbrunn,AT,Prague,CZ
Hartberg,AT,Prague,CZ
Sankt Peter am Kammersberg,AT,Prague,CZ
Deutschfeistritz,AT,Prague,CZ
Lebring,AT,Prague,CZ
Bad Hall,AT,Prague,CZ
Schmatzhausen,DE,Prague,CZ
Unterweissenbach,AT,Prague,CZ
Chmeliště,CZ,Prague,CZ
Eslarn,DE,Prague,CZ
Neuhofen an der Ybbs,AT,Prague,CZ
Litomyšl,CZ,Prague,CZ
Regensburg,DE,Prague,CZ
Schkopau,DE,Prague,CZ
Enzenkirchen,AT,Prague,CZ
Niederaichbach,DE,Prague,CZ
Zbiroh,CZ,Prague,CZ
Grafenau,DE,Prague,CZ
Čierny Balog,SK,Prague,CZ
Lindgraben,AT,Prague,CZ
Hartmanice,CZ,Prague,CZ
Bodensdorf,AT,Prague,CZ
Moravský Písek,CZ,Prague,CZ
Hallwang,AT,Prague,CZ
Bad Schallerbach,AT,Prague,CZ
Kadaň,CZ,Prague,CZ
Skoroszyce,PL,Prague,CZ
Velký Týnec,CZ,Prague,CZ
Wolfsberg,AT,Prague,CZ
Obrnice,CZ,Prague,CZ
Hart bei Graz,AT,Prague,CZ
Zaječov,CZ,Prague,CZ
Košťany,CZ,Prague,CZ
Zánka,HU,Prague,CZ
Slavkov,CZ,Prague,CZ
Velvary,CZ,Prague,CZ
Feldkirchen bei Graz,AT,Prague,CZ
Mitterteich,DE,Prague,CZ
Lietava,SK,Prague,CZ
Demitz-Thumitz,DE,Prague,CZ
Veselí nad Moravou,CZ,Prague,CZ
Lichtenstein,DE,Prague,CZ
Warsaw,PL,Prague,CZ
Cvetkovci,SI,Prague,CZ
Žatčany,CZ,Prague,CZ
Aschau im Chiemgau,DE,Prague,CZ
Budětsko,CZ,Prague,CZ
Senec,SK,Prague,CZ
Tišnov,CZ,Prague,CZ
Buš,CZ,Prague,CZ
Kamnica,SI,Prague,CZ
Nemšová,SK,Prague,CZ
Limbuš,SI,Prague,CZ
Weinböhla,DE,Prague,CZ
Dněsice,CZ,Prague,CZ
Gößnitz,DE,Prague,CZ
Amstetten,AT,Prague,CZ
Ried im Innkreis,AT,Prague,CZ
Baumgartenberg,AT,Prague,CZ
Neumarkt in der Oberpfalz,DE,Prague,CZ
Leopoldov,SK,Prague,CZ
Sankt Marien,AT,Prague,CZ
Čechynce,SK,Prague,CZ
Vodice,SI,Prague,CZ
Hirschberg,DE,Prague,CZ
Munich,DE,Prague,CZ
Kriebstein,DE,Prague,CZ
Čižice,CZ,Prague,CZ
Mikulůvka,CZ,Prague,CZ
Cholina,CZ,Prague,CZ
Ústí nad Orlicí,CZ,Prague,CZ
Bannewitz,DE,Prague,CZ
Frohnleiten,AT,Prague,CZ
Sankt Gallen,AT,Prague,CZ
Spišská Nová Ves,SK,Prague,CZ
Stříbro,CZ,Prague,CZ
Sankt Andrä,AT,Prague,CZ
Engerwitzdorf,AT,Prague,CZ
Althofen,AT,Prague,CZ
Šentvid pri Stični,SI,Prague,CZ
Mosonmagyaróvár,HU,Prague,CZ
Stammham,DE,Prague,CZ
Weiz,AT,Prague,CZ
Hackerberg,AT,Prague,CZ
Wilfleinsdorf,AT,Prague,CZ
Chieming,DE,Prague,CZ
Gmina Łubniany,PL,Prague,CZ
Aš,CZ,Prague,CZ
Grein,AT,Prague,CZ
Troubsko,CZ,Prague,CZ
Dorfen,DE,Prague,CZ
Gmunden,AT,Prague,CZ
Bystřice pod Hostýnem,CZ,Prague,CZ
Seiersberg,AT,Prague,CZ
Vác,HU,Prague,CZ
Cunewalde,DE,Prague,CZ
Chřibská,CZ,Prague,CZ
Litoměřice,CZ,Prague,CZ
Znojmo,CZ,Prague,CZ
Skalica,SK,Prague,CZ
Dýšina,CZ,Prague,CZ
Zielęcice,PL,Prague,CZ
Dubné,CZ,Prague,CZ
Wundschuh,AT,Prague,CZ
Odolena Voda,CZ,Prague,CZ
Šoporňa,SK,Prague,CZ
Zittau,DE,Prague,CZ
Feldkirch,AT,Prague,CZ
Steinabrunn,AT,Prague,CZ
Bad Vöslau,AT,Prague,CZ
Tapolca,HU,Prague,CZ
Theuma,DE,Prague,CZ
Mirków,PL,Prague,CZ
Voldöpp,AT,Prague,CZ
Litvínov,CZ,Prague,CZ
Weisskirchen an der Traun,AT,Prague,CZ
Claußnitz,DE,Prague,CZ
Holiare,SK,Prague,CZ
Korytná,CZ,Prague,CZ
Langenbernsdorf,DE,Prague,CZ
Zachenberg,DE,Prague,CZ
Klein-Neusiedl,AT,Prague,CZ
Oggau,AT,Prague,CZ
Moravany,CZ,Prague,CZ
Pelhřimov,CZ,Prague,CZ
Ulrichsberg,AT,Prague,CZ
Ternberg,AT,Prague,CZ
Neulengbach,AT,Prague,CZ
Flöha,DE,Prague,CZ
Monor,HU,Prague,CZ
Špačince,SK,Prague,CZ
Ramsthal,DE,Prague,CZ
Bad Vigaun,AT,Prague,CZ
Zvolenská Slatina,SK,Prague,CZ
Goldwörth,AT,Prague,CZ
Velden am Wörther See,AT,Prague,CZ
Sopron,HU,Prague,CZ
Marktredwitz,DE,Prague,CZ
Blankenstein,DE,Prague,CZ
Kovářská,CZ,Prague,CZ
Altenmarkt im Pongau,AT,Prague,CZ
Perštejn,CZ,Prague,CZ
Gera,DE,Prague,CZ
Goldkronach,DE,Prague,CZ
Hódmezővásárhely,HU,Prague,CZ
Nové Zámky,SK,Prague,CZ
Remptendorf,DE,Prague,CZ
Altenmarkt an der Triesting,AT,Prague,CZ
Söding,AT,Prague,CZ
Abrahám,SK,Prague,CZ
Gelnica,SK,Prague,CZ
Karlín,CZ,Prague,CZ
Geiselhöring,DE,Prague,CZ
Kolín,CZ,Prague,CZ
Beratzhausen,DE,Prague,CZ
Neustadt an der Orla,DE,Prague,CZ
Żmigród,PL,Prague,CZ
Postmünster,DE,Prague,CZ
Bonn,DE,Prague,CZ
Enzesfeld,AT,Prague,CZ
Ampfing,DE,Prague,CZ
Torgau,DE,Prague,CZ
Zgornja Rečica,SI,Prague,CZ
Albaching,DE,Prague,CZ
Klagenfurt,AT,Prague,CZ
Lappersdorf,DE,Prague,CZ
Dobřany,CZ,Prague,CZ
Oberlungwitz,DE,Prague,CZ
Ebergassing,AT,Prague,CZ
Złotoryja,PL,Prague,CZ
Buchdorf,DE,Prague,CZ
Stinatz,AT,Prague,CZ
Oberviechtach,DE,Prague,CZ
Dolsk,PL,Prague,CZ
Ősi,HU,Prague,CZ
Praha 17,CZ,Prague,CZ
Považská Bystrica,SK,Prague,CZ
Hoheneich,AT,Prague,CZ
Kozinec,CZ,Prague,CZ
Artstetten,AT,Prague,CZ
Chlumec,CZ,Prague,CZ
Piringsdorf,AT,Prague,CZ
Paks,HU,Prague,CZ
Hněvošice,CZ,Prague,CZ
Drásov,CZ,Prague,CZ
Roudné,CZ,Prague,CZ
Zákamenné,SK,Prague,CZ
Lenzing,AT,Prague,CZ
Bad Griesbach,DE,Prague,CZ
Hainburg an der Donau,AT,Prague,CZ
Velká Polom,CZ,Prague,CZ
Biberbach,AT,Prague,CZ
Halbturn,AT,Prague,CZ
Veľká Maňa,SK,Prague,CZ
Pasching,AT,Prague,CZ
Sereď,SK,Prague,CZ
Reichenbach/Vogtland,DE,Prague,CZ
Kirchenlamitz,DE,Prague,CZ
Altlengbach,AT,Prague,CZ
Hlučín,CZ,Prague,CZ
Mníšek,CZ,Prague,CZ
Annaberg-Buchholz,DE,Prague,CZ
Bad Füssing,DE,Prague,CZ
Axams,AT,Prague,CZ
Götzendorf an der Leitha,AT,Prague,CZ
Nehvizdy,CZ,Prague,CZ
Liptovský Hrádok,SK,Prague,CZ
Jaroměř,CZ,Prague,CZ
Kutná Hora,CZ,Prague,CZ
Deggendorf,DE,Prague,CZ
Zeltweg,AT,Prague,CZ
Schwechat,AT,Prague,CZ
Traun,AT,Prague,CZ
Schiedlberg,AT,Prague,CZ
Parczew,PL,Prague,CZ
Oberolberndorf,AT,Prague,CZ
Altenmarkt an der Alz,DE,Prague,CZ
Vrchlabí,CZ,Prague,CZ
Madunice,SK,Prague,CZ
Chotěboř,CZ,Prague,CZ
Namysłów,PL,Prague,CZ
Kotešová,SK,Prague,CZ
Uherské Hradiště,CZ,Prague,CZ
Hrubá Borša,SK,Prague,CZ
Altötting,DE,Prague,CZ
Baumgarten im Burgenland,AT,Prague,CZ
Japons,AT,Prague,CZ
Štětí,CZ,Prague,CZ
Pfeffenhausen,DE,Prague,CZ
Šlapanice,CZ,Prague,CZ
Rochlitz,DE,Prague,CZ
Pruské,SK,Prague,CZ
Povina,SK,Prague,CZ
Maroslele,HU,Prague,CZ
Landegg,AT,Prague,CZ
Nemesbőd,HU,Prague,CZ
Hahnbach,DE,Prague,CZ
Kamenice nad Lipou,CZ,Prague,CZ
Arrach,DE,Prague,CZ
Köthen,DE,Prague,CZ
Mettmach,AT,Prague,CZ
Kurort Hartha,DE,Prague,CZ
Berhida,HU,Prague,CZ
Steinbach am Ziehberg,AT,Prague,CZ
Vysoké Mýto,CZ,Prague,CZ
Velké Heraltice,CZ,Prague,CZ
Węgrzce Wielkie,PL,Prague,CZ
Grafenschlag,AT,Prague,CZ
Aichdorf,AT,Prague,CZ
Mistelbach,AT,Prague,CZ
Ramerberg,DE,Prague,CZ
Prague,CZ,Prague,CZ
Gersdorf,DE,Prague,CZ
Klínec,CZ,Prague,CZ
Nowy Tomyśl,PL,Prague,CZ
Tvrdošín,SK,Prague,CZ
Gratwein,AT,Prague,CZ
Arbesthal,AT,Prague,CZ
Sládkovičovo,SK,Prague,CZ
Křižanov,CZ,Prague,CZ
Limbach-Oberfrohna,DE,Prague,CZ
Damníkov,CZ,Prague,CZ
Waldkraiburg,DE,Prague,CZ
Tittmoning,DE,Prague,CZ
Prutz,AT,Prague,CZ
Mariánské Lázně,CZ,Prague,CZ
Löbau,DE,Prague,CZ
Griže,SI,Prague,CZ
Innsbruck,AT,Prague,CZ
Celje,SI,Prague,CZ
Wörth,DE,Prague,CZ
Tröstau,DE,Prague,CZ
Dolný Lopašov,SK,Prague,CZ
Svitavy,CZ,Prague,CZ
Obernalb,AT,Prague,CZ
Plauen,DE,Prague,CZ
Sistrans,AT,Prague,CZ
Veľké Kostoľany,SK,Prague,CZ
Fürstenzell,DE,Prague,CZ
Oelsnitz,DE,Prague,CZ
Höhenkirchen-Siegertsbrunn,DE,Prague,CZ
Hostomice,CZ,Prague,CZ
Mittlern,AT,Prague,CZ
Kalwang,AT,Prague,CZ
Braunau am Inn,AT,Prague,CZ
Thalheim,DE,Prague,CZ
Chyšky,CZ,Prague,CZ
Grodków,PL,Prague,CZ
Kostelec nad Labem,CZ,Prague,CZ
Geisenfeld,DE,Prague,CZ
Pottendorf,AT,Prague,CZ
Chotutice,CZ,Prague,CZ
Holice,CZ,Prague,CZ
Niva,CZ,Prague,CZ
Uherčice,CZ,Prague,CZ
Trenčianske Teplice,SK,Prague,CZ
Schkölen,DE,Prague,CZ
Morašice,CZ,Prague,CZ
Šumperk,CZ,Prague,CZ
Aflenz Kurort,AT,Prague,CZ
Grossraming,AT,Prague,CZ
Haslach an der Mühl,AT,Prague,CZ
Reichenau an der Rax,AT,Prague,CZ
Rudná,CZ,Prague,CZ
Nandlstadt,DE,Prague,CZ
Hirtenberg,AT,Prague,CZ
Lupburg,DE,Prague,CZ
Szczytnica,PL,Prague,CZ
Tulln,AT,Prague,CZ
Leisnig,DE,Prague,CZ
Zeulenroda-Triebes,DE,Prague,CZ
Hliník nad Hronom,SK,Prague,CZ
Praha 13,CZ,Prague,CZ
Großenhain,DE,Prague,CZ
Štěnovice,CZ,Prague,CZ
Győrújbarát,HU,Prague,CZ
Meissen,DE,Prague,CZ
Jelcz Laskowice,PL,Prague,CZ
Dubí,CZ,Prague,CZ
Těšany,CZ,Prague,CZ
Sillian,AT,Prague,CZ
Kłodzko,PL,Prague,CZ
Teublitz,DE,Prague,CZ
Črna na Koroškem,SI,Prague,CZ
Varnsdorf,CZ,Prague,CZ
Hluboká nad Vltavou,CZ,Prague,CZ
Náklo,CZ,Prague,CZ
Bystřice nad Pernštejnem,CZ,Prague,CZ
Třebušín,CZ,Prague,CZ
Opponitz,AT,Prague,CZ
Benešov,CZ,Prague,CZ
Unterpullendorf,AT,Prague,CZ
Tirschenreuth,DE,Prague,CZ
Postbauer-Heng,DE,Prague,CZ
Hlohovec,SK,Prague,CZ
Vyšné Raslavice,SK,Prague,CZ
Mantel,DE,Prague,CZ
Veľký Meder,SK,Prague,CZ
Praha 12,CZ,Prague,CZ
Markt Allhau,AT,Prague,CZ
Dornbirn,AT,Prague,CZ
Košeca,SK,Prague,CZ
Reidling,AT,Prague,CZ
Žatec,CZ,Prague,CZ
Vöcklabruck,AT,Prague,CZ
Humpolec,CZ,Prague,CZ
Attnang-Puchheim,AT,Prague,CZ
Komárom,HU,Prague,CZ
Könnern,DE,Prague,CZ
Balassagyarmat,HU,Prague,CZ
Pleystein,DE,Prague,CZ
Boldogkőváralja,HU,Prague,CZ
Vilsbiburg,DE,Prague,CZ
Székesfehérvár,HU,Prague,CZ
Šmartno ob Paki,SI,Prague,CZ
Pollau,AT,Prague,CZ
Vorchdorf,AT,Prague,CZ
Hrnčiarovce nad Parnou,SK,Prague,CZ
Bodenkirchen,DE,Prague,CZ
Parndorf,AT,Prague,CZ
Zwettl Stadt,AT,Prague,CZ
Purbach am Neusiedler See,AT,Prague,CZ
Sokolov,CZ,Prague,CZ
Babensham,DE,Prague,CZ
Rottenburg an der Laaber,DE,Prague,CZ
Kirchberg in Tirol,AT,Prague,CZ
Staňkov,CZ,Prague,CZ
Aistersheim,AT,Prague,CZ
Horovce,SK,Prague,CZ
Schönbach,AT,Prague,CZ
Arbing,AT,Prague,CZ
Teplice,CZ,Prague,CZ
Sepekov,CZ,Prague,CZ
Grassau,DE,Prague,CZ
Blatná,CZ,Prague,CZ
Dolný Štál,SK,Prague,CZ
Praha 16,CZ,Prague,CZ
Reichenbach,DE,Prague,CZ
Plasy,CZ,Prague,CZ
Langenrohr,AT,Prague,CZ
Blansko,CZ,Prague,CZ
Oberwaltersdorf,AT,Prague,CZ
Boleradice,CZ,Prague,CZ
Šestajovice,CZ,Prague,CZ
Vienna,AT,Prague,CZ
Begunje na Gorenjskem,SI,Prague,CZ
Wurmannsquick,DE,Prague,CZ
Kuřim,CZ,Prague,CZ
Bad Schandau,DE,Prague,CZ
Moosburg,DE,Prague,CZ
Neufeld an der Leitha,AT,Prague,CZ
Radebeul,DE,Prague,CZ
Ňárad,SK,Prague,CZ
Wegscheid,DE,Prague,CZ
Toušeň,CZ,Prague,CZ
Sarleinsbach,AT,Prague,CZ
Augustusburg,DE,Prague,CZ
Tábor,CZ,Prague,CZ
Waldkirchen,DE,Prague,CZ
Speinshart,DE,Prague,CZ
Weißenburg in Bayern,DE,Prague,CZ
Halže,CZ,Prague,CZ
Sankt Lambrecht,AT,Prague,CZ
Púchov,SK,Prague,CZ
Eltmann,DE,Prague,CZ
Hummeltal,DE,Prague,CZ
Sankt Margarethen im Burgenland,AT,Prague,CZ
Jinočany,CZ,Prague,CZ
Bad Fischau,AT,Prague,CZ
Oberheldrungen,DE,Prague,CZ
České Budějovice,CZ,Prague,CZ
Cerhovice,CZ,Prague,CZ
Frýdek-Místek,CZ,Prague,CZ
Hollabrunn,AT,Prague,CZ
Pockau,DE,Prague,CZ
Büchlberg,DE,Prague,CZ
Nýřany,CZ,Prague,CZ
Mochov,CZ,Prague,CZ
Rohrbach in Oberösterreich,AT,Prague,CZ
Wurzen,DE,Prague,CZ
Maria Saal,AT,Prague,CZ
Opatov,CZ,Prague,CZ
Saalfelden am Steinernen Meer,AT,Prague,CZ
Karnerviertel,AT,Prague,CZ
Prievidza,SK,Prague,CZ
Čierne,SK,Prague,CZ
Raguhn,DE,Prague,CZ
Zavar,SK,Prague,CZ
Bardejov,SK,Prague,CZ
Fischamend,AT,Prague,CZ
Karácsond,HU,Prague,CZ
Haidershofen,AT,Prague,CZ
Großolbersdorf,DE,Prague,CZ
Gerasdorf bei Wien,AT,Prague,CZ
Bučovice,CZ,Prague,CZ
Kirchroth,DE,Prague,CZ
Pliešovce,SK,Prague,CZ
Velemín,CZ,Prague,CZ
Hartenstein,DE,Prague,CZ
Dunajská Lužná,SK,Prague,CZ
Otzing,DE,Prague,CZ
Hrochův Týnec,CZ,Prague,CZ
Oerlenbach,DE,Prague,CZ
Bludesch,AT,Prague,CZ
Rakvice,CZ,Prague,CZ
Dafins,AT,Prague,CZ
Eibau,DE,Prague,CZ
Malý Cetín,SK,Prague,CZ
Holzhau,DE,Prague,CZ
Steindorf am Ossiacher See,AT,Prague,CZ
Hopfgarten im Brixental,AT,Prague,CZ
Hallein,AT,Prague,CZ
Rinnegg,AT,Prague,CZ
Eberstalzell,AT,Prague,CZ
Zlín,CZ,Prague,CZ
Žiar nad Hronom,SK,Prague,CZ
Gmina Krośnice,PL,Prague,CZ
Kaltenleutgeben,AT,Prague,CZ
Bischofshofen,AT,Prague,CZ
Bad Gleichenberg,AT,Prague,CZ
Uničov,CZ,Prague,CZ
Wang,DE,Prague,CZ
Hořovice,CZ,Prague,CZ
Sosnová,CZ,Prague,CZ
Naila,DE,Prague,CZ
Praha 10,CZ,Prague,CZ
Prusy,PL,Prague,CZ
Krieglach,AT,Prague,CZ
Slušovice,CZ,Prague,CZ
Leopoldsdorf im Marchfelde,AT,Prague,CZ
Hlušice,CZ,Prague,CZ
Svätý Michal,SK,Prague,CZ
Brandýs nad Labem-Stará Boleslav,CZ,Prague,CZ
Kopfing im Innkreis,AT,Prague,CZ
Havlíčkův Brod,CZ,Prague,CZ
Meziboři,CZ,Prague,CZ
Karlsdorf-Neuthard,DE,Prague,CZ
Bük,HU,Prague,CZ
Mníšek pod Brdy,CZ,Prague,CZ
Gmina Strzelin,PL,Prague,CZ
Siófok,HU,Prague,CZ
Valašské Meziříčí,CZ,Prague,CZ
Ennsdorf,AT,Prague,CZ
Říčany,CZ,Prague,CZ
Řícmanice,CZ,Prague,CZ
Turnov,CZ,Prague,CZ
Gnas,AT,Prague,CZ
Rogozino,PL,Prague,CZ
Griesstätt,DE,Prague,CZ
Elsteraue,DE,Prague,CZ
Hustopeče,CZ,Prague,CZ
Wagerberg,AT,Prague,CZ
Klosterneuburg,AT,Prague,CZ
Semriach,AT,Prague,CZ
Grygov,CZ,Prague,CZ
Kokory,CZ,Prague,CZ
Neuzeug,AT,Prague,CZ
Marchtrenk,AT,Prague,CZ
Jiříkov,CZ,Prague,CZ
Telč,CZ,Prague,CZ
Lednice,CZ,Prague,CZ
Mittelherwigsdorf,DE,Prague,CZ
Dunabogdány,HU,Prague,CZ
Pusztamonostor,HU,Prague,CZ
Čachtice,SK,Prague,CZ
Pilsen,CZ,Prague,CZ
Siegendorf im Burgenland,AT,Prague,CZ
Moravská Nová Ves,CZ,Prague,CZ
Rakovník,CZ,Prague,CZ
Tovačov,CZ,Prague,CZ
Stranice,SI,Prague,CZ
Přítluky,CZ,Prague,CZ
Eggenfelden,DE,Prague,CZ
Passail,AT,Prague,CZ
Weida,DE,Prague,CZ
Großröhrsdorf,DE,Prague,CZ
Eisenhüttenstadt,DE,Prague,CZ
Prawiedniki,PL,Prague,CZ
Malešovice,CZ,Prague,CZ
Deutsch Tschantschendorf,AT,Prague,CZ
Zalaegerszeg,HU,Prague,CZ
Krumpendorf,AT,Prague,CZ
Svederník,SK,Prague,CZ
Leobersdorf,AT,Prague,CZ
Spišské Vlachy,SK,Prague,CZ
Pečky,CZ,Prague,CZ
Nižná,SK,Prague,CZ
Jirkov,CZ,Prague,CZ
Triptis,DE,Prague,CZ
Nyíregyháza,HU,Prague,CZ
Halle,DE,Prague,CZ
Euratsfeld,AT,Prague,CZ
Osterwieck,DE,Prague,CZ
Eichgraben,AT,Prague,CZ
Villach,AT,Prague,CZ
Pezinok,SK,Prague,CZ
Kemnath,DE,Prague,CZ
Třebíč,CZ,Prague,CZ
Ebenthal,AT,Prague,CZ
Lang,AT,Prague,CZ
Bischofswiesen,DE,Prague,CZ
Wilkau-Haßlau,DE,Prague,CZ
Tatabánya,HU,Prague,CZ
Markt Piesting,AT,Prague,CZ
Polešovice,CZ,Prague,CZ
Petzenkirchen,AT,Prague,CZ
Tešedíkovo,SK,Prague,CZ
Bärnau,DE,Prague,CZ
Petrovče,SI,Prague,CZ
Louny,CZ,Prague,CZ
Modřice,CZ,Prague,CZ
Ostrožská Nová Ves,CZ,Prague,CZ
Neufahrn in Niederbayern,DE,Prague,CZ
Spital am Semmering,AT,Prague,CZ
Simbach,DE,Prague,CZ
Gnaschwitz,DE,Prague,CZ
Zemianske Kostoľany,SK,Prague,CZ
Grossarl,AT,Prague,CZ
Poříčí nad Sázavou,CZ,Prague,CZ
Wiskitki,PL,Prague,CZ
Neusiedl am See,AT,Prague,CZ
Wiesenfelden,DE,Prague,CZ
Győrszemere,HU,Prague,CZ
Oleśnica,PL,Prague,CZ
Skalice,CZ,Prague,CZ
Płóczki Dolne,PL,Prague,CZ
Dežerice,SK,Prague,CZ
Črenšovci,SI,Prague,CZ
Sokoleč,CZ,Prague,CZ
Dolní Studénky,CZ,Prague,CZ
Neveklov,CZ,Prague,CZ
Rosenau am Hengstpass,AT,Prague,CZ
Helmbrechts,DE,Prague,CZ
Eggern,AT,Prague,CZ
Schwarzenfeld,DE,Prague,CZ
Neustadt in Sachsen,DE,Prague,CZ
Stollberg,DE,Prague,CZ
Weidenbach,DE,Prague,CZ
Bánovce nad Bebravou,SK,Prague,CZ
Kyjov,CZ,Prague,CZ
Breitenwaida,AT,Prague,CZ
Wieselburg,AT,Prague,CZ
Burgkirchen an der Alz,DE,Prague,CZ
Linz,AT,Prague,CZ
Modletice,CZ,Prague,CZ
Český Krumlov,CZ,Prague,CZ
Vitis,AT,Prague,CZ
Ansfelden,AT,Prague,CZ
Korneuburg,AT,Prague,CZ
Wels,AT,Prague,CZ
Polakowice,PL,Prague,CZ
Tiefenbach,DE,Prague,CZ
Esternberg,AT,Prague,CZ
Pregarten,AT,Prague,CZ
Trumau,AT,Prague,CZ
Grana,DE,Prague,CZ
Gáň,SK,Prague,CZ
Duchcov,CZ,Prague,CZ
Gänserndorf,AT,Prague,CZ
Berching,DE,Prague,CZ
Nitra,SK,Prague,CZ
Marcali,HU,Prague,CZ
Oberrohrbach,AT,Prague,CZ
Starovičky,CZ,Prague,CZ
Budapest,HU,Prague,CZ
Bukowina,PL,Prague,CZ
Horní Bludovice,CZ,Prague,CZ
Metnitz,AT,Prague,CZ
Ohorn,DE,Prague,CZ
Lukov,CZ,Prague,CZ
Dobldorf,AT,Prague,CZ
Sečovská Polianka,SK,Prague,CZ
Zwiesel,DE,Prague,CZ
Hirschbach,AT,Prague,CZ
Lengdorf,DE,Prague,CZ
Krems,AT,Prague,CZ
Obersdorf,AT,Prague,CZ
Dunakeszi,HU,Prague,CZ
Landau an der Isar,DE,Prague,CZ
Schwarzenbach am Wald,DE,Prague,CZ
Liptovský Mikuláš,SK,Prague,CZ
Tarp,DE,Prague,CZ
Seegebiet Mansfelder Land,DE,Prague,CZ
Ellmau,AT,Prague,CZ
Friesach,AT,Prague,CZ
Kunów,PL,Prague,CZ
Werdau,DE,Prague,CZ
Mratín,CZ,Prague,CZ
Sankt Johann in Tirol,AT,Prague,CZ
Nový Šaldorf,CZ,Prague,CZ
Bad Reichenhall,DE,Prague,CZ
Jennersdorf,AT,Prague,CZ
Bludov,CZ,Prague,CZ
Hörsching,AT,Prague,CZ
Bergen,DE,Prague,CZ
Olbernhau,DE,Prague,CZ
Mautern,AT,Prague,CZ
Haus,AT,Prague,CZ
Odry,CZ,Prague,CZ
Horvátzsidány,HU,Prague,CZ
Königswartha,DE,Prague,CZ
Vratimov,CZ,Prague,CZ
Waldneukirchen,AT,Prague,CZ
Deutschlandsberg,AT,Prague,CZ
Kežmarok,SK,Prague,CZ
Horn,AT,Prague,CZ
Sankt Veit an der Glan,AT,Prague,CZ
Gottfrieding,DE,Prague,CZ
Kralovice,CZ,Prague,CZ
Warmensteinach,DE,Prague,CZ
Strakonice,CZ,Prague,CZ
Wałbrzych,PL,Prague,CZ
Velké Meziříčí,CZ,Prague,CZ
Spittal an der Drau,AT,Prague,CZ
Burkau,DE,Prague,CZ
Laufen,DE,Prague,CZ
Salzweg,DE,Prague,CZ
Písek,CZ,Prague,CZ
Budaörs,HU,Prague,CZ
Ehrendorf,AT,Prague,CZ
Geras,AT,Prague,CZ
Schrems,AT,Prague,CZ
Eiselfing,DE,Prague,CZ
Břeclav,CZ,Prague,CZ
Zeillern,AT,Prague,CZ
Steyr,AT,Prague,CZ
Wildenfels,DE,Prague,CZ
Žamberk,CZ,Prague,CZ
Thal,AT,Prague,CZ
Reinsberg,AT,Prague,CZ
Holešov,CZ,Prague,CZ
Prešov,SK,Prague,CZ
Regen,DE,Prague,CZ
Měšice,CZ,Prague,CZ
Breitenau,AT,Prague,CZ
Großklein,AT,Prague,CZ
Velký Osek,CZ,Prague,CZ
Majcichov,SK,Prague,CZ
Kamenica,SK,Prague,CZ
Purkersdorf,AT,Prague,CZ
Schlatt,AT,Prague,CZ
Burghausen,DE,Prague,CZ
Weißkirchen in Steiermark,AT,Prague,CZ
Schaufling,DE,Prague,CZ
Wronki,PL,Prague,CZ
Alkoven,AT,Prague,CZ
Borki,PL,Prague,CZ
Bad Zell,AT,Prague,CZ
Nové Mesto nad Váhom,SK,Prague,CZ
Moravský Krumlov,CZ,Prague,CZ
Roudnice nad Labem,CZ,Prague,CZ
Jindřichův Hradec,CZ,Prague,CZ
Oschatz,DE,Prague,CZ
Grybów,PL,Prague,CZ
Harka,HU,Prague,CZ
Wallerstein,DE,Prague,CZ
Schirgiswalde,DE,Prague,CZ
Gratkorn,AT,Prague,CZ
Coswig,DE,Prague,CZ
Donaustauf,DE,Prague,CZ
Altenburg,DE,Prague,CZ
Bad Kreuzen,AT,Prague,CZ
Maria Rain,AT,Prague,CZ
Kraichtal,DE,Prague,CZ
Stolpen,DE,Prague,CZ
Čadca,SK,Prague,CZ
Vilseck,DE,Prague,CZ
Štiavnické Bane,SK,Prague,CZ
Sankt Oswald bei Plankenwarth,AT,Prague,CZ
Micheldorf in Oberösterreich,AT,Prague,CZ
Tanna,DE,Prague,CZ
Knínice u Boskovic,CZ,Prague,CZ
Schwarzenbach an der Saale,DE,Prague,CZ
Oberalm,AT,Prague,CZ
Poniky,SK,Prague,CZ
Čelákovice,CZ,Prague,CZ
Blovice,CZ,Prague,CZ
Dobroslavice,CZ,Prague,CZ
Sulechów,PL,Prague,CZ
Bodenmais,DE,Prague,CZ
Dunajská Streda,SK,Prague,CZ
Týček,CZ,Prague,CZ
Kluczbork,PL,Prague,CZ
Sezemice,CZ,Prague,CZ
Oberwölz Stadt,AT,Prague,CZ
Zistersdorf,AT,Prague,CZ
Zbůch,CZ,Prague,CZ
Eisenstadt,AT,Prague,CZ
Neuenmarkt,DE,Prague,CZ
Staré Město,CZ,Prague,CZ
Paudorf,AT,Prague,CZ
Zubrohlava,SK,Prague,CZ
Golčův Jeníkov,CZ,Prague,CZ
Boskovice,CZ,Prague,CZ
Hersbruck,DE,Prague,CZ
Rabenstein an der Pielach,AT,Prague,CZ
Weissenbach an der Triesting,AT,Prague,CZ
Bad Tatzmannsdorf,AT,Prague,CZ
Hengersberg,DE,Prague,CZ
Písečná,CZ,Prague,CZ
Zwentendorf,AT,Prague,CZ
Rust,AT,Prague,CZ
Gowidlino,PL,Prague,CZ
Choceň,CZ,Prague,CZ
Hostivice,CZ,Prague,CZ
Wenigzell,AT,Prague,CZ
Medlov,CZ,Prague,CZ
Úpice,CZ,Prague,CZ
Neunburg vorm Wald,DE,Prague,CZ
Domašov,CZ,Prague,CZ
Grossgmain,AT,Prague,CZ
Großschönau,DE,Prague,CZ
Počátky,CZ,Prague,CZ
Altheim,AT,Prague,CZ
Cottbus,DE,Prague,CZ
Tanakajd,HU,Prague,CZ
Veselí nad Lužnicí,CZ,Prague,CZ
Königstein,DE,Prague,CZ
Chrast,CZ,Prague,CZ
Mühldorf,DE,Prague,CZ
Sučany,SK,Prague,CZ
Puch bei Hallein,AT,Prague,CZ
Piliscsaba,HU,Prague,CZ
Rumburk,CZ,Prague,CZ
Ferlach,AT,Prague,CZ
Kalsdorf bei Graz,AT,Prague,CZ
Wilczków,PL,Prague,CZ
Massing,DE,Prague,CZ
Střelské Hoštice,CZ,Prague,CZ
Český Brod,CZ,Prague,CZ
Rapotín,CZ,Prague,CZ
Průhonice,CZ,Prague,CZ
Schwarzenberg,DE,Prague,CZ
Frenštát pod Radhoštěm,CZ,Prague,CZ
Zettlitz,DE,Prague,CZ
Velké Němčice,CZ,Prague,CZ
Týn nad Vltavou,CZ,Prague,CZ
Plattling,DE,Prague,CZ
Ochoz u Brna,CZ,Prague,CZ
Pfarrkirchen,DE,Prague,CZ
Pružina,SK,Prague,CZ
Großharthau,DE,Prague,CZ
Dubňany,CZ,Prague,CZ
Beňadovo,SK,Prague,CZ
Weidenberg,DE,Prague,CZ
Dřísy,CZ,Prague,CZ
Seitenstetten Markt,AT,Prague,CZ
Sarasdorf,AT,Prague,CZ
Malešov,CZ,Prague,CZ
Luhe-Wildenau,DE,Prague,CZ
Nový Jičín,CZ,Prague,CZ
Hejnice,CZ,Prague,CZ
Ladau,AT,Prague,CZ
Berga,DE,Prague,CZ
Horažďovice,CZ,Prague,CZ
Katowice,PL,Prague,CZ
Langquaid,DE,Prague,CZ
Mühlau,DE,Prague,CZ
Lavamünd,AT,Prague,CZ
Treuen,DE,Prague,CZ
Świętoszów,PL,Prague,CZ
Burgauberg,AT,Prague,CZ
Mattersburg,AT,Prague,CZ
Frauenstein,DE,Prague,CZ
Troskovice,CZ,Prague,CZ
Ampflwang,AT,Prague,CZ
Groß-Gerungs,AT,Prague,CZ
Thörl,AT,Prague,CZ
Maria Enzersdorf,AT,Prague,CZ
Mnichovo Hradiště,CZ,Prague,CZ
Adamov,CZ,Prague,CZ
Wagna,AT,Prague,CZ
Bludenz,AT,Prague,CZ
Wasserburg am Inn,DE,Prague,CZ
Schwanenstadt,AT,Prague,CZ
Daskabát,CZ,Prague,CZ
Pöhl,DE,Prague,CZ
Bučany,SK,Prague,CZ
Wartberg an der Krems,AT,Prague,CZ
Röhrnbach,DE,Prague,CZ
Hradec Králové,CZ,Prague,CZ
Ostrau,DE,Prague,CZ
Kamenz,DE,Prague,CZ
Dorfchemnitz,DE,Prague,CZ
Krásna Lúka,SK,Prague,CZ
Radomierzyce,PL,Prague,CZ
Göd,HU,Prague,CZ
Niklasdorf,AT,Prague,CZ
Ybbs an der Donau,AT,Prague,CZ
Mohelnice,CZ,Prague,CZ
Böheimkirchen,AT,Prague,CZ
Hemau,DE,Prague,CZ
Bresternica,SI,Prague,CZ
Vép,HU,Prague,CZ
Pardubice,CZ,Prague,CZ
Regenstauf,DE,Prague,CZ
Groß Sankt Florian,AT,Prague,CZ
Lanzenkirchen,AT,Prague,CZ
Edelsfeld,DE,Prague,CZ
Černošín,CZ,Prague,CZ
Kirschau,DE,Prague,CZ
Tanvald,CZ,Prague,CZ
Amberg,DE,Prague,CZ
Dobruška,CZ,Prague,CZ
Parsberg,DE,Prague,CZ
Gárdony,HU,Prague,CZ
Pößneck,DE,Prague,CZ
Strzegom,PL,Prague,CZ
Lambach,AT,Prague,CZ
Dorfgastein,AT,Prague,CZ
Šoštanj,SI,Prague,CZ
Vojkovice,CZ,Prague,CZ
Pirna,DE,Prague,CZ
Teunz,DE,Prague,CZ
Chomutov,CZ,Prague,CZ
Hutthurm,DE,Prague,CZ
Schöllnach,DE,Prague,CZ
Bernsbach,DE,Prague,CZ
Neusorg,DE,Prague,CZ
Bolesławiec,PL,Prague,CZ
Waldeck,DE,Prague,CZ
Rudersdorf,AT,Prague,CZ
Oberneuching,DE,Prague,CZ
Torysa,SK,Prague,CZ
Landshut,DE,Prague,CZ
Ruderting,DE,Prague,CZ
Lipany,SK,Prague,CZ
Radomlje,SI,Prague,CZ
Wallersdorf,DE,Prague,CZ
Most,CZ,Prague,CZ
Konzell,DE,Prague,CZ
Traiskirchen,AT,Prague,CZ
Neunkirchen,AT,Prague,CZ
Heidenreichstein,AT,Prague,CZ
Liezen,AT,Prague,CZ
Polomka,SK,Prague,CZ
Gleisdorf,AT,Prague,CZ
Écs,HU,Prague,CZ
Martin,SK,Prague,CZ
Neufurth,AT,Prague,CZ
Bleiburg,AT,Prague,CZ
Dvůr Králové nad Labem,CZ,Prague,CZ
Dingolfing,DE,Prague,CZ
Kirchschlag,AT,Prague,CZ
Ehrenfriedersdorf,DE,Prague,CZ
Wald,DE,Prague,CZ
Mittelbach,DE,Prague,CZ
Döbschütz,DE,Prague,CZ
Cegléd,HU,Prague,CZ
Prien am Chiemsee,DE,Prague,CZ
Zásmuky,CZ,Prague,CZ
Hollenstein an der Ybbs,AT,Prague,CZ
Kopřivnice,CZ,Prague,CZ
Berlin,DE,Prague,CZ
Beroun,CZ,Prague,CZ
Krmelín,CZ,Prague,CZ
Nittendorf,DE,Prague,CZ
Rokycany,CZ,Prague,CZ
Gyöngyös,HU,Prague,CZ
Strasswalchen,AT,Prague,CZ
Karlovy Vary,CZ,Prague,CZ
Eggersdorf bei Graz,AT,Prague,CZ
Serock,PL,Prague,CZ
Bielefeld,DE,Prague,CZ
Jablonec nad Nisou,CZ,Prague,CZ
Męcinka,PL,Prague,CZ
Gaishorn,AT,Prague,CZ
Eschenfelden,DE,Prague,CZ
Ilava,SK,Prague,CZ
Günselsdorf,AT,Prague,CZ
Hof,DE,Prague,CZ
Hostouň,CZ,Prague,CZ
Rohr im Kremstal,AT,Prague,CZ
Jakartovice,CZ,Prague,CZ
Gleinkerau,AT,Prague,CZ
Hartmannsdorf,DE,Prague,CZ
Ďurčiná,SK,Prague,CZ
Gmünd,AT,Prague,CZ
Juszczyn,PL,Prague,CZ
Hybe,SK,Prague,CZ
Schmölln,DE,Prague,CZ
Svémyslice,CZ,Prague,CZ
Winzer,DE,Prague,CZ
Ronneburg,DE,Prague,CZ
Chodov,CZ,Prague,CZ
Ostrožská Lhota,CZ,Prague,CZ
Aggsbach Dorf,AT,Prague,CZ
Ilz,AT,Prague,CZ
Pfarrwerfen,AT,Prague,CZ
Moča,SK,Prague,CZ
Fürstenfeld,AT,Prague,CZ
Hořice,CZ,Prague,CZ
Bad Birnbach,DE,Prague,CZ
Nattheim,DE,Prague,CZ
Stařeč,CZ,Prague,CZ
Hviezdoslavov,SK,Prague,CZ
Windischgarsten,AT,Prague,CZ
Glauchau,DE,Prague,CZ
Krasová,CZ,Prague,CZ
Tři Studně,CZ,Prague,CZ
Spálené Poříčí,CZ,Prague,CZ
Oberkotzau,DE,Prague,CZ
Kostelec nad Orlicí,CZ,Prague,CZ
Haid,AT,Prague,CZ
Bavorov,CZ,Prague,CZ
Oberndorf an der Melk,AT,Prague,CZ
Eidenberg,AT,Prague,CZ
Litultovice,CZ,Prague,CZ
Trenčín,SK,Prague,CZ
Bystřany,CZ,Prague,CZ
Kirchbach in Steiermark,AT,Prague,CZ
Wolfurt,AT,Prague,CZ
Anger,AT,Prague,CZ
Dobersberg,AT,Prague,CZ
Jevíčko,CZ,Prague,CZ
Enns,AT,Prague,CZ
Penig,DE,Prague,CZ
Hodonín,CZ,Prague,CZ
Stará Ľubovňa,SK,Prague,CZ
Slovenj Gradec,SI,Prague,CZ
Eisenerz,AT,Prague,CZ
Sollenau,AT,Prague,CZ
Nymburk,CZ,Prague,CZ
Malczyce,PL,Prague,CZ
Eging am See,DE,Prague,CZ
Vöcklamarkt,AT,Prague,CZ
Dubnica nad Váhom,SK,Prague,CZ
Ried in der Riedmark,AT,Prague,CZ
Perkáta,HU,Prague,CZ
Vranov nad Topľou,SK,Prague,CZ
Čejkovice,CZ,Prague,CZ
Niesky,DE,Prague,CZ
Osterhofen,DE,Prague,CZ
Ebreichsdorf,AT,Prague,CZ
Uherský Brod,CZ,Prague,CZ
Frankolovo,SI,Prague,CZ
Ernsthofen,AT,Prague,CZ
Theresienfeld,AT,Prague,CZ
Berndorf,AT,Prague,CZ
Edling,DE,Prague,CZ
Nový Bydžov,CZ,Prague,CZ
Feldbach,AT,Prague,CZ
Krumhermersdorf,DE,Prague,CZ
Stockerau,AT,Prague,CZ
Ženklava,CZ,Prague,CZ
Moritzburg,DE,Prague,CZ
Übersee,DE,Prague,CZ
Žužemberk,SI,Prague,CZ
Vrchoslavice,CZ,Prague,CZ
Židlochovice,CZ,Prague,CZ
Nové Město nad Metují,CZ,Prague,CZ
Chemnitz,DE,Prague,CZ
Lichtentanne,DE,Prague,CZ
Hulín,CZ,Prague,CZ
Drahnsdorf,DE,Prague,CZ
Spišský Hrhov,SK,Prague,CZ
Oravská Lesná,SK,Prague,CZ
Pettendorf,DE,Prague,CZ
Libochovice,CZ,Prague,CZ
Maxhütte-Haidhof,DE,Prague,CZ
Guggenthal,AT,Prague,CZ
Neukieritzsch,DE,Prague,CZ
Stephansposching,DE,Prague,CZ
Ingolstadt,DE,Prague,CZ
Kremsmünster,AT,Prague,CZ
Greiz,DE,Prague,CZ
Wallerfing,DE,Prague,CZ
Neu-Feffernitz,AT,Prague,CZ
Otvice,CZ,Prague,CZ
Pischelsdorf am Engelbach,AT,Prague,CZ
Zacharzyce,PL,Prague,CZ
Wulkaprodersdorf,AT,Prague,CZ
Mitterndorf an der Fischa,AT,Prague,CZ
Bischofsmais,DE,Prague,CZ
Zlechov,CZ,Prague,CZ
Ortenburg,DE,Prague,CZ
Floing,AT,Prague,CZ
Neschwitz,DE,Prague,CZ
Beckov,SK,Prague,CZ
Marxheim,DE,Prague,CZ
Babice,CZ,Prague,CZ
Hodslavice,CZ,Prague,CZ
Třebovle,CZ,Prague,CZ
Krivany,SK,Prague,CZ
Sankt Leonhard am Forst,AT,Prague,CZ
Waidendorf,AT,Prague,CZ
Turzovka,SK,Prague,CZ
Bernartice,CZ,Prague,CZ
Kowary,PL,Prague,CZ
Dürnrohr,AT,Prague,CZ
Muldenhammer,DE,Prague,CZ
Bad Berneck im Fichtelgebirge,DE,Prague,CZ
České Libchavy,CZ,Prague,CZ
Brodek u Konice,CZ,Prague,CZ
Střelice,CZ,Prague,CZ
Hohenstein-Ernstthal,DE,Prague,CZ
Andau,AT,Prague,CZ
Pöchlarn,AT,Prague,CZ
Řitka,CZ,Prague,CZ
Gols,AT,Prague,CZ
Stadl-Paura,AT,Prague,CZ
Głuszyca,PL,Prague,CZ
Rodewisch,DE,Prague,CZ
Helbra,DE,Prague,CZ
Křepice,CZ,Prague,CZ
Košice,SK,Prague,CZ
Kunovice,CZ,Prague,CZ
Křemže,CZ,Prague,CZ
Otrębusy,PL,Prague,CZ
Bratislava,SK,Prague,CZ
Prochot,SK,Prague,CZ
Bad Lobenstein,DE,Prague,CZ
Bolešov,SK,Prague,CZ
Lovosice,CZ,Prague,CZ
Loče,SI,Prague,CZ
Štoky,CZ,Prague,CZ
Sülysáp,HU,Prague,CZ
Wagrain,AT,Prague,CZ
Oravská Polhora,SK,Prague,CZ
Dolní Kounice,CZ,Prague,CZ
Mosonszolnok,HU,Prague,CZ
Guntramsdorf,AT,Prague,CZ
Crimmitschau,DE,Prague,CZ
Ardagger Stift,AT,Prague,CZ
Jiříkovice,CZ,Prague,CZ
Mettenheim,DE,Prague,CZ
Piešťany,SK,Prague,CZ
Reichertshofen,DE,Prague,CZ
Walding,AT,Prague,CZ
Gresten,AT,Prague,CZ
Kostelec na Hané,CZ,Prague,CZ
Paternion,AT,Prague,CZ
Domažlice,CZ,Prague,CZ
Weihmichl,DE,Prague,CZ
Rohrbach an der Lafnitz,AT,Prague,CZ
Kamenná Poruba,SK,Prague,CZ
Mockrehna,DE,Prague,CZ
Sankt Pölten,AT,Prague,CZ
Hohenau,DE,Prague,CZ
Zell am Ziller,AT,Prague,CZ
Sankt Johann am Walde,AT,Prague,CZ
Mislinja,SI,Prague,CZ
Pławna,PL,Prague,CZ
Dúbrava,SK,Prague,CZ
Lustenau,AT,Prague,CZ
Hronec,SK,Prague,CZ
Krnov,CZ,Prague,CZ
Zlonice,CZ,Prague,CZ
Petersroda,DE,Prague,CZ
Valaská Belá,SK,Prague,CZ
Rovinka,SK,Prague,CZ
Kremnica,SK,Prague,CZ
Bad Lausick,DE,Prague,CZ
Jössnitz,DE,Prague,CZ
Oreské,SK,Prague,CZ
Lanžhot,CZ,Prague,CZ
Bad Abbach,DE,Prague,CZ
Ladce,SK,Prague,CZ
Tét,HU,Prague,CZ
Szczawno-Zdrój,PL,Prague,CZ
Uraiújfalu,HU,Prague,CZ
Cabaj-Čápor,SK,Prague,CZ
Vuzenica,SI,Prague,CZ
Langmannersdorf,AT,Prague,CZ
Řehlovice,CZ,Prague,CZ
Bohumín,CZ,Prague,CZ
Halič,SK,Prague,CZ
Dolní Ředice,CZ,Prague,CZ
Nové Pavlovice,CZ,Prague,CZ
Konice,CZ,Prague,CZ
"Leibnitz, Styria",AT,Prague,CZ
Zálesie,SK,Prague,CZ
Wroclaw,PL,Prague,CZ
Laugna,DE,Prague,CZ
Mülsen,DE,Prague,CZ
Pomáz,HU,Prague,CZ
Grünbach,AT,Prague,CZ
Waldershof,DE,Prague,CZ
Týniště nad Orlicí,CZ,Prague,CZ
Losenstein,AT,Prague,CZ
Ormož,SI,Prague,CZ
Ternitz,AT,Prague,CZ
Stankovany,SK,Prague,CZ
Frankenfels,AT,Prague,CZ
Turčianske Teplice,SK,Prague,CZ
Brankovice,CZ,Prague,CZ
Banská Bystrica,SK,Prague,CZ
Timmenrode,DE,Prague,CZ
Šluknov,CZ,Prague,CZ
Arnreit,AT,Prague,CZ
Velešín,CZ,Prague,CZ
Langdorf,DE,Prague,CZ
Sachsendorf,AT,Prague,CZ
Bukovany,CZ,Prague,CZ
Kápolnásnyék,HU,Prague,CZ
Zdice,CZ,Prague,CZ
Bayreuth,DE,Prague,CZ
Dzierżoniów,PL,Prague,CZ
Nová Paka,CZ,Prague,CZ
Wallern an der Trattnach,AT,Prague,CZ
Grundlsee,AT,Prague,CZ
Nowogard,PL,Prague,CZ
Százhalombatta,HU,Prague,CZ
Lanzendorf,AT,Prague,CZ
Lößnitz,DE,Prague,CZ
Čeľadice,SK,Prague,CZ
Pacov,CZ,Prague,CZ
Mikulov,CZ,Prague,CZ
Baden,AT,Prague,CZ
Zábřeh,CZ,Prague,CZ
Langenlois,AT,Prague,CZ
Ainring,DE,Prague,CZ
Popice,CZ,Prague,CZ
Veszprém,HU,Prague,CZ
Brtnice,CZ,Prague,CZ
Ahorntal,DE,Prague,CZ
Trutnov,CZ,Prague,CZ
Anthering,AT,Prague,CZ
Perchtoldsdorf,AT,Prague,CZ
Leonding,AT,Prague,CZ
Dresden,DE,Prague,CZ
Praskačka,CZ,Prague,CZ
Waging am See,DE,Prague,CZ
Kmeťovo,SK,Prague,CZ
Zbýšov,CZ,Prague,CZ
Zörbig,DE,Prague,CZ
Hluk,CZ,Prague,CZ
Salzburg,AT,Prague,CZ
Traunreut,DE,Prague,CZ
Petrovice,CZ,Prague,CZ
Pettenbach,AT,Prague,CZ
Ořechov,CZ,Prague,CZ
Podbořany,CZ,Prague,CZ
Rechtmehring,DE,Prague,CZ
Teesdorf,AT,Prague,CZ
Trostberg an der Alz,DE,Prague,CZ
Asten,AT,Prague,CZ
Gedersdorf,AT,Prague,CZ
Pokrzywnica,PL,Prague,CZ
Pullenreuth,DE,Prague,CZ
Kotwasice,PL,Prague,CZ
Waldenstein,AT,Prague,CZ
Komárno,SK,Prague,CZ
Obertraubling,DE,Prague,CZ
Slavkov u Brna,CZ,Prague,CZ
Emmersdorf an der Donau,AT,Prague,CZ
Stonava,CZ,Prague,CZ
Frýdlant nad Ostravicí,CZ,Prague,CZ
Lengenfeld,DE,Prague,CZ
Dekmanca,SI,Prague,CZ
Felixdorf,AT,Prague,CZ
Schlierbach,AT,Prague,CZ
Lokca,SK,Prague,CZ
Enzersdorf an der Fischa,AT,Prague,CZ
Lederhose,DE,Prague,CZ
Heimschuh,AT,Prague,CZ
Ledeč nad Sázavou,CZ,Prague,CZ
Vasoldsberg,AT,Prague,CZ
Jasienie,PL,Prague,CZ
Kędzierzyn-Koźle,PL,Prague,CZ
Loosdorf,AT,Prague,CZ
Brno,CZ,Prague,CZ
Sieghartskirchen,AT,Prague,CZ
Wiener Neustadt,AT,Prague,CZ
Tulbing,AT,Prague,CZ
Hlinsko,CZ,Prague,CZ
Hall in Tirol,AT,Prague,CZ
Mank,AT,Prague,CZ
Sebnitz,DE,Prague,CZ
Lešná,CZ,Prague,CZ
Straubing,DE,Prague,CZ
Vodňany,CZ,Prague,CZ
Rotthalmünster,DE,Prague,CZ
Polzela,SI,Prague,CZ
Roztoka,PL,Prague,CZ
Niederhollabrunn,AT,Prague,CZ
Voderady,SK,Prague,CZ
Neuötting,DE,Prague,CZ
Kirchham,DE,Prague,CZ
Bunetice,SK,Prague,CZ
Szombathely,HU,Prague,CZ
Frauenau,DE,Prague,CZ
Partizánske,SK,Prague,CZ
Enzersfeld,AT,Prague,CZ
Pocking,DE,Prague,CZ
Přerov,CZ,Prague,CZ
Kysucké Nové Mesto,SK,Prague,CZ
Ig,SI,Prague,CZ
Globasnitz,AT,Prague,CZ
Voitsberg,AT,Prague,CZ
Gmina Domaniów,PL,Prague,CZ
Nelahozeves,CZ,Prague,CZ
Krupka,CZ,Prague,CZ
Nobitz,DE,Prague,CZ
Děčín,CZ,Prague,CZ
Krásná Lípa,CZ,Prague,CZ
Unterhaching,DE,Prague,CZ
Nové Město pod Smrkem,CZ,Prague,CZ
Bad Dürrenberg,DE,Prague,CZ
Svätoplukovo,SK,Prague,CZ
Mořkov,CZ,Prague,CZ
Mirotice,CZ,Prague,CZ
Lučenec,SK,Prague,CZ
Stadt Wehlen,DE,Prague,CZ
Neugersdorf,DE,Prague,CZ
Zdar,CZ,Prague,CZ
Laaben,AT,Prague,CZ
Nováky,SK,Prague,CZ
Selb,DE,Prague,CZ
Hohenthann,DE,Prague,CZ
Bielany Wrocławskie,PL,Prague,CZ
Oberwart,AT,Prague,CZ
Mostkovice,CZ,Prague,CZ
Taxenbach,AT,Prague,CZ
Mürzzuschlag,AT,Prague,CZ
Gschwandt,AT,Prague,CZ
Zagersdorf,AT,Prague,CZ
Münchenbernsdorf,DE,Prague,CZ
Rawicz,PL,Prague,CZ
Herrnhut,DE,Prague,CZ
Zwönitz,DE,Prague,CZ
Rychvald,CZ,Prague,CZ
Wiesen,AT,Prague,CZ
Šmartno v Rožni dolini,SI,Prague,CZ
Želeč,CZ,Prague,CZ
Völkermarkt,AT,Prague,CZ
Oborniki Śląskie,PL,Prague,CZ
Bzenec,CZ,Prague,CZ
Fryštát,CZ,Prague,CZ
Passau,DE,Prague,CZ
Marienberg,DE,Prague,CZ
Eibesthal,AT,Prague,CZ
Vámosszabadi,HU,Prague,CZ
Paskov,CZ,Prague,CZ
Jílové,CZ,Prague,CZ
Wilthen,DE,Prague,CZ
Kilb,AT,Prague,CZ
Innermanzing,AT,Prague,CZ
Nysa,PL,Prague,CZ
Kumberg,AT,Prague,CZ
Gablitz,AT,Prague,CZ
Rovensko pod Troskami,CZ,Prague,CZ
Neudörfl,AT,Prague,CZ
Kroměříž,CZ,Prague,CZ
Sankt Nikolai im Sausal,AT,Prague,CZ
Schneeberg,DE,Prague,CZ
Velké Popovice,CZ,Prague,CZ
Rothenburg,DE,Prague,CZ
Obertaufkirchen,DE,Prague,CZ
Lutynia,PL,Prague,CZ
Luhačovice,CZ,Prague,CZ
Nejdek,CZ,Prague,CZ
Štěpánov,CZ,Prague,CZ
Stara Iwiczna,PL,Prague,CZ
Legnickie Pole,PL,Prague,CZ
Haag in Oberbayern,DE,Prague,CZ
Mallersdorf-Pfaffenberg,DE,Prague,CZ
Uherský Ostroh,CZ,Prague,CZ
Mrozów,PL,Prague,CZ
Liběchov,CZ,Prague,CZ
Lipůvka,CZ,Prague,CZ
Wadlew,PL,Prague,CZ
Frauenstein,AT,Prague,CZ
Pannonhalma,HU,Prague,CZ
Nová Dubnica,SK,Prague,CZ
Nová Ves,CZ,Prague,CZ
Szczyrk,PL,Prague,CZ
Rauris,AT,Prague,CZ
Jawczyce,PL,Prague,CZ
Gummersbach,DE,Prague,CZ
Ober-Grafendorf,AT,Prague,CZ
Gbely,SK,Prague,CZ
Orlová,CZ,Prague,CZ
Ochodnica,SK,Prague,CZ
Zellerndorf,AT,Prague,CZ
Ipsheim,DE,Prague,CZ
Sankt Peter am Ottersbach,AT,Prague,CZ
Sološnica,SK,Prague,CZ
Milíkov,CZ,Prague,CZ
Nezvěstice,CZ,Prague,CZ
Hohndorf,DE,Prague,CZ
Törökbálint,HU,Prague,CZ
Veltrusy,CZ,Prague,CZ
Pohranice,SK,Prague,CZ
Mondsee,AT,Prague,CZ
Üröm,HU,Prague,CZ
Wals,AT,Prague,CZ
Devínska Nová Ves,SK,Prague,CZ
Struppen,DE,Prague,CZ
Bernolákovo,SK,Prague,CZ
Střížkov,CZ,Prague,CZ
Opava,CZ,Prague,CZ
Heldenstein,DE,Prague,CZ
Spodnji Duplek,SI,Prague,CZ
Petřvald,CZ,Prague,CZ
Leoben,AT,Prague,CZ
Bautzen,DE,Prague,CZ
Niederhausen,DE,Prague,CZ
Humenné,SK,Prague,CZ
Ebnath,DE,Prague,CZ
Grimma,DE,Prague,CZ
Bílina,CZ,Prague,CZ
Vilshofen,DE,Prague,CZ
Kamenný Újezd,CZ,Prague,CZ
Destrnik,SI,Prague,CZ
Wang,AT,Prague,CZ
Kőszeg,HU,Prague,CZ
Bad Waltersdorf,AT,Prague,CZ
Győr,HU,Prague,CZ
Maria Lankowitz,AT,Prague,CZ
Raaba,AT,Prague,CZ
Säusenstein,AT,Prague,CZ
Gaming,AT,Prague,CZ
Cheb,CZ,Prague,CZ
Votice,CZ,Prague,CZ
Gorica pri Slivnici,SI,Prague,CZ
Strassham,AT,Prague,CZ
Neumarkt im Hausruckkreis,AT,Prague,CZ
Zvolen,SK,Prague,CZ
Obercunnersdorf,DE,Prague,CZ
Boguszów-Gorce,PL,Prague,CZ
Horní Kruty,CZ,Prague,CZ
Kőröshegy,HU,Prague,CZ
Kolárovo,SK,Prague,CZ
Marienheide,DE,Prague,CZ
Slapy,CZ,Prague,CZ
Bohdanovce nad Trnavou,SK,Prague,CZ
Tainach,AT,Prague,CZ
Manching,DE,Prague,CZ
Budmerice,SK,Prague,CZ
Otrokovice,CZ,Prague,CZ
Lienz,AT,Prague,CZ
Stützengrün,DE,Prague,CZ
Feuersbrunn,AT,Prague,CZ
Melk,AT,Prague,CZ
Pillichsdorf,AT,Prague,CZ
Jawor,PL,Prague,CZ
Lengefeld,DE,Prague,CZ
Rudniki,PL,Prague,CZ
Proleb,AT,Prague,CZ
Weitra,AT,Prague,CZ
Frontenhausen,DE,Prague,CZ
Ratiboř,CZ,Prague,CZ
Ergolding,DE,Prague,CZ
Pucking,AT,Prague,CZ
Leipzig,DE,Prague,CZ
Borkovice,CZ,Prague,CZ
Hainichen,DE,Prague,CZ
Spielberg bei Knittelfeld,AT,Prague,CZ
Neratovice,CZ,Prague,CZ
Emersacker,DE,Prague,CZ
Lisková,SK,Prague,CZ
Kirchberg am Wagram,AT,Prague,CZ
Wimsheim,DE,Prague,CZ
Kaulsdorf,DE,Prague,CZ
Cvikov,CZ,Prague,CZ
Klatovy,CZ,Prague,CZ
Svor,CZ,Prague,CZ
Sulzbach-Rosenberg,DE,Prague,CZ
Horní Suchá,CZ,Prague,CZ
Lenešice,CZ,Prague,CZ
Eschenbach in der Oberpfalz,DE,Prague,CZ
Freilassing,DE,Prague,CZ
Heiligenstadt,DE,Prague,CZ
Asperhofen,AT,Prague,CZ
Riesa,DE,Prague,CZ
Horky,CZ,Prague,CZ
Smečno,CZ,Prague,CZ
Lieboch,AT,Prague,CZ
Bisamberg,AT,Prague,CZ
Doksy,CZ,Prague,CZ
Bílovice nad Svitavou,CZ,Prague,CZ
Radošovce,SK,Prague,CZ
Werfenweng,AT,Prague,CZ
Brodek u Přerova,CZ,Prague,CZ
Babno Polje,SI,Prague,CZ
Ružomberok,SK,Prague,CZ
Velké Opatovice,CZ,Prague,CZ
Judendorf,AT,Prague,CZ
Kraluv Dvur,CZ,Prague,CZ
Chrást,CZ,Prague,CZ
Burglengenfeld,DE,Prague,CZ
Dobkovičky,CZ,Prague,CZ
Keutschach am See,AT,Prague,CZ
Jahnsdorf,DE,Prague,CZ
Osek,CZ,Prague,CZ
Riegersburg,AT,Prague,CZ
Lannach,AT,Prague,CZ
Droyßig,DE,Prague,CZ
Birkfeld,AT,Prague,CZ
Praha 11,CZ,Prague,CZ
Brunn am Gebirge,AT,Prague,CZ
Kodersdorf,DE,Prague,CZ
Týnec,CZ,Prague,CZ
Maria Schmolln,AT,Prague,CZ
Nová Ves nad Váhom,SK,Prague,CZ
Markt Schwaben,DE,Prague,CZ
Meuselwitz,DE,Prague,CZ
Simbach am Inn,DE,Prague,CZ
Perg,AT,Prague,CZ
Tachov,CZ,Prague,CZ
Nossen,DE,Prague,CZ
Unhošť,CZ,Prague,CZ
Falkenstein,DE,Prague,CZ
Pinsdorf,AT,Prague,CZ
Mělník,CZ,Prague,CZ
Selec,SK,Prague,CZ
Kulmbach,DE,Prague,CZ
Švošov,SK,Prague,CZ
Krzywiec,PL,Prague,CZ
Rousínov,CZ,Prague,CZ
Sierning,AT,Prague,CZ
Třebenice,CZ,Prague,CZ
Dippoldiswalde,DE,Prague,CZ
Krhanice,CZ,Prague,CZ
Libušín,CZ,Prague,CZ
Behamberg,AT,Prague,CZ
Seekirchen am Wallersee,AT,Prague,CZ
Keszthely,HU,Prague,CZ
Babindol,SK,Prague,CZ
Topoľčany,SK,Prague,CZ
Au an der Donau,AT,Prague,CZ
Freital,DE,Prague,CZ
Kralupy nad Vltavou,CZ,Prague,CZ
Bad Lauchstädt,DE,Prague,CZ
Redlham,AT,Prague,CZ
Vítkov,CZ,Prague,CZ
Flossenbürg,DE,Prague,CZ
Sankt Martin an der Raab,AT,Prague,CZ
Wabelsdorf,AT,Prague,CZ
Mauthausen,AT,Prague,CZ
Liberec,CZ,Prague,CZ
Somogyzsitfa,HU,Prague,CZ
Rožnov pod Radhoštěm,CZ,Prague,CZ
Netzschkau,DE,Prague,CZ
Borovce,SK,Prague,CZ
Werndorf,AT,Prague,CZ
Ivanka pri Dunaji,SK,Prague,CZ
Kubschütz,DE,Prague,CZ
Maków Podhalański,PL,Prague,CZ
Mihályi,HU,Prague,CZ
Veľké Brestovany,SK,Prague,CZ
Ptení,CZ,Prague,CZ
Jihlava,CZ,Prague,CZ
Sankt Georgen am Ybbsfelde,AT,Prague,CZ
Rain,DE,Prague,CZ
Leutershausen,DE,Prague,CZ
Oberschützen,AT,Prague,CZ
Kistelek,HU,Prague,CZ
Lipsko,PL,Prague,CZ
Mietków,PL,Prague,CZ
Česká Lípa,CZ,Prague,CZ
Petrovice u Karviné,CZ,Prague,CZ
Prackenbach,DE,Prague,CZ
Wörschach,AT,Prague,CZ
Libčeves,CZ,Prague,CZ
Hofkirchen an der Trattnach,AT,Prague,CZ
Čakovičky,CZ,Prague,CZ
Lugau,DE,Prague,CZ
Vřesovice,CZ,Prague,CZ
Mladá Boleslav,CZ,Prague,CZ
Maribor,SI,Prague,CZ
Marienfeld,DE,Prague,CZ
Kostelec nad Černými Lesy,CZ,Prague,CZ
Opatovice nad Labem,CZ,Prague,CZ
Wiesau,DE,Prague,CZ
Hermsdorf,DE,Prague,CZ
Vizovice,CZ,Prague,CZ
Ústí nad Labem,CZ,Prague,CZ
Ostravice,CZ,Prague,CZ
Ysper,AT,Prague,CZ
Jelenia Góra,PL,Prague,CZ
Suchá nad Parnou,SK,Prague,CZ
Česká Třebová,CZ,Prague,CZ
Vamberk,CZ,Prague,CZ
Gunskirchen,AT,Prague,CZ
Bad Köstritz,DE,Prague,CZ
Veitsch,AT,Prague,CZ
Wiener Neudorf,AT,Prague,CZ
Texing,AT,Prague,CZ
Ringelai,DE,Prague,CZ
Łozina,PL,Prague,CZ
Nový Bor,CZ,Prague,CZ
Štore,SI,Prague,CZ
Frasdorf,DE,Prague,CZ
St. Oswald,AT,Prague,CZ
Laxenburg,AT,Prague,CZ
Göda,DE,Prague,CZ
Nittenau,DE,Prague,CZ
Telfs,AT,Prague,CZ
Waldsassen,DE,Prague,CZ
Unterpremstätten,AT,Prague,CZ
Bad Kötzting,DE,Prague,CZ
Allentsteig,AT,Prague,CZ
Olomouc,CZ,Prague,CZ
Aue,DE,Prague,CZ
Mittweida,DE,Prague,CZ
Semily,CZ,Prague,CZ
Berchtesgaden,DE,Prague,CZ
Pernegg an der Mur,AT,Prague,CZ
Poggersdorf,AT,Prague,CZ
Grafenwöhr,DE,Prague,CZ
Taufkirchen,DE,Prague,CZ
Gryfów Śląski,PL,Prague,CZ
Köfering,DE,Prague,CZ
Žilina,SK,Prague,CZ
Rehau,DE,Prague,CZ
Leopoldsdorf,AT,Prague,CZ
Dolní Dobrouč,CZ,Prague,CZ
Bohušovice nad Ohří,CZ,Prague,CZ
Kindberg,AT,Prague,CZ
Senica,SK,Prague,CZ
Břidličná,CZ,Prague,CZ
Schleiz,DE,Prague,CZ
Šimonovice,CZ,Prague,CZ
Ostrava,CZ,Prague,CZ
Speichersdorf,DE,Prague,CZ
Neustadtl-Markt,AT,Prague,CZ
Saxen,AT,Prague,CZ
Pohořelice,CZ,Prague,CZ
Zalakaros,HU,Prague,CZ
Dobročovice,CZ,Prague,CZ
Donawitz,AT,Prague,CZ
Moravská Třebová,CZ,Prague,CZ
Gefell,DE,Prague,CZ
Glanegg,AT,Prague,CZ
Nová Baňa,SK,Prague,CZ
Vyhne,SK,Prague,CZ
Praha 22,CZ,Prague,CZ
Herzogenburg,AT,Prague,CZ
Pinggau,AT,Prague,CZ
Přeštice,CZ,Prague,CZ
Steinbrunn,AT,Prague,CZ
Pommelsbrunn,DE,Prague,CZ
Šamorín,SK,Prague,CZ
Kunratice,CZ,Prague,CZ
Lassnitzhöhe,AT,Prague,CZ
Mattighofen,AT,Prague,CZ
Triftern,DE,Prague,CZ
Schärding,AT,Prague,CZ
Bischofswerda,DE,Prague,CZ
Poděbrady,CZ,Prague,CZ
Hohenschambach,DE,Prague,CZ
Trnovska Vas,SI,Prague,CZ
Kollnburg,DE,Prague,CZ
Tworóg,PL,Prague,CZ
Kapfenberg,AT,Prague,CZ
Wunsiedel,DE,Prague,CZ
Bantice,CZ,Prague,CZ
Langenzersdorf,AT,Prague,CZ
Gleinstätten,AT,Prague,CZ
Königswiesen,AT,Prague,CZ
Bojkovice,CZ,Prague,CZ
Havířov,CZ,Prague,CZ
Bruck an der Mur,AT,Prague,CZ
Sankt Veit an der Gölsen,AT,Prague,CZ
Zschorlau,DE,Prague,CZ
Venningen,DE,Prague,CZ
Gföhl,AT,Prague,CZ
Plumlov,CZ,Prague,CZ
Strasshof an der Nordbahn,AT,Prague,CZ
Hohenwarth,AT,Prague,CZ
Rimsting,DE,Prague,CZ
Novosedlice,CZ,Prague,CZ
Sedliště,CZ,Prague,CZ
Sirnitz,AT,Prague,CZ
Traunstein,DE,Prague,CZ
Náchod,CZ,Prague,CZ
Trofaiach,AT,Prague,CZ
Mödling,AT,Prague,CZ
Doblbach,AT,Prague,CZ
Himmelberg,AT,Prague,CZ
Ruhmannsfelden,DE,Prague,CZ
Králíky,CZ,Prague,CZ
Gallneukirchen,AT,Prague,CZ
Wördern,AT,Prague,CZ
Feldkirchen in Kärnten,AT,Prague,CZ
Waldheim,DE,Prague,CZ
Vyškov,CZ,Prague,CZ
Roztoky,CZ,Prague,CZ
Rydzyna,PL,Prague,CZ
Kamienna Góra,PL,Prague,CZ
Waidhofen an der Ybbs,AT,Prague,CZ
Markersdorf,DE,Prague,CZ
Prostějov,CZ,Prague,CZ
Adlkofen,DE,Prague,CZ
Kostomlaty nad Labem,CZ,Prague,CZ
Pressath,DE,Prague,CZ
Náměšť nad Oslavou,CZ,Prague,CZ
Treffen,AT,Prague,CZ
Wernberg,AT,Prague,CZ
Tôň,SK,Prague,CZ
Sternberk,CZ,Prague,CZ
Glashütte,DE,Prague,CZ
Sandl,AT,Prague,CZ
Wöllersdorf,AT,Prague,CZ
Přelouč,CZ,Prague,CZ
Litzelsdorf,AT,Prague,CZ
Hranice,CZ,Prague,CZ
Poprad,SK,Prague,CZ
Krobia,PL,Prague,CZ
Regau,AT,Prague,CZ
Kouřim,CZ,Prague,CZ
Kladno,CZ,Prague,CZ
Waldhufen,DE,Prague,CZ
Laa an der Thaya,AT,Prague,CZ
Pulsnitz,DE,Prague,CZ
Eferding,AT,Prague,CZ
Bernburg,DE,Prague,CZ
San Salvador de Jujuy,AR,Santiago,CL
Buin,CL,Santiago,CL
El Bolsón,AR,Santiago,CL
Germania,AR,Santiago,CL
Río Gallegos,AR,Santiago,CL
Luján de Cuyo,AR,Santiago,CL
Port Montt,CL,Santiago,CL
San Miguel de Tucumán,AR,Santiago,CL
Ingeniero Gustavo André,AR,Santiago,CL
San Nicolás de los Arroyos,AR,Santiago,CL
Chimbas,AR,Santiago,CL
28 de Noviembre,AR,Santiago,CL
Deán Funes,AR,Santiago,CL
Campo Quijano,AR,Santiago,CL
Bariloche,AR,Santiago,CL
Canals,AR,Santiago,CL
Coquimbo,CL,Santiago,CL
Monte Comán,AR,Santiago,CL
Las Golondrinas,AR,Santiago,CL
Libertador General San Martín,AR,Santiago,CL
Córdoba,AR,Santiago,CL
Río Ceballos,AR,Santiago,CL
Iquique,CL,Santiago,CL
Santa María,AR,Santiago,CL
Monterrico,AR,Santiago,CL
Santa Cruz,CL,Santiago,CL
General Mosconi,AR,Santiago,CL
El Maitén,AR,Santiago,CL
El Carmen,AR,Santiago,CL
Ingeniero Forres,AR,Santiago,CL
Buenos Aires,AR,Santiago,CL
Pocito,AR,Santiago,CL
Antofagasta,CL,Santiago,CL
Benito Juárez,AR,Santiago,CL
Tafí Viejo,AR,Santiago,CL
Fraile Pintado,AR,Santiago,CL
Rosario,AR,Santiago,CL
Alderetes,AR,Santiago,CL
Pasteur,AR,Santiago,CL
Ranchillos,AR,Santiago,CL
Lonquén,CL,Santiago,CL
Orán,AR,Santiago,CL
Banda del Río Salí,AR,Santiago,CL
La Florida,CL,Santiago,CL
Villa Cura Brochero,AR,Santiago,CL
Juan Bautista Alberdi,AR,Santiago,CL
Coihueco,AR,Santiago,CL
Curepto,CL,Santiago,CL
Daireaux,AR,Santiago,CL
Pico Truncado,AR,Santiago,CL
Curanilahue,CL,Santiago,CL
San Juan,AR,Santiago,CL
Pozo Almonte,CL,Santiago,CL
Catriel,AR,Santiago,CL
San Fernando,CL,Santiago,CL
El Charco,AR,Santiago,CL
Neuquén,AR,Santiago,CL
San Martín de los Andes,AR,Santiago,CL
Vilmer,AR,Santiago,CL
Embarcación,AR,Santiago,CL
Arica,CL,Santiago,CL
Río Mayo,AR,Santiago,CL
La Merced,AR,Santiago,CL
Santiago Apóstol,CO,Santiago,CL
Pucón,CL,Santiago,CL
Hinojo,AR,Santiago,CL
Villa San Martín,AR,Santiago,CL
Coronel,CL,Santiago,CL
Providencia,CL,Santiago,CL
Jardín América,AR,Santiago,CL
Ingeniero Luis A. Huergo,AR,Santiago,CL
Tartagal,AR,Santiago,CL
Quilicura,CL,Santiago,CL
Camarones,AR,Santiago,CL
Confluencia,AR,Santiago,CL
Sumalao,AR,Santiago,CL
Maipú,CL,Santiago,CL
Victorica,AR,Santiago,CL
Alto Hospicio,CL,Santiago,CL
Macul,CL,Santiago,CL
Dudignac,AR,Santiago,CL
Coronel Juan Solá,AR,Santiago,CL
San Antonio,CL,Santiago,CL
Rauch,AR,Santiago,CL
La Matanza,AR,Santiago,CL
Puchuncaví,CL,Santiago,CL
Concón,CL,Santiago,CL
Vaqueros,AR,Santiago,CL
Puente Alto,CL,Santiago,CL
Concepción,AR,Santiago,CL
San Bernardo,CL,Santiago,CL
Trevelin,AR,Santiago,CL
Jacinto Aráuz,AR,Santiago,CL
Choele Choel,AR,Santiago,CL
El Jardín,AR,Santiago,CL
Carpintería,AR,Santiago,CL
Algarrobo del Águila,AR,Santiago,CL
San Luis,AR,Santiago,CL
Vicuña Mackenna,AR,Santiago,CL
Valle de Anisacate,AR,Santiago,CL
General Pico,AR,Santiago,CL
Nancagua,CL,Santiago,CL
Huechuraba,CL,Santiago,CL
Alta Gracia,AR,Santiago,CL
Villa Carlos Paz,AR,Santiago,CL
Independencia,CL,Santiago,CL
Frutillar Alto,CL,Santiago,CL
Plaza Huincul,AR,Santiago,CL
Hualañe,CL,Santiago,CL
Cafayate,AR,Santiago,CL
Vitacura,CL,Santiago,CL
Lucas González,AR,Santiago,CL
Quillota,CL,Santiago,CL
Villa La Angostura,AR,Santiago,CL
Catamarca,AR,Santiago,CL
Estación Colina,CL,Santiago,CL
La Plata,AR,Santiago,CL
Chamical,AR,Santiago,CL
Pergamino,AR,Santiago,CL
San Pedro de Jujuy,AR,Santiago,CL
Zapallar,CL,Santiago,CL
San Pedro de Colalao,AR,Santiago,CL
Barrancas,AR,Santiago,CL
Saldán,AR,Santiago,CL
Comandante Luis Piedrabuena,AR,Santiago,CL
La Serena,CL,Santiago,CL
Costa de Araujo,AR,Santiago,CL
Cerro Radal,AR,Santiago,CL
La Calera,AR,Santiago,CL
Lozano,AR,Santiago,CL
Caleta Olivia,AR,Santiago,CL
San José de Metán,AR,Santiago,CL
Castaño Nuevo,AR,Santiago,CL
Quemú Quemú,AR,Santiago,CL
Villa Aberastain,AR,Santiago,CL
Las Condes,CL,Santiago,CL
Reñaca Alto,CL,Santiago,CL
Palpalá,AR,Santiago,CL
La Cocha,AR,Santiago,CL
Santa María de Punilla,AR,Santiago,CL
San Martín,AR,Santiago,CL
La Barrancosa,AR,Santiago,CL
Gobernador Costa,AR,Santiago,CL
Salta,AR,Santiago,CL
Villa Tulumaya,AR,Santiago,CL
Mina Clavero,AR,Santiago,CL
Santiago,CL,Santiago,CL
Pichilemu,CL,Santiago,CL
Quilpué,CL,Santiago,CL
Constitución,CL,Santiago,CL
Bernal,AR,Santiago,CL
Rada Tilly,AR,Santiago,CL
Tunuyán,AR,Santiago,CL
Rancagua,CL,Santiago,CL
Capitán Cáceres,AR,Santiago,CL
Tafí del Valle,AR,Santiago,CL
Villa Nueva,AR,Santiago,CL
Viña del Mar,CL,Santiago,CL
Quinta Normal,CL,Santiago,CL
Ingeniero Jacobacci,AR,Santiago,CL
Pica,CL,Santiago,CL
La Cisterna,CL,Santiago,CL
General Fernández Oro,AR,Santiago,CL
San Antonio de los Cobres,AR,Santiago,CL
Villa del Totoral,AR,Santiago,CL
Real del Padre,AR,Santiago,CL
Santiago del Estero,AR,Santiago,CL
Osorno,CL,Santiago,CL
Valparaíso,CL,Santiago,CL
Ñuñoa,CL,Santiago,CL
Colonia López,AR,Santiago,CL
Lo Barnechea,CL,Santiago,CL
Rengo,CL,Santiago,CL
Las Lajitas,AR,Santiago,CL
La Reina,CL,Santiago,CL
Temuco,CL,Santiago,CL
Américo Brasiliense,BR,Sao Paulo,BR
Nova Europa,BR,Sao Paulo,BR
Jaboatão dos Guararapes,BR,Sao Paulo,BR
Uberaba,BR,Sao Paulo,BR
Rancharia,BR,Sao Paulo,BR
Palmas,BR,Sao Paulo,BR
Araçariguama,BR,Sao Paulo,BR
São Bernardo do Campo,BR,Sao Paulo,BR
Monte Mor,BR,Sao Paulo,BR
Cajamar,BR,Sao Paulo,BR
Rio Grande da Serra,BR,Sao Paulo,BR
Sorocaba,BR,Sao Paulo,BR
Jundiaí,BR,Sao Paulo,BR
Barueri,BR,Sao Paulo,BR
Amparo,BR,Sao Paulo,BR
São José do Rio Preto,BR,Sao Paulo,BR
Francisco Morato,BR,Sao Paulo,BR
Atalaia do Norte Municipality,BR,Sao Paulo,BR
Conceição da Feira,BR,Sao Paulo,BR
Recife,BR,Sao Paulo,BR
Arujá,BR,Sao Paulo,BR
Ouro Preto,BR,Sao Paulo,BR
Pedreira,BR,Sao Paulo,BR
Contagem,BR,Sao Paulo,BR
Perdigão,BR,Sao Paulo,BR
Ituiutaba,BR,Sao Paulo,BR
Primavera do Leste,BR,Sao Paulo,BR
João Pessoa,BR,Sao Paulo,BR
Votorantim,BR,Sao Paulo,BR
Limeira,BR,Sao Paulo,BR
Tubarão,BR,Sao Paulo,BR
Petrópolis,BR,Sao Paulo,BR
Rio de Janeiro,BR,Sao Paulo,BR
Santos,BR,Sao Paulo,BR
Cachoeirinha,BR,Sao Paulo,BR
Olinda,BR,Sao Paulo,BR
Engenheiro Coelho,BR,Sao Paulo,BR
Marechal Thaumaturgo Municipality,BR,Sao Paulo,BR
Porto Seguro,BR,Sao Paulo,BR
Canápolis,BR,Sao Paulo,BR
Londrina,BR,Sao Paulo,BR
São Simão,BR,Sao Paulo,BR
Jutaí Municipality,BR,Sao Paulo,BR
Ribeirão Preto,BR,Sao Paulo,BR
São Joaquim da Barra,BR,Sao Paulo,BR
Itu,BR,Sao Paulo,BR
Bragança Paulista,BR,Sao Paulo,BR
Vitória,BR,Sao Paulo,BR
Itupeva,BR,Sao Paulo,BR
Centro,BR,Sao Paulo,BR
Osasco,BR,Sao Paulo,BR
Sao Paulo,BR,Sao Paulo,BR
Jaguariúna,BR,Sao Paulo,BR
Campinas,BR,Sao Paulo,BR
Santa Vitória,BR,Sao Paulo,BR
São José dos Campos,BR,Sao Paulo,BR
Divinópolis,BR,Sao Paulo,BR
São Vicente,BR,Sao Paulo,BR
Macaé,BR,Sao Paulo,BR
Igarapé,BR,Sao Paulo,BR
Urânia,BR,Sao Paulo,BR
Apucarana,BR,Sao Paulo,BR
Uberlândia,BR,Sao Paulo,BR
Brasília,BR,Sao Paulo,BR
Capâo Bonito,BR,Sao Paulo,BR
Araújos,BR,Sao Paulo,BR
Capivari,BR,Sao Paulo,BR
Campo Largo,BR,Sao Paulo,BR
Camaçari,BR,Sao Paulo,BR
São José,BR,Sao Paulo,BR
Itacoatiara,BR,Sao Paulo,BR
São José dos Pinhais,BR,Sao Paulo,BR
Brooklin Paulista,BR,Sao Paulo,BR
Tabatinga,BR,Sao Paulo,BR
Niterói,BR,Sao Paulo,BR
Buritizal,BR,Sao Paulo,BR
Samambaia,BR,Sao Paulo,BR
Alterosa,BR,Sao Paulo,BR
Barretos,BR,Sao Paulo,BR
São Gotardo,BR,Sao Paulo,BR
Joinville,BR,Sao Paulo,BR
Araras,BR,Sao Paulo,BR
Orlândia,BR,Sao Paulo,BR
Almenara,BR,Sao Paulo,BR
São Francisco de Sales,BR,Sao Paulo,BR
Nova Andradina,BR,Sao Paulo,BR
Campina Verde,BR,Sao Paulo,BR
Benjamin Constant Municipality,BR,Sao Paulo,BR
Mauá,BR,Sao Paulo,BR
Ribeirão Pires,BR,Sao Paulo,BR
Cruzeiro,BR,Sao Paulo,BR
Balneário Camboriú,BR,Sao Paulo,BR
Maricá,BR,Sao Paulo,BR
Miguelópolis,BR,Sao Paulo,BR
Araraquara,BR,Sao Paulo,BR
Itajaí,BR,Sao Paulo,BR
Nova Olinda do Norte,BR,Sao Paulo,BR
Colômbia,BR,Sao Paulo,BR
Cosmópolis,BR,Sao Paulo,BR
Jequié,BR,Sao Paulo,BR
Campina Grande,BR,Sao Paulo,BR
Caraguatatuba,BR,Sao Paulo,BR
Sertãozinho,BR,Sao Paulo,BR
Canoas,BR,Sao Paulo,BR
Jandira,BR,Sao Paulo,BR
Pitangui,BR,Sao Paulo,BR
Senador Canedo,BR,Sao Paulo,BR
Mogi das Cruzes,BR,Sao Paulo,BR
Cariacica,BR,Sao Paulo,BR
Santana da Vargem,BR,Sao Paulo,BR
Getúlio Vargas,BR,Sao Paulo,BR
Jaboticabal,BR,Sao Paulo,BR
Batalha,BR,Sao Paulo,BR
Montes Claros,BR,Sao Paulo,BR
Franca,BR,Sao Paulo,BR
Itararé,BR,Sao Paulo,BR
São Luís,BR,Sao Paulo,BR
Iguaí,BR,Sao Paulo,BR
São Francisco do Sul,BR,Sao Paulo,BR
Itabaiana,BR,Sao Paulo,BR
Serra,BR,Sao Paulo,BR
Belo Horizonte,BR,Sao Paulo,BR
São Mateus,BR,Sao Paulo,BR
Siqueira Campos,BR,Sao Paulo,BR
Presidente Olegário,BR,Sao Paulo,BR
São Paulo,BR,Sao Paulo,BR
São Gonçalo,BR,Sao Paulo,BR
Ferraz de Vasconcelos,BR,Sao Paulo,BR
Carapicuíba,BR,Sao Paulo,BR
Petrolina,BR,Sao Paulo,BR
Paulista,BR,Sao Paulo,BR
Peruíbe,BR,Sao Paulo,BR
Taboão da Serra,BR,Sao Paulo,BR
Varginha,BR,Sao Paulo,BR
São Caetano do Sul,BR,Sao Paulo,BR
Miracatu,BR,Sao Paulo,BR
Paracatu,BR,Sao Paulo,BR
Cordeirópolis,BR,Sao Paulo,BR
Guarulhos,BR,Sao Paulo,BR
Guaraci,BR,Sao Paulo,BR
Pindamonhangaba,BR,Sao Paulo,BR
Praia Grande,BR,Sao Paulo,BR
Candeias,BR,Sao Paulo,BR
Brodósqui,BR,Sao Paulo,BR
São Gabriel da Cachoeira Municipality,BR,Sao Paulo,BR
Mogi Mirim,BR,Sao Paulo,BR
Bauru,BR,Sao Paulo,BR
Fortaleza,BR,Sao Paulo,BR
Salto,BR,Sao Paulo,BR
Presidente Prudente,BR,Sao Paulo,BR
Nova Lima,BR,Sao Paulo,BR
Blumenau,BR,Sao Paulo,BR
Centralina,BR,Sao Paulo,BR
Paraisópolis,BR,Sao Paulo,BR
Jardinópolis,BR,Sao Paulo,BR
Aracaju,BR,Sao Paulo,BR
Piracicaba,BR,Sao Paulo,BR
Camamu,BR,Sao Paulo,BR
Cubatão,BR,Sao Paulo,BR
Guarujá,BR,Sao Paulo,BR
Itatiba,BR,Sao Paulo,BR
Natal,BR,Sao Paulo,BR
Suzano,BR,Sao Paulo,BR
Passo Fundo,BR,Sao Paulo,BR
Ourém,BR,Sao Paulo,BR
Avanhandava,BR,Sao Paulo,BR
São Gabriel da Cachoeira,BR,Sao Paulo,BR
Goiânia,BR,Sao Paulo,BR
Diadema,BR,Sao Paulo,BR
Poços de Caldas,BR,Sao Paulo,BR
Aparecida do Taboado,BR,Sao Paulo,BR
Eugenópolis,BR,Sao Paulo,BR
São Sebastião,BR,Sao Paulo,BR
Santana de Parnaíba,BR,Sao Paulo,BR
Camaragibe,BR,Sao Paulo,BR
Paulínia,BR,Sao Paulo,BR
Cotia,BR,Sao Paulo,BR
Adamantina,BR,Sao Paulo,BR
Tatuí,BR,Sao Paulo,BR
Atibaia,BR,Sao Paulo,BR
Vila Velha,BR,Sao Paulo,BR
Buriti Alegre,BR,Sao Paulo,BR
Indaiatuba,BR,Sao Paulo,BR
Santa Luzia,BR,Sao Paulo,BR
Camapuã,BR,Sao Paulo,BR
Palhoça,BR,Sao Paulo,BR
Araguari,BR,Sao Paulo,BR
Teresópolis,BR,Sao Paulo,BR
Nova Serrana,BR,Sao Paulo,BR
Embu das Artes,BR,Sao Paulo,BR
Campos dos Goytacazes,BR,Sao Paulo,BR
Leme,BR,Sao Paulo,BR
São Carlos,BR,Sao Paulo,BR
Itapetininga,BR,Sao Paulo,BR
Salvador,BR,Sao Paulo,BR
João Pinheiro,BR,Sao Paulo,BR
Hortolândia,BR,Sao Paulo,BR
Louveira,BR,Sao Paulo,BR
Conceição das Alagoas,BR,Sao Paulo,BR
Quatro Barras,BR,Sao Paulo,BR
Betim,BR,Sao Paulo,BR
Gandu,BR,Sao Paulo,BR
Curitiba,BR,Sao Paulo,BR
Passos,BR,Sao Paulo,BR
Feira de Santana,BR,Sao Paulo,BR
Santo André,BR,Sao Paulo,BR
Cambuí,BR,Sao Paulo,BR
Maceió,BR,Sao Paulo,BR
Porto Alegre,BR,Sao Paulo,BR
Palmital,BR,Sao Paulo,BR
Bebedouro,BR,Sao Paulo,BR
Frutal,BR,Sao Paulo,BR
Araucária,BR,Sao Paulo,BR
Itapevi,BR,Sao Paulo,BR
Pinhais,BR,Sao Paulo,BR
Juiz de Fora,BR,Sao Paulo,BR
Malang,ID,Singapore,SG
Hanoi,VN,Singapore,SG
Starhill,MY,Singapore,SG
Bogor,ID,Singapore,SG
Sukaraya,ID,Singapore,SG
Phnom Penh,KH,Singapore,SG
Teluk Intan,MY,Singapore,SG
Bayan Lepas,MY,Singapore,SG
Kajang,MY,Singapore,SG
Depok Utara,ID,Singapore,SG
Bandar Seri Begawan,BN,Singapore,SG
Dumai,ID,Singapore,SG
Lhokseumawe,ID,Singapore,SG
Kuala Besut,MY,Singapore,SG
Jasin,MY,Singapore,SG
Pasir Gudang,MY,Singapore,SG
Pontianak,ID,Singapore,SG
Padang,ID,Singapore,SG
Kepong,MY,Singapore,SG
Singapore,SG,Singapore,SG
Tangerang,ID,Singapore,SG
Kuala Selangor,MY,Singapore,SG
Bangsar,MY,Singapore,SG
Jakarta,ID,Singapore,SG
Sungai Siput Utara,MY,Singapore,SG
Jati Padang,ID,Singapore,SG
Medan,ID,Singapore,SG
Sibu,MY,Singapore,SG
Sambas,ID,Singapore,SG
Seri Kembangan,MY,Singapore,SG
Sungai Buloh,MY,Singapore,SG
Kuala Lumpur,MY,Singapore,SG
Ipoh,MY,Singapore,SG
Chemor,MY,Singapore,SG
Setapak,MY,Singapore,SG
Sunway City,MY,Singapore,SG
Gurun,MY,Singapore,SG
Kudus,ID,Singapore,SG
Kuta,ID,Singapore,SG
Ulu Tiram,MY,Singapore,SG
Kampong Kemaman,MY,Singapore,SG
Pekanbaru,ID,Singapore,SG
Negeri Sembilan,MY,Singapore,SG
Makassar,ID,Singapore,SG
Bandung,ID,Singapore,SG
Taman Tun Dr Ismail,MY,Singapore,SG
South Tangerang,ID,Singapore,SG
George Town,MY,Singapore,SG
Tuaran,MY,Singapore,SG
Bestari Jaya,MY,Singapore,SG
Ampang,MY,Singapore,SG
Cakranegara,ID,Singapore,SG
Cimahi,ID,Singapore,SG
Kepala Batas,MY,Singapore,SG
Bemban,MY,Singapore,SG
Kluang,MY,Singapore,SG
Banjarmasin,ID,Singapore,SG
Semenyih,MY,Singapore,SG
Kisaran,ID,Singapore,SG
Hutan Melintang,MY,Singapore,SG
Batu Pahat,MY,Singapore,SG
Kuching,MY,Singapore,SG
Jitra,MY,Singapore,SG
Petaling Jaya,MY,Singapore,SG
Pemangkat,ID,Singapore,SG
Kulim,MY,Singapore,SG
Batam,ID,Singapore,SG
Puchong Batu Dua Belas,MY,Singapore,SG
Keningau,MY,Singapore,SG
Gelang Patah,MY,Singapore,SG
Cyberjaya,MY,Singapore,SG
Cilegon,ID,Singapore,SG
Bandar Lampung,ID,Singapore,SG
Jenjarum,MY,Singapore,SG
Tamparuli,MY,Singapore,SG
Banyumas,ID,Singapore,SG
Parit Raja,MY,Singapore,SG
Bandar Baru Bangi,MY,Singapore,SG
Labuan,MY,Singapore,SG
Malacca,MY,Singapore,SG
Simpang Baru,ID,Singapore,SG
Kampung Baharu Nilai,MY,Singapore,SG
Vientiane,LA,Singapore,SG
Bukit Mertajam,MY,Singapore,SG
Mandalay,MM,Singapore,SG
Masai,MY,Singapore,SG
Johor Bahru,MY,Singapore,SG
Setia Alam,MY,Singapore,SG
Yogyakarta,ID,Singapore,SG
Tampines New Town,SG,Singapore,SG
Butterworth,MY,Singapore,SG
Sarolangun,ID,Singapore,SG
Karachi,PK,Singapore,SG
Mojokerto,ID,Singapore,SG
Hulu Langat,MY,Singapore,SG
Taiping,MY,Singapore,SG
Shah Alam,MY,Singapore,SG
Teriang,MY,Singapore,SG
Port Klang,MY,Singapore,SG
Majalengka,ID,Singapore,SG
Sungai Rambai,MY,Singapore,SG
Bukittinggi,ID,Singapore,SG
Tasek Gelugor,MY,Singapore,SG
Banjarbaru,ID,Singapore,SG
Batu Berendam,MY,Singapore,SG
Bengkalis,ID,Singapore,SG
Seputeh,MY,Singapore,SG
Thimphu,BT,Singapore,SG
Balik Pulau,MY,Singapore,SG
Dukuh Atas,ID,Singapore,SG
Sungai Besi,MY,Singapore,SG
Temerluh,MY,Singapore,SG
Balikpapan,ID,Singapore,SG
Babakan Ciparay,ID,Singapore,SG
Yong Peng,MY,Singapore,SG
Ho Chi Minh City,VN,Singapore,SG
Skudai,MY,Singapore,SG
Mumbai,IN,Singapore,SG
Denpasar,ID,Singapore,SG
Taman Senai,MY,Singapore,SG
Seremban,MY,Singapore,SG
Selekoh,MY,Singapore,SG
Kampung Sitiawan,MY,Singapore,SG
Duri,ID,Singapore,SG
Sleman,ID,Singapore,SG
Semarang,ID,Singapore,SG
Singkil,ID,Singapore,SG
Trongsa,BT,Singapore,SG
Manado,ID,Singapore,SG
Samarinda,ID,Singapore,SG
Subang Jaya,MY,Singapore,SG
Jelutong,MY,Singapore,SG
Kampung Ayer Keroh,MY,Singapore,SG
Rawang,MY,Singapore,SG
Batu Caves,MY,Singapore,SG
Bangi,MY,Singapore,SG
Simpang Renggam,MY,Singapore,SG
Marabu,MY,Singapore,SG
Kota Bharu,MY,Singapore,SG
Enggor,MY,Singapore,SG
Kuala Pilah,MY,Singapore,SG
Klang,MY,Singapore,SG
Bangkok,TH,Singapore,SG
South Kalimantan,ID,Singapore,SG
Sumurboto,ID,Singapore,SG
Kediri,ID,Singapore,SG
Pulau Pinang,MY,Singapore,SG
Parit Buntar,MY,Singapore,SG
Banting,MY,Singapore,SG
Sengeti,ID,Singapore,SG
Tangkak,MY,Singapore,SG
Sri Damansara City,MY,Singapore,SG
Kulai,MY,Singapore,SG
Batu Maung,MY,Singapore,SG
Bontang,ID,Singapore,SG
Tasikmalaya,ID,Singapore,SG
Woodlands,SG,Singapore,SG
Rumah Ambang,MY,Singapore,SG
Tanjung Bungah,MY,Singapore,SG
Port Dickson,MY,Singapore,SG
Pematangsiantar,ID,Singapore,SG
Palembang,ID,Singapore,SG
Payakumbuh,ID,Singapore,SG
Bukit Tengah,MY,Singapore,SG
Kota Kinabalu,MY,Singapore,SG
Pidie,ID,Singapore,SG
Kuala Terengganu,MY,Singapore,SG
Sentul,MY,Singapore,SG
Surakarta,ID,Singapore,SG
Chachoengsao,TH,Singapore,SG
Muar town,MY,Singapore,SG
Sungai Petani,MY,Singapore,SG
Kampung Paya Simpang Empat Genting,MY,Singapore,SG
Bekasi,ID,Singapore,SG
Paya Terubong,MY,Singapore,SG
Brickfields,MY,Singapore,SG
Stabat,ID,Singapore,SG
Kuah,MY,Singapore,SG
Simpang Empat,MY,Singapore,SG
Magelang,ID,Singapore,SG
Iskandar Puteri,MY,Singapore,SG
Kampung Baharu Mantin,MY,Singapore,SG
Kuantan,MY,Singapore,SG
Tapah,MY,Singapore,SG
Taman Prai,MY,Singapore,SG
Asam Kumbang,ID,Singapore,SG
Sepang,MY,Singapore,SG
Phan Thong,TH,Singapore,SG
Surabaya,ID,Singapore,SG
Kota Samarahan,MY,Singapore,SG
Kathmandu,NP,Singapore,SG
Banda Aceh,ID,Singapore,SG
Cameron Highlands,MY,Singapore,SG
Alor Star,MY,Singapore,SG
Teluk Panglima Garang,MY,Singapore,SG
Putrajaya,MY,Singapore,SG
Damansara Heights,MY,Singapore,SG
Bukit Timah Estate,SG,Singapore,SG
Klaten,ID,Singapore,SG
Kota,MY,Singapore,SG
Duri Pulo,ID,Singapore,SG
Seri Iskandar,MY,Singapore,SG
Binjai,ID,Singapore,SG
Sungai Jawi,MY,Singapore,SG
Balş,RO,Sofia,BG
Razgrad,BG,Sofia,BG
Sânmartin,RO,Sofia,BG
Pylaia,GR,Sofia,BG
Păulești,RO,Sofia,BG
Găeşti,RO,Sofia,BG
Malu Spart,RO,Sofia,BG
Cairo,EG,Sofia,BG
Pantelimon,RO,Sofia,BG
Sérvia,GR,Sofia,BG
Criuleni,MD,Sofia,BG
Lumina,RO,Sofia,BG
Arad,RO,Sofia,BG
Oglinzi,RO,Sofia,BG
Lugoj,RO,Sofia,BG
Bivolari,RO,Sofia,BG
Sistov,BG,Sofia,BG
Ştefan cel Mare,RO,Sofia,BG
Slobozia,RO,Sofia,BG
Ciocârlia,RO,Sofia,BG
Golem Papradnik,MK,Sofia,BG
Sopot,BG,Sofia,BG
Râşnov,RO,Sofia,BG
Hărman,RO,Sofia,BG
Velika Plana,RS,Sofia,BG
Kičevo,MK,Sofia,BG
Târgu Jiu,RO,Sofia,BG
Zrnovci,MK,Sofia,BG
Dragomireşti-Vale,RO,Sofia,BG
Sector 3,RO,Sofia,BG
Sector 1,RO,Sofia,BG
Mihail Kogălniceanu,RO,Sofia,BG
Oneşti,RO,Sofia,BG
Alexandru I. Cuza,RO,Sofia,BG
Vouliagméni,GR,Sofia,BG
Ştefan Vodă,MD,Sofia,BG
Ciofliceni,RO,Sofia,BG
Măcin,RO,Sofia,BG
Vanadzor,AM,Sofia,BG
Asenovgrad,BG,Sofia,BG
Orestiáda,GR,Sofia,BG
Chitila,RO,Sofia,BG
Gara Elin Pelin,BG,Sofia,BG
Vidin,BG,Sofia,BG
Malu Mare,RO,Sofia,BG
Întorsura Buzăului,RO,Sofia,BG
Fundulea,RO,Sofia,BG
Pomorie,BG,Sofia,BG
Néa Pélla,GR,Sofia,BG
Corunca,RO,Sofia,BG
Cuza Vodă,RO,Sofia,BG
Jimbolia,RO,Sofia,BG
Lipia,RO,Sofia,BG
Ţăndărei,RO,Sofia,BG
Amara,RO,Sofia,BG
Sîngera,MD,Sofia,BG
Nereju,RO,Sofia,BG
Târgu Bujor,RO,Sofia,BG
Tismana,RO,Sofia,BG
Ghimbav,RO,Sofia,BG
Sebeş,RO,Sofia,BG
Panagyurishte,BG,Sofia,BG
Silistra,BG,Sofia,BG
Pîrîta,MD,Sofia,BG
Gŭlŭbovo,BG,Sofia,BG
Slatina,RO,Sofia,BG
Brăila,RO,Sofia,BG
Cârlig,RO,Sofia,BG
Stara Zagora,BG,Sofia,BG
Avrig,RO,Sofia,BG
Seoul,KR,Sofia,BG
Kalamaria,GR,Sofia,BG
Sânpetru,RO,Sofia,BG
Târgu Ocna,RO,Sofia,BG
Vratsa,BG,Sofia,BG
Baku,AZ,Sofia,BG
Cochirleanca,RO,Sofia,BG
Tămăşeni,RO,Sofia,BG
Vânători-Neamţ,RO,Sofia,BG
Mihăileşti,RO,Sofia,BG
Gârbova,RO,Sofia,BG
Targovishte,BG,Sofia,BG
Snagov,RO,Sofia,BG
Cricova,MD,Sofia,BG
Fieni,RO,Sofia,BG
Campulung Muscel,RO,Sofia,BG
Târgu Secuiesc,RO,Sofia,BG
Karnobat,BG,Sofia,BG
Devin,BG,Sofia,BG
Ţifeşti,RO,Sofia,BG
Lacu Sinaia,RO,Sofia,BG
Uricani,RO,Sofia,BG
Berceni,RO,Sofia,BG
Strazhitsa,BG,Sofia,BG
Popești,RO,Sofia,BG
Capu Piscului,RO,Sofia,BG
Edineţ,MD,Sofia,BG
Deaj,RO,Sofia,BG
Alexandria,RO,Sofia,BG
Cantemir,MD,Sofia,BG
Ploieşti,RO,Sofia,BG
Păuneşti,RO,Sofia,BG
Truşeşti,RO,Sofia,BG
Kazanlak,BG,Sofia,BG
Tâncăbeşti,RO,Sofia,BG
Horezu,RO,Sofia,BG
Vlădiceasca,RO,Sofia,BG
Ablanitsa,BG,Sofia,BG
Crucea,RO,Sofia,BG
Speriețeni,RO,Sofia,BG
Shumen,BG,Sofia,BG
Ljubanci,MK,Sofia,BG
Bansko,BG,Sofia,BG
Mediaş,RO,Sofia,BG
Ohrid,MK,Sofia,BG
Seslav,BG,Sofia,BG
Pieleştí,RO,Sofia,BG
Frasin,RO,Sofia,BG
Peraía,GR,Sofia,BG
Gheorghe Doja,RO,Sofia,BG
Kopanós,GR,Sofia,BG
Radnevo,BG,Sofia,BG
Paşcani,RO,Sofia,BG
Peshtera,BG,Sofia,BG
Montana,BG,Sofia,BG
Olteniţa,RO,Sofia,BG
Tudor Vladimirescu,RO,Sofia,BG
Vasilevo,MK,Sofia,BG
Dobrich,BG,Sofia,BG
Bistriţa,RO,Sofia,BG
Gâdinţi,RO,Sofia,BG
Roșu,RO,Sofia,BG
Smolevo,BG,Sofia,BG
Siátista,GR,Sofia,BG
Muntenii de Sus,RO,Sofia,BG
Săcălaz,RO,Sofia,BG
Nesebar,BG,Sofia,BG
Gherla,RO,Sofia,BG
Cahul,MD,Sofia,BG
Floreşti,RO,Sofia,BG
Amfía,GR,Sofia,BG
Independenţa,RO,Sofia,BG
Zelino,MK,Sofia,BG
Velventós,GR,Sofia,BG
Ocniţa,MD,Sofia,BG
Volos,GR,Sofia,BG
Tărlungeni,RO,Sofia,BG
Tălmaciu,RO,Sofia,BG
Kaloyanovo,BG,Sofia,BG
Niculiţel,RO,Sofia,BG
Rustavi,GE,Sofia,BG
Bor,RS,Sofia,BG
Echínos,GR,Sofia,BG
Ciolpani,RO,Sofia,BG
Apahida,RO,Sofia,BG
Tearce,MK,Sofia,BG
Brasov,RO,Sofia,BG
Valu lui Traian,RO,Sofia,BG
Myrina,GR,Sofia,BG
Iași,RO,Sofia,BG
Rupea,RO,Sofia,BG
Varniţa,MD,Sofia,BG
Gusla,BG,Sofia,BG
Vivlos,GR,Sofia,BG
Dupnitsa,BG,Sofia,BG
San Vito dei Normanni,IT,Sofia,BG
Redișoara,RO,Sofia,BG
Moieciu de Jos,RO,Sofia,BG
Saint Vlas,BG,Sofia,BG
Antalya,TR,Sofia,BG
Păuleşti,RO,Sofia,BG
Provadia,BG,Sofia,BG
Hârşova,RO,Sofia,BG
Dimitrovgrad,BG,Sofia,BG
Batinci,MK,Sofia,BG
Kabul,AF,Sofia,BG
Korçë,AL,Sofia,BG
Troyan Municipality,BG,Sofia,BG
Byala,BG,Sofia,BG
Sânnicolau Mare,RO,Sofia,BG
Ćuprija,RS,Sofia,BG
Frânceşti,RO,Sofia,BG
Tunari,RO,Sofia,BG
Caransebeş,RO,Sofia,BG
Evosmos,GR,Sofia,BG
Pavlikeni,BG,Sofia,BG
Luduş,RO,Sofia,BG
Vienna,AT,Sofia,BG
Valea Cotești,RO,Sofia,BG
Velingrad,BG,Sofia,BG
Bucşani,RO,Sofia,BG
Golenci,BG,Sofia,BG
Chisinau,MD,Sofia,BG
Sighetu Marmaţiei,RO,Sofia,BG
Comarnic,RO,Sofia,BG
Thessaloniki,GR,Sofia,BG
Giurgiu,RO,Sofia,BG
Videle,RO,Sofia,BG
Niš,RS,Sofia,BG
Panciu,RO,Sofia,BG
Ialoveni,MD,Sofia,BG
Roma,RO,Sofia,BG
Plopeni,RO,Sofia,BG
Debar,MK,Sofia,BG
Yerevan,AM,Sofia,BG
Nisporeni,MD,Sofia,BG
Zarnesti,RO,Sofia,BG
Siliștea Snagovului,RO,Sofia,BG
Florești,RO,Sofia,BG
Frumoasa,RO,Sofia,BG
Călăraşi,MD,Sofia,BG
Lovech,BG,Sofia,BG
Sector 4,RO,Sofia,BG
Aytos,BG,Sofia,BG
Vulcăneşti,MD,Sofia,BG
Târgovişte,RO,Sofia,BG
Ghinești,RO,Sofia,BG
Babadag,RO,Sofia,BG
Isperih,BG,Sofia,BG
Durleşti,MD,Sofia,BG
Voluntari,RO,Sofia,BG
Rodna,RO,Sofia,BG
Tulcea,RO,Sofia,BG
Dorohoi,RO,Sofia,BG
Topraisar,RO,Sofia,BG
Bărcăneşti,RO,Sofia,BG
Andrăşeşti,RO,Sofia,BG
Galati,RO,Sofia,BG
Zelenodolsk,UA,Sofia,BG
Novi Sad,RS,Sofia,BG
Jilava,RO,Sofia,BG
Balintești,RO,Sofia,BG
Letea Veche,RO,Sofia,BG
Demir Hisar,MK,Sofia,BG
Pipirig,RO,Sofia,BG
Florina,GR,Sofia,BG
Sfântu Gheorghe,RO,Sofia,BG
Sinaia,RO,Sofia,BG
Amfilochía,GR,Sofia,BG
Iveşti,RO,Sofia,BG
Sector 6,RO,Sofia,BG
Ankara,TR,Sofia,BG
Sibiu,RO,Sofia,BG
Veliko Tarnovo,BG,Sofia,BG
Tirana,AL,Sofia,BG
Sector 5,RO,Sofia,BG
Tervel Municipality,BG,Sofia,BG
Caracal,RO,Sofia,BG
Răcăciuni,RO,Sofia,BG
Kopteró,GR,Sofia,BG
Dragomirești-Deal,RO,Sofia,BG
Cajvana,RO,Sofia,BG
Svilengrad,BG,Sofia,BG
Skopje,MK,Sofia,BG
Pleven,BG,Sofia,BG
Turnu Măgurele,RO,Sofia,BG
Chiajna,RO,Sofia,BG
Baloteşti,RO,Sofia,BG
Dospat,BG,Sofia,BG
Kozloduy,BG,Sofia,BG
Tetovo,MK,Sofia,BG
Vergina,GR,Sofia,BG
Brvenica,MK,Sofia,BG
Cluj-Napoca,RO,Sofia,BG
Veles,MK,Sofia,BG
Botoșani,RO,Sofia,BG
Altunizade,TR,Sofia,BG
Suceava,RO,Sofia,BG
Varna,BG,Sofia,BG
Drobeta-Turnu Severin,RO,Sofia,BG
Urziceni,RO,Sofia,BG
Țolici,RO,Sofia,BG
Razlog,BG,Sofia,BG
Strumica,MK,Sofia,BG
Miloşeşti,RO,Sofia,BG
Cresevo,MK,Sofia,BG
Vidra,RO,Sofia,BG
Gugeşti,RO,Sofia,BG
Slănic-Moldova,RO,Sofia,BG
Sunny Beach,BG,Sofia,BG
Bujoreni,RO,Sofia,BG
Cernavodă,RO,Sofia,BG
Iaslovăț,RO,Sofia,BG
Crețești,RO,Sofia,BG
Vaslui,RO,Sofia,BG
Dulovo,BG,Sofia,BG
Batumi,GE,Sofia,BG
Kutaisi,GE,Sofia,BG
Glodzhevo,BG,Sofia,BG
Techirghiol,RO,Sofia,BG
Mârşa,RO,Sofia,BG
Bicaz,RO,Sofia,BG
Bârsana,RO,Sofia,BG
Thassos,GR,Sofia,BG
Probistip,MK,Sofia,BG
Sliven,BG,Sofia,BG
Bozhurishte,BG,Sofia,BG
Turda,RO,Sofia,BG
Yambol,BG,Sofia,BG
Guildford,GB,Sofia,BG
Cojasca,RO,Sofia,BG
Irakleia,GR,Sofia,BG
Săveni,RO,Sofia,BG
Deva,RO,Sofia,BG
Rousse,BG,Sofia,BG
Târnăveni,RO,Sofia,BG
Buzău,RO,Sofia,BG
Perişoru,RO,Sofia,BG
Sevlievo,BG,Sofia,BG
Petroşani,RO,Sofia,BG
Zagăr,RO,Sofia,BG
Mogila,MK,Sofia,BG
Dryanovo,BG,Sofia,BG
Stepantsminda,GE,Sofia,BG
Focşani,RO,Sofia,BG
Şoldăneşti,MD,Sofia,BG
Gura Şuţii,RO,Sofia,BG
Sápes,GR,Sofia,BG
Periş,RO,Sofia,BG
Agigea,RO,Sofia,BG
Abovyan,AM,Sofia,BG
Bacau,RO,Sofia,BG
Lupeni,RO,Sofia,BG
Domnești,RO,Sofia,BG
Dragalina,RO,Sofia,BG
Moviliţa,RO,Sofia,BG
Tecuci,RO,Sofia,BG
Băneasa,RO,Sofia,BG
Păuleștii Noi,RO,Sofia,BG
Gjorče Petro,MK,Sofia,BG
Sânpaul,RO,Sofia,BG
Lugojel,RO,Sofia,BG
Timișoara,RO,Sofia,BG
Zemen,BG,Sofia,BG
Glozhene,BG,Sofia,BG
Blebea,RO,Sofia,BG
Bradu,RO,Sofia,BG
Adjud,RO,Sofia,BG
Leptokaryá,GR,Sofia,BG
Shtip,MK,Sofia,BG
Zimnicea,RO,Sofia,BG
Codlea,RO,Sofia,BG
Teleneşti,MD,Sofia,BG
Dorfulija,MK,Sofia,BG
Rediu,RO,Sofia,BG
Vereşti,RO,Sofia,BG
Baia Mare,RO,Sofia,BG
Iana,RO,Sofia,BG
Pirot,RS,Sofia,BG
Sofia,BG,Sofia,BG
Alba Iulia,RO,Sofia,BG
Peshkopi,AL,Sofia,BG
Kumanovo,MK,Sofia,BG
Kraljevo,RS,Sofia,BG
Struga,MK,Sofia,BG
Iasi,RO,Sofia,BG
Blagoevgrad,BG,Sofia,BG
Bitola,MK,Sofia,BG
Fălticeni,RO,Sofia,BG
Alfatar,BG,Sofia,BG
Krusevo,MK,Sofia,BG
Gura Humorului,RO,Sofia,BG
Oarda,RO,Sofia,BG
Drăgăşani,RO,Sofia,BG
Plovdiv,BG,Sofia,BG
Eforie Nord,RO,Sofia,BG
Dej,RO,Sofia,BG
Bursa,TR,Sofia,BG
Negreşti,RO,Sofia,BG
Însurăţei,RO,Sofia,BG
Manama,BH,Sofia,BG
Constanța,RO,Sofia,BG
Gălbiori,RO,Sofia,BG
Sadaclia,MD,Sofia,BG
Palaiokastro,GR,Sofia,BG
Feteşti,RO,Sofia,BG
Belgrade,RS,Sofia,BG
Mioveni,RO,Sofia,BG
Cigîrleni,MD,Sofia,BG
Ghermănești,RO,Sofia,BG
Moineşti,RO,Sofia,BG
Bragadiru,RO,Sofia,BG
Gropeni,RO,Sofia,BG
Ulmeni,RO,Sofia,BG
Cărpineni,MD,Sofia,BG
Tehran,IR,Sofia,BG
Balgarovo,BG,Sofia,BG
Leskovac,RS,Sofia,BG
Demir Kapija,MK,Sofia,BG
Kisújszállás,HU,Sofia,BG
Aridaea,GR,Sofia,BG
Battonya,HU,Sofia,BG
Mogosoaia,RO,Sofia,BG
Buftea,RO,Sofia,BG
Momchilgrad,BG,Sofia,BG
Pythagóreio,GR,Sofia,BG
Medgidia,RO,Sofia,BG
Vârteju,RO,Sofia,BG
Ovidiu,RO,Sofia,BG
Târgşoru Vechi,RO,Sofia,BG
Reviga,RO,Sofia,BG
Roșiorii de Vede,RO,Sofia,BG
Divjakë,AL,Sofia,BG
Radanovo,BG,Sofia,BG
Gorna Oryahovitsa,BG,Sofia,BG
Anenii Noi,MD,Sofia,BG
Musachevo,BG,Sofia,BG
Târgu Lăpuş,RO,Sofia,BG
Burgas,BG,Sofia,BG
Dealu Viilor,RO,Sofia,BG
Eforie Sud,RO,Sofia,BG
Boldeşti-Scăeni,RO,Sofia,BG
Popeşti-Leordeni,RO,Sofia,BG
Bârlad,RO,Sofia,BG
Pazardzhik,BG,Sofia,BG
Deskáti,GR,Sofia,BG
Braila,RO,Sofia,BG
Tulgheş,RO,Sofia,BG
Năsturelu,RO,Sofia,BG
Kubrat,BG,Sofia,BG
Mitreni,RO,Sofia,BG
Plasnica,MK,Sofia,BG
Briceni,MD,Sofia,BG
Áno Kómi,GR,Sofia,BG
Ştefăneştii de Jos,RO,Sofia,BG
Văleni-Dâmbovița,RO,Sofia,BG
Dragash,XK,Sofia,BG
Bucharest,RO,Sofia,BG
Zalău,RO,Sofia,BG
Haskovo,BG,Sofia,BG
Soroca,MD,Sofia,BG
Kyustendil,BG,Sofia,BG
Crevedia Mare,RO,Sofia,BG
Pechea,RO,Sofia,BG
Frumuşiţa,RO,Sofia,BG
Reşiţa,RO,Sofia,BG
Cherven Bryag,BG,Sofia,BG
Dumbrăviţa,RO,Sofia,BG
Ştiubieni,RO,Sofia,BG
Sector 2,RO,Sofia,BG
Sărățeni,RO,Sofia,BG
Mysiadło,PL,Sofia,BG
Curtea de Argeş,RO,Sofia,BG
Biruinţa,MD,Sofia,BG
Rila,BG,Sofia,BG
Ciorogârla,RO,Sofia,BG
Petrich,BG,Sofia,BG
Glina,RO,Sofia,BG
Vadul lui Vodă,MD,Sofia,BG
Kriva Palanka,MK,Sofia,BG
Piteşti,RO,Sofia,BG
Dudu,RO,Sofia,BG
Arini,RO,Sofia,BG
Gjilan,XK,Sofia,BG
Chernomorets,BG,Sofia,BG
Livezeni,RO,Sofia,BG
Telavi,GE,Sofia,BG
Călăraşi,RO,Sofia,BG
Pernik,BG,Sofia,BG
Floreşti,MD,Sofia,BG
Godech,BG,Sofia,BG
Novi Pazar,BG,Sofia,BG
Moreni,RO,Sofia,BG
Drăgăneşti,RO,Sofia,BG
Otopeni,RO,Sofia,BG
Kardzhali,BG,Sofia,BG
Pildești,RO,Sofia,BG
Ungheni,MD,Sofia,BG
Athens,GR,Sofia,BG
Faraoaní,RO,Sofia,BG
Hînceşti,MD,Sofia,BG
Elena,BG,Sofia,BG
Nicolae Bălcescu,RO,Sofia,BG
Huşi,RO,Sofia,BG
1 Decembrie,RO,Sofia,BG
Polski Trambesh,BG,Sofia,BG
Prilep,MK,Sofia,BG
Afumaţi,RO,Sofia,BG
Satovcha,BG,Sofia,BG
Miercurea-Ciuc,RO,Sofia,BG
Podu Iloaiei,RO,Sofia,BG
Bran,RO,Sofia,BG
Viişoara,RO,Sofia,BG
Orhei,MD,Sofia,BG
Vama,RO,Sofia,BG
Râmnicu Sărat,RO,Sofia,BG
Buzau,RO,Sofia,BG
Tătărăștii de Jos,RO,Sofia,BG
Smolyan,BG,Sofia,BG
Clinceni,RO,Sofia,BG
Râmnicu Vâlcea,RO,Sofia,BG
Piatra Neamţ,RO,Sofia,BG
Mezdra,BG,Sofia,BG
Bardovci,MK,Sofia,BG
Corbeanca,RO,Sofia,BG
Sadova,MD,Sofia,BG
Finta Mare,RO,Sofia,BG
George Enescu,RO,Sofia,BG
Milevo,BG,Sofia,BG
Litochoro,GR,Sofia,BG
Craiova,RO,Sofia,BG
Strelcha,BG,Sofia,BG
Câmpina,RO,Sofia,BG
Strășeni,MD,Sofia,BG
Benguela,AO,Sofia,BG
Bravicea,MD,Sofia,BG
Târgu Mureş,RO,Sofia,BG
Tuzla,RO,Sofia,BG
Yunatsite,BG,Sofia,BG
Bălţi,MD,Sofia,BG
Făgăraș,RO,Sofia,BG
Makedonski Brod,MK,Sofia,BG
Popovo,BG,Sofia,BG
Gostivar,MK,Sofia,BG
Timişeşti,RO,Sofia,BG
Cerdac,RO,Sofia,BG
Roman,RO,Sofia,BG
Titu,RO,Sofia,BG
Cornetu,RO,Sofia,BG
Sandanski,BG,Sofia,BG
Gheorgheni,RO,Sofia,BG
Pârgăreşti,RO,Sofia,BG
Kalofer,BG,Sofia,BG
Jegunovce,MK,Sofia,BG
Băicoi,RO,Sofia,BG
Delcevo,MK,Sofia,BG
Gurjaani,GE,Sofia,BG
Răducăneni,RO,Sofia,BG
Năvodari,RO,Sofia,BG
Dumbrăveni,RO,Sofia,BG
Ferizaj,XK,Sofia,BG
Hisarya,BG,Sofia,BG
Gotse Delchev,BG,Sofia,BG
Donduşeni,MD,Sofia,BG
Chinteni,RO,Sofia,BG
Mitocu Dragomirnei,RO,Sofia,BG
Lunca Cetățuii,RO,Sofia,BG
Saedinenie,BG,Sofia,BG
Cimişlia,MD,Sofia,BG
Vevčani,MK,Sofia,BG
Rîbnița,MD,Sofia,BG
Măgurele,RO,Sofia,BG
Istanbul,TR,Sofia,BG
Resen,BG,Sofia,BG
Albești,RO,Sofia,BG
Pristina,XK,Sofia,BG
Pufeşti,RO,Sofia,BG
Berovo,MK,Sofia,BG
Vestskogen,NO,Stavanger,NO
Skepplanda,SE,Stavanger,NO
Eidså,NO,Stavanger,NO
Volda,NO,Stavanger,NO
Sandeid,NO,Stavanger,NO
Åmotfors,SE,Stavanger,NO
Storsteinnes,NO,Stavanger,NO
Krokstadelva,NO,Stavanger,NO
Sortland,NO,Stavanger,NO
Hvidbjerg,DK,Stavanger,NO
Knarvik,NO,Stavanger,NO
Sokna,NO,Stavanger,NO
Tistedal,NO,Stavanger,NO
Kjøpmannskjær,NO,Stavanger,NO
Kolltveit,NO,Stavanger,NO
Tjøllingvollen,NO,Stavanger,NO
Ranheim,NO,Stavanger,NO
Bøvågen,NO,Stavanger,NO
Hølen,NO,Stavanger,NO
Maura,NO,Stavanger,NO
Hasle,NO,Stavanger,NO
Konsmo,NO,Stavanger,NO
Lepsøy,NO,Stavanger,NO
Vormsund,NO,Stavanger,NO
Åsa,SE,Stavanger,NO
Kristiansand,NO,Stavanger,NO
Hjortshøj,DK,Stavanger,NO
Dal,NO,Stavanger,NO
Lillestrøm,NO,Stavanger,NO
Mölndal,SE,Stavanger,NO
Skallestad,NO,Stavanger,NO
Sætre,NO,Stavanger,NO
Sandsli,NO,Stavanger,NO
Åker,NO,Stavanger,NO
Fjellstrand,NO,Stavanger,NO
Molde,NO,Stavanger,NO
Eide,NO,Stavanger,NO
Øvrebø,NO,Stavanger,NO
Kråkerøy,NO,Stavanger,NO
Odense,DK,Stavanger,NO
Flateby,NO,Stavanger,NO
Stavanger,NO,Stavanger,NO
Nordstrøno,NO,Stavanger,NO
Mosjøen,NO,Stavanger,NO
Ålfoten,NO,Stavanger,NO
Halden,NO,Stavanger,NO
Lena,NO,Stavanger,NO
Eidsvoll Verk,NO,Stavanger,NO
Hjärtum,SE,Stavanger,NO
Narvik,NO,Stavanger,NO
Sellebakk,NO,Stavanger,NO
Farsund,NO,Stavanger,NO
Åndalsnes,NO,Stavanger,NO
Haugesund,NO,Stavanger,NO
Sjøvegan,NO,Stavanger,NO
Stigen,SE,Stavanger,NO
Sandnessjøen,NO,Stavanger,NO
Bedsted Thy,DK,Stavanger,NO
Aurdal,NO,Stavanger,NO
Jevnaker,NO,Stavanger,NO
Lauvstad,NO,Stavanger,NO
Loddefjord,NO,Stavanger,NO
Follebu,NO,Stavanger,NO
Feda,NO,Stavanger,NO
Trøgstad,NO,Stavanger,NO
Ottestad,NO,Stavanger,NO
Bjorbekk,NO,Stavanger,NO
Askøy,NO,Stavanger,NO
Thyborøn,DK,Stavanger,NO
Hakadal,NO,Stavanger,NO
Høyanger,NO,Stavanger,NO
Ans,DK,Stavanger,NO
Nørager,DK,Stavanger,NO
Kattem,NO,Stavanger,NO
Grålum,NO,Stavanger,NO
Hinnerup,DK,Stavanger,NO
Greåker,NO,Stavanger,NO
Älvsered,SE,Stavanger,NO
Nittedal,NO,Stavanger,NO
Spikkestad,NO,Stavanger,NO
Hisings Kärra,SE,Stavanger,NO
Brennåsen,NO,Stavanger,NO
Lyngdal,NO,Stavanger,NO
Strømmen,NO,Stavanger,NO
Torp,NO,Stavanger,NO
Laksevåg,NO,Stavanger,NO
Stord,NO,Stavanger,NO
Arendal,NO,Stavanger,NO
Öckerö,SE,Stavanger,NO
Sparsör,SE,Stavanger,NO
Kleppestø,NO,Stavanger,NO
Fetsund,NO,Stavanger,NO
Ytre Enebakk,NO,Stavanger,NO
Lommedalen,NO,Stavanger,NO
Salhus,NO,Stavanger,NO
Andebu,NO,Stavanger,NO
Rælingen,NO,Stavanger,NO
Oppegård,NO,Stavanger,NO
Vanylven,NO,Stavanger,NO
Marbäck,SE,Stavanger,NO
Rakkestad,NO,Stavanger,NO
Kolbjørnsvik,NO,Stavanger,NO
Leikanger,NO,Stavanger,NO
Kolsås,NO,Stavanger,NO
Fevik,NO,Stavanger,NO
Alversund,NO,Stavanger,NO
Sæby,DK,Stavanger,NO
Mandal,NO,Stavanger,NO
Hjelmås,NO,Stavanger,NO
Royston,GB,Stavanger,NO
Flekkefjord,NO,Stavanger,NO
Bærums verk,NO,Stavanger,NO
Mogreina,NO,Stavanger,NO
Gullspång,SE,Stavanger,NO
Melhus,NO,Stavanger,NO
Ullern,NO,Stavanger,NO
Hagan,NO,Stavanger,NO
Hetlevik,NO,Stavanger,NO
Axvall,SE,Stavanger,NO
Fornebu,NO,Stavanger,NO
Åmot,NO,Stavanger,NO
Saupstad,NO,Stavanger,NO
Tolvsrød,NO,Stavanger,NO
Krhanice,CZ,Stavanger,NO
Sauda,NO,Stavanger,NO
Bø,NO,Stavanger,NO
Nordkisa,NO,Stavanger,NO
Tau,NO,Stavanger,NO
Asker,NO,Stavanger,NO
Hvalstad,NO,Stavanger,NO
Vestfossen,NO,Stavanger,NO
Tynset,NO,Stavanger,NO
Hagavik,NO,Stavanger,NO
Vinterbro,NO,Stavanger,NO
Valle,NO,Stavanger,NO
Aremark,NO,Stavanger,NO
Jebjerg,DK,Stavanger,NO
Hidrasund,NO,Stavanger,NO
Tomasjorda,NO,Stavanger,NO
Jörlanda,SE,Stavanger,NO
Spøttrup,DK,Stavanger,NO
Våler,NO,Stavanger,NO
Invergordon,GB,Stavanger,NO
Sveio,NO,Stavanger,NO
Skjærhalden,NO,Stavanger,NO
Larv,SE,Stavanger,NO
Hægeland,NO,Stavanger,NO
Kintore,GB,Stavanger,NO
Midsund,NO,Stavanger,NO
Stranda,NO,Stavanger,NO
Søgne,NO,Stavanger,NO
Stavern,NO,Stavanger,NO
Rydöbruk,SE,Stavanger,NO
Bjørøyhamn,NO,Stavanger,NO
Karmsund,NO,Stavanger,NO
Ringebu,NO,Stavanger,NO
Vettre,NO,Stavanger,NO
Grøa,NO,Stavanger,NO
Karlstad,SE,Stavanger,NO
Sarpsborg,NO,Stavanger,NO
Aars,DK,Stavanger,NO
Storfors,SE,Stavanger,NO
Bjugn,NO,Stavanger,NO
Barkåker,NO,Stavanger,NO
Flaktveit,NO,Stavanger,NO
Bjørkelangen,NO,Stavanger,NO
Jar,NO,Stavanger,NO
Bagn,NO,Stavanger,NO
Vøyenenga,NO,Stavanger,NO
Rådal,NO,Stavanger,NO
Blokhus,DK,Stavanger,NO
Seljord,NO,Stavanger,NO
Stokke,NO,Stavanger,NO
Hunndalen,NO,Stavanger,NO
Østerås,NO,Stavanger,NO
Råholt,NO,Stavanger,NO
Skien,NO,Stavanger,NO
Valsøyfjord,NO,Stavanger,NO
Ingeborgrud,NO,Stavanger,NO
Langhus,NO,Stavanger,NO
Nodeland,NO,Stavanger,NO
Geilo,NO,Stavanger,NO
Løten,NO,Stavanger,NO
Tertnes,NO,Stavanger,NO
Røn,NO,Stavanger,NO
Os,NO,Stavanger,NO
Åros,NO,Stavanger,NO
Hamar,NO,Stavanger,NO
Flatåsen,NO,Stavanger,NO
Hønefoss,NO,Stavanger,NO
Ørsta,NO,Stavanger,NO
Kverva,NO,Stavanger,NO
Drøbak,NO,Stavanger,NO
Sundbyfoss,NO,Stavanger,NO
Bokn,NO,Stavanger,NO
Rjukan,NO,Stavanger,NO
Hokksund,NO,Stavanger,NO
Follese,NO,Stavanger,NO
Bolga,NO,Stavanger,NO
Langesund,NO,Stavanger,NO
Vestnes,NO,Stavanger,NO
Marsta,SE,Stavanger,NO
Grua,NO,Stavanger,NO
Bryne,NO,Stavanger,NO
Skotterud,NO,Stavanger,NO
Førde,NO,Stavanger,NO
Vadum,DK,Stavanger,NO
Å,NO,Stavanger,NO
Onsala,SE,Stavanger,NO
Bardufoss,NO,Stavanger,NO
Hyggen,NO,Stavanger,NO
Lillehammer,NO,Stavanger,NO
Hjellestad,NO,Stavanger,NO
Vanse,NO,Stavanger,NO
Charlottenberg,SE,Stavanger,NO
Prestfoss,NO,Stavanger,NO
Brumunddal,NO,Stavanger,NO
Mortenhals,NO,Stavanger,NO
Randaberg,NO,Stavanger,NO
Øster Svenstrup,DK,Stavanger,NO
Sem,NO,Stavanger,NO
Tomter,NO,Stavanger,NO
Mysen,NO,Stavanger,NO
Lierskogen,NO,Stavanger,NO
Melsomvik,NO,Stavanger,NO
Mathopen,NO,Stavanger,NO
Fannrem,NO,Stavanger,NO
Ra,NO,Stavanger,NO
Sperrebotn,NO,Stavanger,NO
Fjerdingby,NO,Stavanger,NO
Folkestad,NO,Stavanger,NO
Hauglandshella,NO,Stavanger,NO
Gothenburg,SE,Stavanger,NO
Rasta,NO,Stavanger,NO
Skedsmokorset,NO,Stavanger,NO
Skjeberg,NO,Stavanger,NO
Hommelvik,NO,Stavanger,NO
Nesttun,NO,Stavanger,NO
Knappstad,NO,Stavanger,NO
Birkeland,NO,Stavanger,NO
Kapp,NO,Stavanger,NO
Olsfors,SE,Stavanger,NO
Charlottenlund,NO,Stavanger,NO
Lillesand,NO,Stavanger,NO
Tårnåsen,NO,Stavanger,NO
Dalen,NO,Stavanger,NO
Klæbu,NO,Stavanger,NO
Sandnes,NO,Stavanger,NO
Svelvik,NO,Stavanger,NO
Fana,NO,Stavanger,NO
Vormedal,NO,Stavanger,NO
Saltrød,NO,Stavanger,NO
Florø,NO,Stavanger,NO
Skjetten,NO,Stavanger,NO
Venabygd,NO,Stavanger,NO
Svarstad,NO,Stavanger,NO
Elnesvågen,NO,Stavanger,NO
Averøy,NO,Stavanger,NO
Gran,NO,Stavanger,NO
Tjøme,NO,Stavanger,NO
Revetal,NO,Stavanger,NO
Hässelby strand,SE,Stavanger,NO
Singsås,NO,Stavanger,NO
Åmli,NO,Stavanger,NO
Haderup,DK,Stavanger,NO
Aalborg,DK,Stavanger,NO
Fjellhamar,NO,Stavanger,NO
Noresund,NO,Stavanger,NO
Ådalsbruk,NO,Stavanger,NO
Ørje,NO,Stavanger,NO
Frøya,NO,Stavanger,NO
Østre Gausdal,NO,Stavanger,NO
Engalsvik,NO,Stavanger,NO
Spydeberg,NO,Stavanger,NO
Borre,NO,Stavanger,NO
Kongerslev,DK,Stavanger,NO
Djupivogur,IS,Stavanger,NO
Thurso,GB,Stavanger,NO
Yven,NO,Stavanger,NO
Svortland,NO,Stavanger,NO
Hvittingfoss,NO,Stavanger,NO
Trollåsen,NO,Stavanger,NO
Hordvik,NO,Stavanger,NO
Billingstad,NO,Stavanger,NO
Notodden,NO,Stavanger,NO
Sundet,NO,Stavanger,NO
Fjell,NO,Stavanger,NO
Korsvegen,NO,Stavanger,NO
Manstad,NO,Stavanger,NO
Bergen,NO,Stavanger,NO
Forsand,NO,Stavanger,NO
Slependen,NO,Stavanger,NO
Stavsjø,NO,Stavanger,NO
Hassela,SE,Stavanger,NO
Fagernes,NO,Stavanger,NO
Lunde,NO,Stavanger,NO
Tranby,NO,Stavanger,NO
Drangedal,NO,Stavanger,NO
Nærbø,NO,Stavanger,NO
Vinstra,NO,Stavanger,NO
Inndyr,NO,Stavanger,NO
Blomsterdalen,NO,Stavanger,NO
Elverum,NO,Stavanger,NO
Orre,NO,Stavanger,NO
Drammen,NO,Stavanger,NO
Austrheim,NO,Stavanger,NO
Åsgårdstrand,NO,Stavanger,NO
Blommenholm,NO,Stavanger,NO
Heggedal,NO,Stavanger,NO
Måløy,NO,Stavanger,NO
Floda,SE,Stavanger,NO
Ryfoss,NO,Stavanger,NO
Isafjordur,IS,Stavanger,NO
Ryomgård,DK,Stavanger,NO
Kongsberg,NO,Stavanger,NO
Solbergelva,NO,Stavanger,NO
Drevsjø,NO,Stavanger,NO
Billdal,SE,Stavanger,NO
Sylling,NO,Stavanger,NO
Evje,NO,Stavanger,NO
Koppang,NO,Stavanger,NO
Svartskog,NO,Stavanger,NO
Berger,NO,Stavanger,NO
Lidaláddi,NO,Stavanger,NO
Jaren,NO,Stavanger,NO
Hvasser,NO,Stavanger,NO
Årnes,NO,Stavanger,NO
Søreide,NO,Stavanger,NO
Åsarp,SE,Stavanger,NO
Rask Mølle,DK,Stavanger,NO
Hellesylt,NO,Stavanger,NO
Fredrikstad,NO,Stavanger,NO
Havndal,DK,Stavanger,NO
Stol,NO,Stavanger,NO
Songe,NO,Stavanger,NO
Stamneshella,NO,Stavanger,NO
Vestby,NO,Stavanger,NO
Nøtterøy,NO,Stavanger,NO
Harstad,NO,Stavanger,NO
Røyken Municipality,NO,Stavanger,NO
Risør,NO,Stavanger,NO
Fusa,NO,Stavanger,NO
Rykkin,NO,Stavanger,NO
Sunndalsøra,NO,Stavanger,NO
Espeland,NO,Stavanger,NO
Eiksmarka,NO,Stavanger,NO
Selbu,NO,Stavanger,NO
Ski,NO,Stavanger,NO
Larvik,NO,Stavanger,NO
Vossestrand,NO,Stavanger,NO
Støkke,NO,Stavanger,NO
Raufoss,NO,Stavanger,NO
Biri,NO,Stavanger,NO
Sofiemyr,NO,Stavanger,NO
Orkanger,NO,Stavanger,NO
Støvring,DK,Stavanger,NO
Rugsund,NO,Stavanger,NO
Klepp stasjon,NO,Stavanger,NO
Rolvsøy,NO,Stavanger,NO
Færvik,NO,Stavanger,NO
Åkrehamn,NO,Stavanger,NO
Nørre Bindslev,DK,Stavanger,NO
Østervrå,DK,Stavanger,NO
Skarnes,NO,Stavanger,NO
Ålgård,NO,Stavanger,NO
Tiller,NO,Stavanger,NO
Odnes,NO,Stavanger,NO
Furnes,NO,Stavanger,NO
Šurany,SK,Stavanger,NO
Sande,NO,Stavanger,NO
Kjerrgarden,NO,Stavanger,NO
Bodø,NO,Stavanger,NO
Nyborg,NO,Stavanger,NO
Skjold,NO,Stavanger,NO
Steinberg,NO,Stavanger,NO
Grimstad,NO,Stavanger,NO
Hvam,NO,Stavanger,NO
Aursmoen,NO,Stavanger,NO
Aure,NO,Stavanger,NO
Innbygda,NO,Stavanger,NO
Eidsvågneset,NO,Stavanger,NO
Lunner,NO,Stavanger,NO
Sandefjord,NO,Stavanger,NO
Moss,NO,Stavanger,NO
Kolnes,NO,Stavanger,NO
Gvarv,NO,Stavanger,NO
Sollebrunn,SE,Stavanger,NO
Skogsvågen,NO,Stavanger,NO
Bøverbru,NO,Stavanger,NO
Saksvik,NO,Stavanger,NO
Egersund,NO,Stavanger,NO
Farsø,DK,Stavanger,NO
Rogne,NO,Stavanger,NO
Mellerud,SE,Stavanger,NO
Trondheim,NO,Stavanger,NO
Nedenes,NO,Stavanger,NO
Borhaug,NO,Stavanger,NO
Nesoddtangen,NO,Stavanger,NO
Hylkje,NO,Stavanger,NO
Godvik,NO,Stavanger,NO
Voss,NO,Stavanger,NO
Flatanger,NO,Stavanger,NO
Gressvik,NO,Stavanger,NO
Hovås,SE,Stavanger,NO
Roan,NO,Stavanger,NO
Kirkenes,NO,Stavanger,NO
Tveite,NO,Stavanger,NO
Dokka,NO,Stavanger,NO
Ål,NO,Stavanger,NO
Byremo,NO,Stavanger,NO
Eikelandsosen,NO,Stavanger,NO
Kållered,SE,Stavanger,NO
Oslo,NO,Stavanger,NO
Åheim,NO,Stavanger,NO
Husøy,NO,Stavanger,NO
Härryda,SE,Stavanger,NO
Valestrandfossen,NO,Stavanger,NO
Ålesund,NO,Stavanger,NO
Hov,NO,Stavanger,NO
Tonstad,NO,Stavanger,NO
Auli,NO,Stavanger,NO
Kvinesdal,NO,Stavanger,NO
Heiås,NO,Stavanger,NO
Ulsteinvik,NO,Stavanger,NO
Vear,NO,Stavanger,NO
Sistranda,NO,Stavanger,NO
Leinstranda,NO,Stavanger,NO
Bødalen,NO,Stavanger,NO
Mosby,NO,Stavanger,NO
Nelaug,NO,Stavanger,NO
Svartå,SE,Stavanger,NO
Duken,NO,Stavanger,NO
Stathelle,NO,Stavanger,NO
"Eggedal,nedre",NO,Stavanger,NO
Hamresanden,NO,Stavanger,NO
Jørpeland,NO,Stavanger,NO
Hvitsten,NO,Stavanger,NO
Kristiansund,NO,Stavanger,NO
Løkken,DK,Stavanger,NO
Stabekk,NO,Stavanger,NO
Rånåsfoss,NO,Stavanger,NO
Marstrand,SE,Stavanger,NO
Stryn,NO,Stavanger,NO
Tønsberg,NO,Stavanger,NO
Ås,NO,Stavanger,NO
Marnardal,NO,Stavanger,NO
Fåvang,NO,Stavanger,NO
Karlshus,NO,Stavanger,NO
Hauge i Dalane,NO,Stavanger,NO
Lier,NO,Stavanger,NO
Vollen,NO,Stavanger,NO
Stange,NO,Stavanger,NO
Färjestaden,SE,Stavanger,NO
Løvenstad,NO,Stavanger,NO
Landvetter,SE,Stavanger,NO
Blystadlia,NO,Stavanger,NO
Lindesnes,NO,Stavanger,NO
Leknes,NO,Stavanger,NO
Hof,NO,Stavanger,NO
Lørenskog,NO,Stavanger,NO
Fonnes,NO,Stavanger,NO
Heggenes,NO,Stavanger,NO
Dale,NO,Stavanger,NO
Gan,NO,Stavanger,NO
Indre Arna,NO,Stavanger,NO
Våle,NO,Stavanger,NO
Södertälje,SE,Stavanger,NO
Hallingby,NO,Stavanger,NO
Brattholmen,NO,Stavanger,NO
Bjoneroa,NO,Stavanger,NO
Grythyttan,SE,Stavanger,NO
Oppåkermoen,NO,Stavanger,NO
Minnesund,NO,Stavanger,NO
Sandvika,NO,Stavanger,NO
Kvelde,NO,Stavanger,NO
Feiring,NO,Stavanger,NO
Oldervik,NO,Stavanger,NO
Rong,NO,Stavanger,NO
Hobøl,NO,Stavanger,NO
Undeim,NO,Stavanger,NO
Steinsdalen,NO,Stavanger,NO
Hamarvik,NO,Stavanger,NO
Vennesla,NO,Stavanger,NO
Manger,NO,Stavanger,NO
Røros,NO,Stavanger,NO
Kjeller,NO,Stavanger,NO
Gjettum,NO,Stavanger,NO
Kløfta,NO,Stavanger,NO
Strusshamn,NO,Stavanger,NO
Moelv,NO,Stavanger,NO
Askim,NO,Stavanger,NO
Hjelset,NO,Stavanger,NO
Hitra,NO,Stavanger,NO
Hirtshals,DK,Stavanger,NO
Innvik,NO,Stavanger,NO
Reinsvoll,NO,Stavanger,NO
Høvik verk,NO,Stavanger,NO
Sävsjö,SE,Stavanger,NO
Lysaker,NO,Stavanger,NO
Torød,NO,Stavanger,NO
Brandbu,NO,Stavanger,NO
Svärtinge,SE,Stavanger,NO
Järpås,SE,Stavanger,NO
Romelanda,SE,Stavanger,NO
Vedavågen,NO,Stavanger,NO
Klavestadhaugen,NO,Stavanger,NO
Torvastad,NO,Stavanger,NO
Iveland,NO,Stavanger,NO
Ørnes,NO,Stavanger,NO
Kjellerup,DK,Stavanger,NO
Finstadjordet,NO,Stavanger,NO
Sola,NO,Stavanger,NO
Rovde,NO,Stavanger,NO
Sandhem,SE,Stavanger,NO
Gjerdrum,NO,Stavanger,NO
Harboøre,DK,Stavanger,NO
Sira,NO,Stavanger,NO
Ulefoss,NO,Stavanger,NO
Sørum,NO,Stavanger,NO
Tjøtta,NO,Stavanger,NO
Lemvig,DK,Stavanger,NO
Skui,NO,Stavanger,NO
Brekstad,NO,Stavanger,NO
Sørumsand,NO,Stavanger,NO
Heimdal,NO,Stavanger,NO
Florvåg,NO,Stavanger,NO
Nedre Heidal,NO,Stavanger,NO
Engerdal,NO,Stavanger,NO
Skagen,DK,Stavanger,NO
Kopervik,NO,Stavanger,NO
Kalandseidet,NO,Stavanger,NO
Slemmestad,NO,Stavanger,NO
Copenhagen,DK,Stavanger,NO
Sletta,NO,Stavanger,NO
Tvedestrand,NO,Stavanger,NO
Skodje,NO,Stavanger,NO
Mjølkeråen,NO,Stavanger,NO
Frekhaug,NO,Stavanger,NO
Nannestad,NO,Stavanger,NO
Ytre Arna,NO,Stavanger,NO
Gjøvik,NO,Stavanger,NO
Byglandsfjord,NO,Stavanger,NO
Hjørring,DK,Stavanger,NO
Stamsund,NO,Stavanger,NO
Porsgrunn,NO,Stavanger,NO
Frogner,NO,Stavanger,NO
Kolbotn,NO,Stavanger,NO
Mjøndalen,NO,Stavanger,NO
Rørvik,NO,Stavanger,NO
Hjelmeland,NO,Stavanger,NO
Jessheim,NO,Stavanger,NO
Larkollen,NO,Stavanger,NO
Holter,NO,Stavanger,NO
Os i Østerdalen,NO,Stavanger,NO
Ise,NO,Stavanger,NO
Enger,NO,Stavanger,NO
Opphaug,NO,Stavanger,NO
Svenshögen,SE,Stavanger,NO
Vikersund,NO,Stavanger,NO
Bærum,NO,Stavanger,NO
Sæveland,NO,Stavanger,NO
Søndre Oppegård,NO,Stavanger,NO
Nes,NO,Stavanger,NO
Horten,NO,Stavanger,NO
Haslum,NO,Stavanger,NO
Vestervig,DK,Stavanger,NO
Kragerø,NO,Stavanger,NO
Osøyro,NO,Stavanger,NO
Eskifjordur,IS,Stavanger,NO
Fiskå,NO,Stavanger,NO
Odda,NO,Stavanger,NO
Mo i Rana,NO,Stavanger,NO
Breistein,NO,Stavanger,NO
Rygge,NO,Stavanger,NO
Roa,NO,Stavanger,NO
Steinsholt,NO,Stavanger,NO
Skudeneshavn,NO,Stavanger,NO
Holmestrand,NO,Stavanger,NO
Isfjorden,NO,Stavanger,NO
Hurdal,NO,Stavanger,NO
Bækmarksbro,DK,Stavanger,NO
Kolbu,NO,Stavanger,NO
Straume,NO,Stavanger,NO
Jerslev,DK,Stavanger,NO
Høvåg,NO,Stavanger,NO
Norsholm,SE,Stavanger,NO
Lomen,NO,Stavanger,NO
Brønnøysund,NO,Stavanger,NO
Tromsdalen,NO,Stavanger,NO
Nordli,NO,Stavanger,NO
Nordfjordeid,NO,Stavanger,NO
Ågotnes,NO,Stavanger,NO
Paradis,NO,Stavanger,NO
Froland,NO,Stavanger,NO
Karmøy,NO,Stavanger,NO
Surnadal,NO,Stavanger,NO
Herre,NO,Stavanger,NO
Kleppe,NO,Stavanger,NO
Brattvåg,NO,Stavanger,NO
Veddige,SE,Stavanger,NO
Fagerstrand,NO,Stavanger,NO
Løgstør,DK,Stavanger,NO
Bogen,NO,Stavanger,NO
Søreide,NO,Stockholm,SE
Mölnbo,SE,Stockholm,SE
Södra Sandby,SE,Stockholm,SE
Hyltebruk,SE,Stockholm,SE
Löberöd,SE,Stockholm,SE
Malmköping,SE,Stockholm,SE
Slättåkra,SE,Stockholm,SE
Malmbäck,SE,Stockholm,SE
Väderstad,SE,Stockholm,SE
Örsundsbro,SE,Stockholm,SE
Sandtorg,NO,Stockholm,SE
Kolmården,SE,Stockholm,SE
Bålsta,SE,Stockholm,SE
Enebyberg,SE,Stockholm,SE
Timmersdala,SE,Stockholm,SE
Hökerum,SE,Stockholm,SE
Ödsmål,SE,Stockholm,SE
Gratangen,NO,Stockholm,SE
Hedemora,SE,Stockholm,SE
Tallåsen,SE,Stockholm,SE
Uttran,SE,Stockholm,SE
Forserum,SE,Stockholm,SE
Järved,SE,Stockholm,SE
Vartofta,SE,Stockholm,SE
Florø,NO,Stockholm,SE
Älta,SE,Stockholm,SE
Matfors,SE,Stockholm,SE
Hedekas,SE,Stockholm,SE
Verdal,NO,Stockholm,SE
Umeå,SE,Stockholm,SE
Lomma,SE,Stockholm,SE
Årsta,SE,Stockholm,SE
Uppsala,SE,Stockholm,SE
Floby,SE,Stockholm,SE
Stora Levene,SE,Stockholm,SE
Slemmestad,NO,Stockholm,SE
Vassmolösa,SE,Stockholm,SE
Åkersberga,SE,Stockholm,SE
Flisa,NO,Stockholm,SE
Bollstabruk,SE,Stockholm,SE
Bräkne-Hoby,SE,Stockholm,SE
Liepāja,LV,Stockholm,SE
Kista,SE,Stockholm,SE
Klågerup,SE,Stockholm,SE
Ullånger,SE,Stockholm,SE
Törnby,SE,Stockholm,SE
Ellös,SE,Stockholm,SE
Trosa,SE,Stockholm,SE
Habo,SE,Stockholm,SE
Mariefred,SE,Stockholm,SE
Skövde,SE,Stockholm,SE
Bardu,NO,Stockholm,SE
Oslo,NO,Stockholm,SE
Degerfors,SE,Stockholm,SE
Norrahammar,SE,Stockholm,SE
Kävlinge,SE,Stockholm,SE
Jönköping,SE,Stockholm,SE
Billesholm,SE,Stockholm,SE
Brønnøysund,NO,Stockholm,SE
Lyckeby,SE,Stockholm,SE
Røsvik,NO,Stockholm,SE
Valbo,SE,Stockholm,SE
Arbrå,SE,Stockholm,SE
Härnösand,SE,Stockholm,SE
Värsås,SE,Stockholm,SE
Skoghall,SE,Stockholm,SE
Karlskoga,SE,Stockholm,SE
Rimbo,SE,Stockholm,SE
Oxelösund,SE,Stockholm,SE
Lit,SE,Stockholm,SE
Løten,NO,Stockholm,SE
Lindesnes,NO,Stockholm,SE
Högsby,SE,Stockholm,SE
Halmstad,SE,Stockholm,SE
Trekanten,SE,Stockholm,SE
Gardvik,NO,Stockholm,SE
Vikmanshyttan,SE,Stockholm,SE
Landskrona,SE,Stockholm,SE
Klässbol,SE,Stockholm,SE
Siljan,NO,Stockholm,SE
Onsala,SE,Stockholm,SE
Gravdal,NO,Stockholm,SE
Peetrimõisa,EE,Stockholm,SE
Alnö,SE,Stockholm,SE
Vansbro,SE,Stockholm,SE
Tumba,SE,Stockholm,SE
Munkedal,SE,Stockholm,SE
Tierp,SE,Stockholm,SE
Kalmar,SE,Stockholm,SE
Stocksund,SE,Stockholm,SE
Kirkenær,NO,Stockholm,SE
Stjørdal,NO,Stockholm,SE
Hovås,SE,Stockholm,SE
Köping,SE,Stockholm,SE
Bollnäs,SE,Stockholm,SE
Gothenburg,SE,Stockholm,SE
Bollebygd,SE,Stockholm,SE
Stockholm,SE,Stockholm,SE
Burseryd,SE,Stockholm,SE
Sävedalen,SE,Stockholm,SE
Mora,SE,Stockholm,SE
Nybro,SE,Stockholm,SE
Älvsjö,SE,Stockholm,SE
Smedjebacken,SE,Stockholm,SE
Ålen,NO,Stockholm,SE
Björklinge,SE,Stockholm,SE
Karlskrona,SE,Stockholm,SE
Hässelby Villastad,SE,Stockholm,SE
Kabelvåg,NO,Stockholm,SE
Burträsk,SE,Stockholm,SE
Tingsryd,SE,Stockholm,SE
Järna,SE,Stockholm,SE
Källby,SE,Stockholm,SE
Iggesund,SE,Stockholm,SE
Brålanda,SE,Stockholm,SE
Ronneby,SE,Stockholm,SE
Hasselfors,SE,Stockholm,SE
Rockneby,SE,Stockholm,SE
Siljansnäs,SE,Stockholm,SE
Vevelstad,NO,Stockholm,SE
Oviken,SE,Stockholm,SE
Timmele,SE,Stockholm,SE
Kumla,SE,Stockholm,SE
Svedala,SE,Stockholm,SE
Paradis,NO,Stockholm,SE
Älghult,SE,Stockholm,SE
Lilla Edet,SE,Stockholm,SE
Skattkärr,SE,Stockholm,SE
Alafors,SE,Stockholm,SE
Strand,SE,Stockholm,SE
Tåby,SE,Stockholm,SE
Holmestrand,NO,Stockholm,SE
Munka-Ljungby,SE,Stockholm,SE
Lerum,SE,Stockholm,SE
Svolvær,NO,Stockholm,SE
Skärholmen,SE,Stockholm,SE
Kållered,SE,Stockholm,SE
Vagnhärad,SE,Stockholm,SE
Kramfors,SE,Stockholm,SE
Ramsberg,SE,Stockholm,SE
Eksjö,SE,Stockholm,SE
Reipå,NO,Stockholm,SE
Danderyd,SE,Stockholm,SE
Vaggeryd,SE,Stockholm,SE
Söderbärke,SE,Stockholm,SE
Knivsta,SE,Stockholm,SE
Kungälv,SE,Stockholm,SE
Röke,SE,Stockholm,SE
Stråvalla,SE,Stockholm,SE
Sturefors,SE,Stockholm,SE
Tanumshede,SE,Stockholm,SE
Vikingstad,SE,Stockholm,SE
Vrena,SE,Stockholm,SE
Ullared,SE,Stockholm,SE
Kolltveit,NO,Stockholm,SE
Hallstahammar,SE,Stockholm,SE
Jaunolaine,LV,Stockholm,SE
Åkers Styckebruk,SE,Stockholm,SE
Skinnskatteberg,SE,Stockholm,SE
Väddö,SE,Stockholm,SE
Tyringe,SE,Stockholm,SE
Blidsberg,SE,Stockholm,SE
Mellerud,SE,Stockholm,SE
Arvidsjaur,SE,Stockholm,SE
Skärhamn,SE,Stockholm,SE
Skänninge,SE,Stockholm,SE
Hofors,SE,Stockholm,SE
Kungshamn,SE,Stockholm,SE
Totebo,SE,Stockholm,SE
Lerdala,SE,Stockholm,SE
Nynäshamn,SE,Stockholm,SE
Bro,SE,Stockholm,SE
Hagan,NO,Stockholm,SE
Ingarö,SE,Stockholm,SE
Solna,SE,Stockholm,SE
Ljungsbro,SE,Stockholm,SE
Ranheim,NO,Stockholm,SE
Täby,SE,Stockholm,SE
Vikersund,NO,Stockholm,SE
Talsi,LV,Stockholm,SE
Gjesåsen,NO,Stockholm,SE
Tranås,SE,Stockholm,SE
Färgelanda,SE,Stockholm,SE
Österede,SE,Stockholm,SE
Lindesberg,SE,Stockholm,SE
Dala-Floda,SE,Stockholm,SE
Jonsered,SE,Stockholm,SE
Månkarbo,SE,Stockholm,SE
Kimstad,SE,Stockholm,SE
Gimo,SE,Stockholm,SE
Vingåker,SE,Stockholm,SE
Vaxjo,SE,Stockholm,SE
Borkenes,NO,Stockholm,SE
Tibro,SE,Stockholm,SE
Karlshamn,SE,Stockholm,SE
Lundsbrunn,SE,Stockholm,SE
Mariestad,SE,Stockholm,SE
Öregrund,SE,Stockholm,SE
Inndyr,NO,Stockholm,SE
Steinkjer,NO,Stockholm,SE
Sørreisa,NO,Stockholm,SE
Sundsbruk,SE,Stockholm,SE
Rättvik,SE,Stockholm,SE
Agnesberg,SE,Stockholm,SE
Kopparberg,SE,Stockholm,SE
Teckomatorp,SE,Stockholm,SE
Nesodden,NO,Stockholm,SE
Södertälje,SE,Stockholm,SE
Hultsfred,SE,Stockholm,SE
Brastad,SE,Stockholm,SE
Nås,SE,Stockholm,SE
Torshälla,SE,Stockholm,SE
Vadsø,NO,Stockholm,SE
Hillerstorp,SE,Stockholm,SE
Åmål,SE,Stockholm,SE
Stöde,SE,Stockholm,SE
Tomasjorda,NO,Stockholm,SE
Follese,NO,Stockholm,SE
Maxmo,FI,Stockholm,SE
Ödeshög,SE,Stockholm,SE
Hagfors,SE,Stockholm,SE
Finspång,SE,Stockholm,SE
Cēsis,LV,Stockholm,SE
Mantorp,SE,Stockholm,SE
Kuldīga,LV,Stockholm,SE
Gunnilse,SE,Stockholm,SE
Vinslöv,SE,Stockholm,SE
Skara,SE,Stockholm,SE
Torsby,SE,Stockholm,SE
Ramfjordbotn,NO,Stockholm,SE
Ekerö,SE,Stockholm,SE
Gnarp,SE,Stockholm,SE
Son,NO,Stockholm,SE
Vestbygda,NO,Stockholm,SE
Mölltorp,SE,Stockholm,SE
Holter,NO,Stockholm,SE
Dvärsätt,SE,Stockholm,SE
Norrmalm,SE,Stockholm,SE
Ekshärad,SE,Stockholm,SE
Hässleholm,SE,Stockholm,SE
Moholm,SE,Stockholm,SE
Upplands Vasby,SE,Stockholm,SE
Vånga,SE,Stockholm,SE
Hyssna,SE,Stockholm,SE
Götene,SE,Stockholm,SE
Bergshamra,SE,Stockholm,SE
Broby,SE,Stockholm,SE
Johanneshov,SE,Stockholm,SE
Sävsjö,SE,Stockholm,SE
Opp-Norrby,SE,Stockholm,SE
Tågarp,SE,Stockholm,SE
Lidaláddi,NO,Stockholm,SE
Forshaga,SE,Stockholm,SE
Haslum,NO,Stockholm,SE
Lund,SE,Stockholm,SE
Olofstorp,SE,Stockholm,SE
Lödöse,SE,Stockholm,SE
Palanga,LT,Stockholm,SE
Sætre,NO,Stockholm,SE
Vetlanda,SE,Stockholm,SE
Hällingsjö,SE,Stockholm,SE
Levanger,NO,Stockholm,SE
Edsvalla,SE,Stockholm,SE
Sjølyststranda,NO,Stockholm,SE
Kullavik,SE,Stockholm,SE
Blomstermåla,SE,Stockholm,SE
Hörnefors,SE,Stockholm,SE
Ludvika,SE,Stockholm,SE
Ringebu,NO,Stockholm,SE
Djura,SE,Stockholm,SE
Horten,NO,Stockholm,SE
Svärtinge,SE,Stockholm,SE
Namnå,NO,Stockholm,SE
Traryd,SE,Stockholm,SE
Huddinge,SE,Stockholm,SE
Bandhagen,SE,Stockholm,SE
Åre,SE,Stockholm,SE
Vittaryd,SE,Stockholm,SE
Fåvang,NO,Stockholm,SE
Brämhult,SE,Stockholm,SE
Kongsvinger,NO,Stockholm,SE
Dörarp,SE,Stockholm,SE
Moscow,RU,Stockholm,SE
Dalsgrenda,NO,Stockholm,SE
Ljung,SE,Stockholm,SE
Södra Sunderbyn,SE,Stockholm,SE
Borlänge,SE,Stockholm,SE
Björketorp,SE,Stockholm,SE
Sollerön,SE,Stockholm,SE
Saltsjö-Boo,SE,Stockholm,SE
Grums,SE,Stockholm,SE
Ljungby,SE,Stockholm,SE
Svartå,SE,Stockholm,SE
Skegrie,SE,Stockholm,SE
Rørvik,NO,Stockholm,SE
Alsvåg,NO,Stockholm,SE
Johannishus,SE,Stockholm,SE
Själevad,SE,Stockholm,SE
Ålem,SE,Stockholm,SE
Grästorp,SE,Stockholm,SE
Västra Frölunda,SE,Stockholm,SE
Ursviken,SE,Stockholm,SE
Bjärred,SE,Stockholm,SE
Kåge,SE,Stockholm,SE
Hällefors,SE,Stockholm,SE
Hjälteby,SE,Stockholm,SE
Hagalund,SE,Stockholm,SE
Björköby,SE,Stockholm,SE
Valkeakoski,FI,Stockholm,SE
Röstånga,SE,Stockholm,SE
Jøa,NO,Stockholm,SE
Herrljunga,SE,Stockholm,SE
Vattholma,SE,Stockholm,SE
Markaryd,SE,Stockholm,SE
Fritsla,SE,Stockholm,SE
Rognan,NO,Stockholm,SE
Kjøpmannskjær,NO,Stockholm,SE
Målilla,SE,Stockholm,SE
Tvååker,SE,Stockholm,SE
Floda,SE,Stockholm,SE
Nyland,SE,Stockholm,SE
Gävle,SE,Stockholm,SE
Finnsnes,NO,Stockholm,SE
Grinder,NO,Stockholm,SE
Hörby,SE,Stockholm,SE
Kvillsfors,SE,Stockholm,SE
Storfors,SE,Stockholm,SE
Kvänum,SE,Stockholm,SE
Sundbyberg,SE,Stockholm,SE
Stallarholmen,SE,Stockholm,SE
Stånga,SE,Stockholm,SE
Älvängen,SE,Stockholm,SE
Timrå,SE,Stockholm,SE
Fitjar,NO,Stockholm,SE
Ådalsbruk,NO,Stockholm,SE
Segersäng,SE,Stockholm,SE
Sjuntorp,SE,Stockholm,SE
Sem,NO,Stockholm,SE
Nyköping,SE,Stockholm,SE
Værøy,NO,Stockholm,SE
Kello,FI,Stockholm,SE
Linköping,SE,Stockholm,SE
Kungsängen,SE,Stockholm,SE
Rundvik,SE,Stockholm,SE
Falun,SE,Stockholm,SE
Filipstad,SE,Stockholm,SE
Helsinki,FI,Stockholm,SE
Säffle,SE,Stockholm,SE
Deje,SE,Stockholm,SE
Förslöv,SE,Stockholm,SE
Hallsberg,SE,Stockholm,SE
Helsingborg,SE,Stockholm,SE
Visby,SE,Stockholm,SE
Strömsnäsbruk,SE,Stockholm,SE
Strängnäs,SE,Stockholm,SE
Partille,SE,Stockholm,SE
Kleppestø,NO,Stockholm,SE
Trångsund,SE,Stockholm,SE
Norra Hagby,SE,Stockholm,SE
Värnamo,SE,Stockholm,SE
Valla,SE,Stockholm,SE
Turku,FI,Stockholm,SE
Jelgava,LV,Stockholm,SE
Vessigebro,SE,Stockholm,SE
Fauske,NO,Stockholm,SE
Lessebo,SE,Stockholm,SE
Ljungskile,SE,Stockholm,SE
Långshyttan,SE,Stockholm,SE
Bohus,SE,Stockholm,SE
Tollarp,SE,Stockholm,SE
Åsa,SE,Stockholm,SE
Ulricehamn,SE,Stockholm,SE
Björbo,SE,Stockholm,SE
Grängesberg,SE,Stockholm,SE
Lindome,SE,Stockholm,SE
Nordli,NO,Stockholm,SE
Västerås,SE,Stockholm,SE
Älmhult,SE,Stockholm,SE
Askim,SE,Stockholm,SE
Gjerdrum,NO,Stockholm,SE
Mullsjö,SE,Stockholm,SE
Boliden,SE,Stockholm,SE
Vårby,SE,Stockholm,SE
Tidaholm,SE,Stockholm,SE
Jordbro,SE,Stockholm,SE
Handen,SE,Stockholm,SE
Nässjö,SE,Stockholm,SE
Ballingslöv,SE,Stockholm,SE
Bjerkvik,NO,Stockholm,SE
Auli,NO,Stockholm,SE
Flen,SE,Stockholm,SE
Fagersta,SE,Stockholm,SE
Tullinge,SE,Stockholm,SE
Roknäs,SE,Stockholm,SE
Mölnlycke,SE,Stockholm,SE
Vikedal,NO,Stockholm,SE
Sunne,SE,Stockholm,SE
Hovmantorp,SE,Stockholm,SE
Vårgårda,SE,Stockholm,SE
Pixbo,SE,Stockholm,SE
Gislaved,SE,Stockholm,SE
Vimmerby,SE,Stockholm,SE
Västerljung,SE,Stockholm,SE
Brännö,SE,Stockholm,SE
Vargön,SE,Stockholm,SE
Lidingö,SE,Stockholm,SE
Enköping,SE,Stockholm,SE
Varberg,SE,Stockholm,SE
Åsarp,SE,Stockholm,SE
Klepstad,NO,Stockholm,SE
Eslöv,SE,Stockholm,SE
Hallstavik,SE,Stockholm,SE
Bjästa,SE,Stockholm,SE
Njurundabommen,SE,Stockholm,SE
Orrefors,SE,Stockholm,SE
Likenäs,SE,Stockholm,SE
Malm,NO,Stockholm,SE
Skarpnäck,SE,Stockholm,SE
Djursholm,SE,Stockholm,SE
Moen,NO,Stockholm,SE
Borensberg,SE,Stockholm,SE
Dala-Järna,SE,Stockholm,SE
Örebro,SE,Stockholm,SE
Nacka,SE,Stockholm,SE
Enskede Gård,SE,Stockholm,SE
Borghamn,SE,Stockholm,SE
Kungsholmen,SE,Stockholm,SE
Söråker,SE,Stockholm,SE
Getinge,SE,Stockholm,SE
Elverum,NO,Stockholm,SE
Harjavalta,FI,Stockholm,SE
Sollefteå,SE,Stockholm,SE
Äng,SE,Stockholm,SE
Askersund,SE,Stockholm,SE
Näsviken,SE,Stockholm,SE
Ise,NO,Stockholm,SE
Kinna,SE,Stockholm,SE
Saltsjöbaden,SE,Stockholm,SE
Skatval,NO,Stockholm,SE
Stora Mellösa,SE,Stockholm,SE
Muskö,SE,Stockholm,SE
Storvreta,SE,Stockholm,SE
Fosslandsosen,NO,Stockholm,SE
Staffanstorp,SE,Stockholm,SE
Leirfjord,NO,Stockholm,SE
Karlsborg,SE,Stockholm,SE
Hammarö,SE,Stockholm,SE
Örbyhus,SE,Stockholm,SE
Piteå,SE,Stockholm,SE
Skogås,SE,Stockholm,SE
Örby,SE,Stockholm,SE
Bua,SE,Stockholm,SE
Tennevollen,NO,Stockholm,SE
Ytterby,SE,Stockholm,SE
Odnes,NO,Stockholm,SE
Kungsör,SE,Stockholm,SE
Edsbyn,SE,Stockholm,SE
Östersund,SE,Stockholm,SE
Söderköping,SE,Stockholm,SE
Rottne,SE,Stockholm,SE
Arboga,SE,Stockholm,SE
Norberg,SE,Stockholm,SE
Sidensjö,SE,Stockholm,SE
Vendelsö,SE,Stockholm,SE
Ekolsund,SE,Stockholm,SE
Trollhättan,SE,Stockholm,SE
Höllviken,SE,Stockholm,SE
Lohja,FI,Stockholm,SE
Mörarp,SE,Stockholm,SE
Gällivare,SE,Stockholm,SE
Kallinge,SE,Stockholm,SE
Sandviken,SE,Stockholm,SE
Saltsjö-Duvnäs,SE,Stockholm,SE
Grobiņa,LV,Stockholm,SE
Gardermoen,NO,Stockholm,SE
Alversund,NO,Stockholm,SE
Falköping,SE,Stockholm,SE
Alingsås,SE,Stockholm,SE
Bredbyn,SE,Stockholm,SE
Vreta Kloster,SE,Stockholm,SE
Kolbotn,NO,Stockholm,SE
Mörrum,SE,Stockholm,SE
Ryd,SE,Stockholm,SE
Hemnesberget,NO,Stockholm,SE
Rauha,FI,Stockholm,SE
Torsås,SE,Stockholm,SE
Juoksengi,SE,Stockholm,SE
Oskarström,SE,Stockholm,SE
Tenhult,SE,Stockholm,SE
Hässelby strand,SE,Stockholm,SE
Østre Gausdal,NO,Stockholm,SE
Namsos,NO,Stockholm,SE
Åshammar,SE,Stockholm,SE
Marieholm,SE,Stockholm,SE
Vara,SE,Stockholm,SE
Svingvoll,NO,Stockholm,SE
Lagan,SE,Stockholm,SE
Norrköping,SE,Stockholm,SE
Eskilstuna,SE,Stockholm,SE
Nykvarn,SE,Stockholm,SE
Bøstad,NO,Stockholm,SE
Stigtomta,SE,Stockholm,SE
Nossebro,SE,Stockholm,SE
Vadstena,SE,Stockholm,SE
Gullringen,SE,Stockholm,SE
Enga,NO,Stockholm,SE
Nättraby,SE,Stockholm,SE
Spånga,SE,Stockholm,SE
Vretstorp,SE,Stockholm,SE
Farsta strand,SE,Stockholm,SE
Oxie,SE,Stockholm,SE
Ljusdal,SE,Stockholm,SE
Järfälla Municipality,SE,Stockholm,SE
Stavsnäs,SE,Stockholm,SE
Kisa,SE,Stockholm,SE
Långviksmon,SE,Stockholm,SE
Stø,NO,Stockholm,SE
Hammarstrand,SE,Stockholm,SE
Landsbro,SE,Stockholm,SE
Flateby,NO,Stockholm,SE
Ösmo,SE,Stockholm,SE
Gråbo,SE,Stockholm,SE
Frövi,SE,Stockholm,SE
Smögen,SE,Stockholm,SE
Skyllberg,SE,Stockholm,SE
Kivistö,FI,Stockholm,SE
Säve,SE,Stockholm,SE
Mjölby,SE,Stockholm,SE
Grimsås,SE,Stockholm,SE
Moheda,SE,Stockholm,SE
Stenkullen,SE,Stockholm,SE
Segeltorp,SE,Stockholm,SE
Anderstorp,SE,Stockholm,SE
Fjällbacka,SE,Stockholm,SE
Pålsboda,SE,Stockholm,SE
Österskär,SE,Stockholm,SE
Mariehamn,AX,Stockholm,SE
Kil,SE,Stockholm,SE
Hisings Backa,SE,Stockholm,SE
Sandared,SE,Stockholm,SE
Kode,SE,Stockholm,SE
Rönninge,SE,Stockholm,SE
Bettna,SE,Stockholm,SE
Domsjö,SE,Stockholm,SE
Gusum,SE,Stockholm,SE
Kiruna,SE,Stockholm,SE
Norsborg,SE,Stockholm,SE
Åtvidaberg,SE,Stockholm,SE
Oskarshamn,SE,Stockholm,SE
Frösö,SE,Stockholm,SE
Öjersjö,SE,Stockholm,SE
Åstorp,SE,Stockholm,SE
Fannrem,NO,Stockholm,SE
Ljungbyholm,SE,Stockholm,SE
Bäckefors,SE,Stockholm,SE
Ramberg,NO,Stockholm,SE
Fridlevstad,SE,Stockholm,SE
Ventspils,LV,Stockholm,SE
Hølen,NO,Stockholm,SE
Alunda,SE,Stockholm,SE
Ramnäs,SE,Stockholm,SE
Surahammar,SE,Stockholm,SE
Perstorp,SE,Stockholm,SE
Straumsjøen,NO,Stockholm,SE
Arneberg,NO,Stockholm,SE
Vallda,SE,Stockholm,SE
Säter,SE,Stockholm,SE
Aspås,SE,Stockholm,SE
Godvik,NO,Stockholm,SE
Lycksele,SE,Stockholm,SE
Rena,NO,Stockholm,SE
Löddeköpinge,SE,Stockholm,SE
Töreboda,SE,Stockholm,SE
Sagstua,NO,Stockholm,SE
Hägersten,SE,Stockholm,SE
Viken,SE,Stockholm,SE
Ärsta,SE,Stockholm,SE
Karlholmsbruk,SE,Stockholm,SE
Alberga,SE,Stockholm,SE
Nordkisa,NO,Stockholm,SE
Lysekil,SE,Stockholm,SE
Sexdrega,SE,Stockholm,SE
Bälinge,SE,Stockholm,SE
Gustavsberg,SE,Stockholm,SE
Boxholm,SE,Stockholm,SE
Sigtuna,SE,Stockholm,SE
Molkom,SE,Stockholm,SE
Haninge,SE,Stockholm,SE
Glomfjord,NO,Stockholm,SE
Roan,NO,Stockholm,SE
Hjo,SE,Stockholm,SE
Brunflo,SE,Stockholm,SE
Hyllinge,SE,Stockholm,SE
Bjørnevatn,NO,Stockholm,SE
Överkalix,SE,Stockholm,SE
Skotterud,NO,Stockholm,SE
Österbybruk,SE,Stockholm,SE
Klaipėda,LT,Stockholm,SE
Trelleborg,SE,Stockholm,SE
Skellefteå,SE,Stockholm,SE
Sømna,NO,Stockholm,SE
Nitta,SE,Stockholm,SE
Undersåker,SE,Stockholm,SE
Ystad,SE,Stockholm,SE
Jõhvi,EE,Stockholm,SE
Sundborn,SE,Stockholm,SE
Vårsta,SE,Stockholm,SE
Holmsjö,SE,Stockholm,SE
Austbø,NO,Stockholm,SE
Arvika,SE,Stockholm,SE
Hindås,SE,Stockholm,SE
Koppom,SE,Stockholm,SE
Bergeforsen,SE,Stockholm,SE
Torslanda,SE,Stockholm,SE
Obbola,SE,Stockholm,SE
Tuhalaane,EE,Stockholm,SE
Vega,SE,Stockholm,SE
Leksand,SE,Stockholm,SE
Smålandsstenar,SE,Stockholm,SE
Lidköping,SE,Stockholm,SE
Valskog,SE,Stockholm,SE
Laxå,SE,Stockholm,SE
Dale,NO,Stockholm,SE
Rinkaby,SE,Stockholm,SE
Brekke,NO,Stockholm,SE
Angered,SE,Stockholm,SE
Hammenhög,SE,Stockholm,SE
Vejbystrand,SE,Stockholm,SE
Strömstad,SE,Stockholm,SE
Ålberga,SE,Stockholm,SE
Horred,SE,Stockholm,SE
Skui,NO,Stockholm,SE
Dals Långed,SE,Stockholm,SE
Ängelholm,SE,Stockholm,SE
Tungelsta,SE,Stockholm,SE
Falkenberg,SE,Stockholm,SE
Nye,SE,Stockholm,SE
Botkyrka,SE,Stockholm,SE
Buresjön,SE,Stockholm,SE
Mönsterås,SE,Stockholm,SE
Fristad,SE,Stockholm,SE
Vaxholm,SE,Stockholm,SE
Sollentuna,SE,Stockholm,SE
Guldsmedshyttan,SE,Stockholm,SE
Tived,SE,Stockholm,SE
Haparanda,SE,Stockholm,SE
Sköndal,SE,Stockholm,SE
Mölndal,SE,Stockholm,SE
Åsbro,SE,Stockholm,SE
Kungsbacka,SE,Stockholm,SE
Sundsvall,SE,Stockholm,SE
Västervik,SE,Stockholm,SE
Älgarås,SE,Stockholm,SE
Narva-Jõesuu,EE,Stockholm,SE
Gnosjö,SE,Stockholm,SE
Norrtälje,SE,Stockholm,SE
Boden,SE,Stockholm,SE
Köpmanholmen,SE,Stockholm,SE
Vänersborg,SE,Stockholm,SE
Åby,SE,Stockholm,SE
Skillingaryd,SE,Stockholm,SE
Bagarmossen,SE,Stockholm,SE
Malung,SE,Stockholm,SE
Hamburgsund,SE,Stockholm,SE
Vintrosa,SE,Stockholm,SE
Avesta,SE,Stockholm,SE
Lieto,FI,Stockholm,SE
Björnlunda,SE,Stockholm,SE
Frufällan,SE,Stockholm,SE
Lørenskog,NO,Stockholm,SE
Eleja,LV,Stockholm,SE
Dalum,SE,Stockholm,SE
Valdemarsvik,SE,Stockholm,SE
Hudiksvall,SE,Stockholm,SE
Enskede-Årsta-Vantör,SE,Stockholm,SE
Bjørkelangen,NO,Stockholm,SE
Byske,SE,Stockholm,SE
Malmo,SE,Stockholm,SE
Furudals Bruk,SE,Stockholm,SE
Rugsund,NO,Stockholm,SE
Bankeryd,SE,Stockholm,SE
Skanör med Falsterbo,SE,Stockholm,SE
Älmestad,SE,Stockholm,SE
Hajom,SE,Stockholm,SE
Gnesta,SE,Stockholm,SE
Sala,SE,Stockholm,SE
Uddevalla,SE,Stockholm,SE
Fagervik,SE,Stockholm,SE
Vällingby,SE,Stockholm,SE
Taberg,SE,Stockholm,SE
Märsta,SE,Stockholm,SE
Svenljunga,SE,Stockholm,SE
Dannike,SE,Stockholm,SE
Haltdalen,NO,Stockholm,SE
Surte,SE,Stockholm,SE
Fjugesta,SE,Stockholm,SE
Nora,SE,Stockholm,SE
Vena,SE,Stockholm,SE
Alvesta,SE,Stockholm,SE
Österjörn,SE,Stockholm,SE
Bruksvallarna,SE,Stockholm,SE
Älandsbro,SE,Stockholm,SE
Bjursås,SE,Stockholm,SE
Örnsköldsvik,SE,Stockholm,SE
Bjørnemyrdalen,NO,Stockholm,SE
Motala,SE,Stockholm,SE
Gagnef,SE,Stockholm,SE
Vallentuna,SE,Stockholm,SE
Värmdö,SE,Stockholm,SE
Gammelstad,SE,Stockholm,SE
Borås,SE,Stockholm,SE
Dingle,SE,Stockholm,SE
Kristinehamn,SE,Stockholm,SE
Arlandastad,SE,Stockholm,SE
Sörberge,SE,Stockholm,SE
Duved,SE,Stockholm,SE
Tystberga,SE,Stockholm,SE
Kristianstad,SE,Stockholm,SE
Höganäs,SE,Stockholm,SE
Mullhyttan,SE,Stockholm,SE
Eket,SE,Stockholm,SE
Kareby,SE,Stockholm,SE
Katrineholm,SE,Stockholm,SE
Edane,SE,Stockholm,SE
Bromma,SE,Stockholm,SE
Karlstad,SE,Stockholm,SE
Årjäng,SE,Stockholm,SE
Vinberg,SE,Stockholm,SE
Öjebyn,SE,Stockholm,SE
Tygelsjö,SE,Stockholm,SE
Kurrajong Heights,AU,Sydney,AU
Coffs Harbour,AU,Sydney,AU
Thabeban,AU,Sydney,AU
Niupani,SB,Sydney,AU
Forster,AU,Sydney,AU
Oakey,AU,Sydney,AU
Beechmont,AU,Sydney,AU
Quorn,AU,Sydney,AU
Wamuran,AU,Sydney,AU
Redbournberry,AU,Sydney,AU
Pakenham,AU,Sydney,AU
Mareeba,AU,Sydney,AU
Upper Coomera,AU,Sydney,AU
Launceston,AU,Sydney,AU
Chevallum,AU,Sydney,AU
Denigomodu,NR,Sydney,AU
Newcastle,AU,Sydney,AU
Brisbane,AU,Sydney,AU
Narrabri,AU,Sydney,AU
Mount Cotton,AU,Sydney,AU
Dubbo,AU,Sydney,AU
Park Ridge,AU,Sydney,AU
Rockdale,AU,Sydney,AU
Bridgetown,AU,Sydney,AU
Mount Torrens,AU,Sydney,AU
The Oaks,AU,Sydney,AU
Booroobin,AU,Sydney,AU
Camden West,AU,Sydney,AU
Cobram,AU,Sydney,AU
Laguna,AU,Sydney,AU
Richmond,AU,Sydney,AU
Rosalie Plains,AU,Sydney,AU
Hamilton Island,AU,Sydney,AU
Liverpool,AU,Sydney,AU
Sydney Olympic Park,AU,Sydney,AU
Sandford,AU,Sydney,AU
Thirlmere,AU,Sydney,AU
Broome,AU,Sydney,AU
Pymble,AU,Sydney,AU
Windsor,AU,Sydney,AU
Jilliby,AU,Sydney,AU
Sutton,AU,Sydney,AU
Perthville,AU,Sydney,AU
Yaren District,NR,Sydney,AU
Baitsi District,NR,Sydney,AU
Epping,AU,Sydney,AU
Kandos,AU,Sydney,AU
Nairne,AU,Sydney,AU
Logan Village,AU,Sydney,AU
Dirranbandi,AU,Sydney,AU
Mardi,AU,Sydney,AU
Prospect,AU,Sydney,AU
Noojee,AU,Sydney,AU
Adelaide,AU,Sydney,AU
Lithgow,AU,Sydney,AU
Campbelltown,AU,Sydney,AU
Tamborine Mountain,AU,Sydney,AU
Municipality of Strathfield,AU,Sydney,AU
Villawood,AU,Sydney,AU
Caulfield,AU,Sydney,AU
Lismore,AU,Sydney,AU
Moss Vale,AU,Sydney,AU
Galston,AU,Sydney,AU
Queanbeyan,AU,Sydney,AU
Sydney,AU,Sydney,AU
Buala,SB,Sydney,AU
Bargara,AU,Sydney,AU
Darwin,AU,Sydney,AU
Yowrie,AU,Sydney,AU
Armidale,AU,Sydney,AU
Sailors Falls,AU,Sydney,AU
Mango Hill,AU,Sydney,AU
Croydon,AU,Sydney,AU
Makassar,ID,Sydney,AU
Mullumbimby,AU,Sydney,AU
Rockhampton,AU,Sydney,AU
Coalstoun Lakes,AU,Sydney,AU
Leura,AU,Sydney,AU
Stanmore,AU,Sydney,AU
Wyong Creek,AU,Sydney,AU
Lowood,AU,Sydney,AU
Orange,AU,Sydney,AU
Kyogle,AU,Sydney,AU
Marree,AU,Sydney,AU
Shoreham,AU,Sydney,AU
Gormandale,AU,Sydney,AU
Naracoorte,AU,Sydney,AU
Forestville,AU,Sydney,AU
Narangba,AU,Sydney,AU
Corlette,AU,Sydney,AU
Nowra,AU,Sydney,AU
Limerick,AU,Sydney,AU
Melbourne,AU,Sydney,AU
Pomborneit,AU,Sydney,AU
Merimbula,AU,Sydney,AU
Adare,AU,Sydney,AU
Bradbury,AU,Sydney,AU
Primrose Valley,AU,Sydney,AU
Brownlow Hill,AU,Sydney,AU
Auki,SB,Sydney,AU
Wauchope,AU,Sydney,AU
St Fillans,AU,Sydney,AU
Mount Victoria,AU,Sydney,AU
Ipswich,AU,Sydney,AU
Talwood,AU,Sydney,AU
Blanchview,AU,Sydney,AU
Kirup,AU,Sydney,AU
Townsville,AU,Sydney,AU
Mackay,AU,Sydney,AU
Kingscliff,AU,Sydney,AU
Parramatta,AU,Sydney,AU
Toowoomba,AU,Sydney,AU
Gosford,AU,Sydney,AU
Baranduda,AU,Sydney,AU
Cobar,AU,Sydney,AU
Yellingbo,AU,Sydney,AU
Meringandan,AU,Sydney,AU
Benayeo,AU,Sydney,AU
Blackmans Bay,AU,Sydney,AU
Bungarribee,AU,Sydney,AU
Maroon,AU,Sydney,AU
Pola Creek,AU,Sydney,AU
Erskine Park,AU,Sydney,AU
Carey Gully,AU,Sydney,AU
Peats Ridge,AU,Sydney,AU
Childers,AU,Sydney,AU
Quirindi,AU,Sydney,AU
Lewiston,AU,Sydney,AU
Yallourn,AU,Sydney,AU
Tea Gardens,AU,Sydney,AU
Canberra,AU,Sydney,AU
Ryde,AU,Sydney,AU
Morwell,AU,Sydney,AU
Morisset,AU,Sydney,AU
Noro,SB,Sydney,AU
Mount Barker,AU,Sydney,AU
Picton,AU,Sydney,AU
Nelson Bay,AU,Sydney,AU
Capalaba,AU,Sydney,AU
Tolga,AU,Sydney,AU
New Beith,AU,Sydney,AU
Pimpama,AU,Sydney,AU
Bongaree,AU,Sydney,AU
Stanthorpe,AU,Sydney,AU
Bomaderry,AU,Sydney,AU
Shelbourne,AU,Sydney,AU
Werombi,AU,Sydney,AU
Upper Colo,AU,Sydney,AU
Bellangry,AU,Sydney,AU
Mona Vale,AU,Sydney,AU
Gladstone,AU,Sydney,AU
Kogarah,AU,Sydney,AU
Beechworth,AU,Sydney,AU
Maleny,AU,Sydney,AU
Marsden Park,AU,Sydney,AU
Grose Wold,AU,Sydney,AU
Adelaide Hills,AU,Sydney,AU
Buccan,AU,Sydney,AU
Rapid Bay,AU,Sydney,AU
Lucas Heights,AU,Sydney,AU
Central Coast,AU,Sydney,AU
Lancefield,AU,Sydney,AU
Willowbank,AU,Sydney,AU
Wagga Wagga,AU,Sydney,AU
Moulamein,AU,Sydney,AU
Winkleigh,AU,Sydney,AU
Tenambit,AU,Sydney,AU
Orroroo,AU,Sydney,AU
Landsborough,AU,Sydney,AU
Rogans Hill,AU,Sydney,AU
Goulburn,AU,Sydney,AU
Kalgoorlie,AU,Sydney,AU
Seaforth,AU,Sydney,AU
Wallerawang,AU,Sydney,AU
Hervey Bay,AU,Sydney,AU
Earlwood,AU,Sydney,AU
Newman,AU,Sydney,AU
Noosa,AU,Sydney,AU
Maryborough,AU,Sydney,AU
Murwillumbah,AU,Sydney,AU
Lara,AU,Sydney,AU
Weston Creek,AU,Sydney,AU
Jordan Springs,AU,Sydney,AU
Upper Barron,AU,Sydney,AU
Wamboin,AU,Sydney,AU
Nambour,AU,Sydney,AU
Gold Coast,AU,Sydney,AU
Cooma,AU,Sydney,AU
Bundaberg,AU,Sydney,AU
Yangor,NR,Sydney,AU
Kempsey,AU,Sydney,AU
Junee,AU,Sydney,AU
Middleton Grange,AU,Sydney,AU
Ballina,AU,Sydney,AU
Wilberforce,AU,Sydney,AU
Malango,SB,Sydney,AU
Cairns,AU,Sydney,AU
Biggenden,AU,Sydney,AU
Charlwood,AU,Sydney,AU
Paris Creek,AU,Sydney,AU
Hazelbrook,AU,Sydney,AU
Bairnsdale,AU,Sydney,AU
Mooloolabah,AU,Sydney,AU
Ararat,AU,Sydney,AU
Alexandra Headland,AU,Sydney,AU
Hall,AU,Sydney,AU
Cheshunt,AU,Sydney,AU
Mildura,AU,Sydney,AU
Palmwoods,AU,Sydney,AU
Maitland,AU,Sydney,AU
Woodend,AU,Sydney,AU
Mid Sapphire Beach,AU,Sydney,AU
Gerringong,AU,Sydney,AU
Bridgewater,AU,Sydney,AU
Beerwah,AU,Sydney,AU
Narrawa,AU,Sydney,AU
Innot Hot Springs,AU,Sydney,AU
Kununurra,AU,Sydney,AU
Daylesford,AU,Sydney,AU
Wollongong,AU,Sydney,AU
Corrigin,AU,Sydney,AU
Nook,AU,Sydney,AU
Silverdale,AU,Sydney,AU
Sutherland,AU,Sydney,AU
Tomago,AU,Sydney,AU
Bowen Mountain,AU,Sydney,AU
Caddens,AU,Sydney,AU
High Range,AU,Sydney,AU
Marysville,AU,Sydney,AU
Kellevie,AU,Sydney,AU
Honiara,SB,Sydney,AU
Medowie,AU,Sydney,AU
Cooroy Mountain,AU,Sydney,AU
Peachester,AU,Sydney,AU
Rutherglen,AU,Sydney,AU
Kiama,AU,Sydney,AU
Peelhurst,AU,Sydney,AU
Sōka Shi,JP,Tokyo,JP
Ushiku,JP,Tokyo,JP
Chayama,JP,Tokyo,JP
Kashiwagichō,JP,Tokyo,JP
Enokido,JP,Tokyo,JP
Jungnang-gu,KR,Tokyo,JP
Toranomon,JP,Tokyo,JP
Shinchiba,JP,Tokyo,JP
Yabechō,JP,Tokyo,JP
Namiyoke,JP,Tokyo,JP
Izumigaoka,JP,Tokyo,JP
Minamirokugō,JP,Tokyo,JP
Mure,JP,Tokyo,JP
Tamba-Sasayama,JP,Tokyo,JP
Tōzuka,JP,Tokyo,JP
Shimotsuke,JP,Tokyo,JP
Hanazonochō,JP,Tokyo,JP
Marugame,JP,Tokyo,JP
Ikarashinakajima,JP,Tokyo,JP
Shimoda,JP,Tokyo,JP
Uchiya,JP,Tokyo,JP
Tate,JP,Tokyo,JP
Okinawa,JP,Tokyo,JP
Mano-shinmachi,JP,Tokyo,JP
Iwase,JP,Tokyo,JP
Tomisato,JP,Tokyo,JP
Okaya Shi,JP,Tokyo,JP
Meike,JP,Tokyo,JP
Tateishimachi,JP,Tokyo,JP
Sasebo,JP,Tokyo,JP
Komaki,JP,Tokyo,JP
Aoyama,JP,Tokyo,JP
Ikeda,JP,Tokyo,JP
Tokitōchō,JP,Tokyo,JP
Fujieda,JP,Tokyo,JP
Futtsu,JP,Tokyo,JP
Izumi,JP,Tokyo,JP
Tako,JP,Tokyo,JP
Sakura,JP,Tokyo,JP
Nagamachi,JP,Tokyo,JP
Kitazawa,JP,Tokyo,JP
Ho,JP,Tokyo,JP
Warino,JP,Tokyo,JP
Sekimachikita,JP,Tokyo,JP
Nikaho,JP,Tokyo,JP
Minamisawa,JP,Tokyo,JP
Hachinohe Shi,JP,Tokyo,JP
Hannō,JP,Tokyo,JP
Hōrai,JP,Tokyo,JP
Toyano,JP,Tokyo,JP
Isahaya,JP,Tokyo,JP
Koshigaya Shi,JP,Tokyo,JP
Ōichō,JP,Tokyo,JP
Sugetachō,JP,Tokyo,JP
Kamiyabechō,JP,Tokyo,JP
Komone,JP,Tokyo,JP
Sumiyoshi,JP,Tokyo,JP
Jōkō,JP,Tokyo,JP
Ichinomiya,JP,Tokyo,JP
Minami Alps Shi,JP,Tokyo,JP
Motomachi,JP,Tokyo,JP
Ōhira,JP,Tokyo,JP
Iso,JP,Tokyo,JP
Naka,JP,Tokyo,JP
Masuda,JP,Tokyo,JP
Nishiikebukuro,JP,Tokyo,JP
Hirai,JP,Tokyo,JP
Higashidai,JP,Tokyo,JP
Kumaguramachi-kumagura,JP,Tokyo,JP
Sakawa,JP,Tokyo,JP
Ryōke,JP,Tokyo,JP
Nishidai,JP,Tokyo,JP
Tsurugamine,JP,Tokyo,JP
Chitose,JP,Tokyo,JP
Itoigawa,JP,Tokyo,JP
Nagakura,JP,Tokyo,JP
Shimotsuma Shi,JP,Tokyo,JP
Iwa,JP,Tokyo,JP
Higashiōmiya,JP,Tokyo,JP
Saitama,JP,Tokyo,JP
Kameoka,JP,Tokyo,JP
Iijimachō,JP,Tokyo,JP
Sakuragaoka,JP,Tokyo,JP
Takadate-yoshida,JP,Tokyo,JP
Soya,JP,Tokyo,JP
Hamanakacho,JP,Tokyo,JP
Shimmachi,JP,Tokyo,JP
Batō,JP,Tokyo,JP
Motoasakusa,JP,Tokyo,JP
Furuichi,JP,Tokyo,JP
Tokyo,JP,Tokyo,JP
Midori,JP,Tokyo,JP
Sakurada,JP,Tokyo,JP
Fujimichō,JP,Tokyo,JP
Shijimamachi,JP,Tokyo,JP
Kaminoda,JP,Tokyo,JP
Shinishiyama,JP,Tokyo,JP
Maihama,JP,Tokyo,JP
Yorii,JP,Tokyo,JP
Hasuda,JP,Tokyo,JP
Higashikubochō,JP,Tokyo,JP
Osaka,JP,Tokyo,JP
Miyagino,JP,Tokyo,JP
Matsubushi,JP,Tokyo,JP
Isshiki,JP,Tokyo,JP
Kumagaya,JP,Tokyo,JP
Higashi,JP,Tokyo,JP
Minaminagasaki,JP,Tokyo,JP
Kaishū,JP,Tokyo,JP
Egeyamacho,JP,Tokyo,JP
Nagasaki,JP,Tokyo,JP
Ōnebu,JP,Tokyo,JP
Aioichō,JP,Tokyo,JP
Shikama,JP,Tokyo,JP
Torimichō,JP,Tokyo,JP
Nishiogikita,JP,Tokyo,JP
Yushima,JP,Tokyo,JP
Numakunai,JP,Tokyo,JP
Yomase,JP,Tokyo,JP
Ōzenji-higashi,JP,Tokyo,JP
Tsurumi,JP,Tokyo,JP
Kimitsu Shi,JP,Tokyo,JP
Waseda,JP,Tokyo,JP
Tennō,JP,Tokyo,JP
Shiomi,JP,Tokyo,JP
Kamimizo,JP,Tokyo,JP
Numata,JP,Tokyo,JP
Nasukarasuyama,JP,Tokyo,JP
Konancho,JP,Tokyo,JP
Ōtsuki,JP,Tokyo,JP
Shimonofu,JP,Tokyo,JP
Nanaku,JP,Tokyo,JP
Goyang-si,KR,Tokyo,JP
Shinnabe,JP,Tokyo,JP
Kushima,JP,Tokyo,JP
Fuchū,JP,Tokyo,JP
Mukaiyama,JP,Tokyo,JP
Ikebukuro,JP,Tokyo,JP
Kanamechō,JP,Tokyo,JP
Kawauchi,JP,Tokyo,JP
Nozawa,JP,Tokyo,JP
Mimuro,JP,Tokyo,JP
Taihaku,JP,Tokyo,JP
Guam North Explosives Dumping Area WW2,GU,Tokyo,JP
Honjō,JP,Tokyo,JP
Ichizawachō,JP,Tokyo,JP
Kawaguchi,JP,Tokyo,JP
Kitakata,JP,Tokyo,JP
Ishitsuka,JP,Tokyo,JP
Kaminokawa,JP,Tokyo,JP
Nishimachi,JP,Tokyo,JP
Hongō,JP,Tokyo,JP
Yoshikawa,JP,Tokyo,JP
Shiraitodai,JP,Tokyo,JP
Guminoki,JP,Tokyo,JP
Kamishineicho,JP,Tokyo,JP
Kakuda,JP,Tokyo,JP
Teraokami,JP,Tokyo,JP
Kamiishiwara,JP,Tokyo,JP
Hikawadai,JP,Tokyo,JP
Ajikidai,JP,Tokyo,JP
Oritate,JP,Tokyo,JP
Fukawa,JP,Tokyo,JP
Tsuchidaru,JP,Tokyo,JP
Ōgami,JP,Tokyo,JP
Tomihisachō,JP,Tokyo,JP
Jōetsu,JP,Tokyo,JP
Wakabadai,JP,Tokyo,JP
Ōura,JP,Tokyo,JP
Kozono,JP,Tokyo,JP
Wakayama,JP,Tokyo,JP
Minamishinagawa,JP,Tokyo,JP
Kokubunji,JP,Tokyo,JP
Chūgonji,JP,Tokyo,JP
Gamagōri,JP,Tokyo,JP
Fujigaoka,JP,Tokyo,JP
Nayoro,JP,Tokyo,JP
Kukihigashi,JP,Tokyo,JP
Aobadai,JP,Tokyo,JP
Imai,JP,Tokyo,JP
Nakanoyama,JP,Tokyo,JP
Sukagawa,JP,Tokyo,JP
Kōriyama,JP,Tokyo,JP
Nagazumi,JP,Tokyo,JP
Takaishi,JP,Tokyo,JP
Kamikodanaka,JP,Tokyo,JP
Kitanagoya,JP,Tokyo,JP
Sagamihara,JP,Tokyo,JP
Tokushima,JP,Tokyo,JP
Asuka,JP,Tokyo,JP
Aihara,JP,Tokyo,JP
Ōme,JP,Tokyo,JP
Shisui,JP,Tokyo,JP
Haragatai,JP,Tokyo,JP
Shirakabe,JP,Tokyo,JP
Ōbuke,JP,Tokyo,JP
Nakazato,JP,Tokyo,JP
Komanishi,JP,Tokyo,JP
Fujisaki,JP,Tokyo,JP
Fussa,JP,Tokyo,JP
Minamihommachi,JP,Tokyo,JP
Jonaicho,JP,Tokyo,JP
Takatsuki,JP,Tokyo,JP
Shiki,JP,Tokyo,JP
Fukasawa,JP,Tokyo,JP
Maebashi,JP,Tokyo,JP
Kitakatsushika-gun,JP,Tokyo,JP
Tateishi,JP,Tokyo,JP
Fujita,JP,Tokyo,JP
Kamiji,JP,Tokyo,JP
Izumichuo,JP,Tokyo,JP
Sapporo,JP,Tokyo,JP
Nakakiyoto,JP,Tokyo,JP
Shinokayama,JP,Tokyo,JP
Shimonoda,JP,Tokyo,JP
Miyoguchi,JP,Tokyo,JP
Ōgashiwa,JP,Tokyo,JP
Yanagawa,JP,Tokyo,JP
Ononiimachi,JP,Tokyo,JP
Kinunodai,JP,Tokyo,JP
Miharadai,JP,Tokyo,JP
Koda,JP,Tokyo,JP
Higashicho,JP,Tokyo,JP
Imajukuhigashi,JP,Tokyo,JP
Hotaka,JP,Tokyo,JP
Iwane,JP,Tokyo,JP
Nakakido,JP,Tokyo,JP
Fuchūchō,JP,Tokyo,JP
Hanabusa,JP,Tokyo,JP
Osakidai,JP,Tokyo,JP
Ichinazaka,JP,Tokyo,JP
Sōka,JP,Tokyo,JP
Narashino,JP,Tokyo,JP
Asago Shi,JP,Tokyo,JP
Nakano,JP,Tokyo,JP
Misawa,JP,Tokyo,JP
Higashinagaya,JP,Tokyo,JP
Kahinata,JP,Tokyo,JP
Morishita,JP,Tokyo,JP
Shimada,JP,Tokyo,JP
Ueuchi,JP,Tokyo,JP
Sagae,JP,Tokyo,JP
Takehara,JP,Tokyo,JP
Tsurumaki,JP,Tokyo,JP
Owadamachi,JP,Tokyo,JP
Tayuhamashimmachi,JP,Tokyo,JP
Hondori,JP,Tokyo,JP
Minato,JP,Tokyo,JP
Matsugaoka,JP,Tokyo,JP
Nukuiminamicho,JP,Tokyo,JP
Hokuto,JP,Tokyo,JP
Kiryū,JP,Tokyo,JP
Araichō,JP,Tokyo,JP
Minamiashigara,JP,Tokyo,JP
Ebina,JP,Tokyo,JP
Kawasaki,JP,Tokyo,JP
Kakamigahara,JP,Tokyo,JP
Seya Ku,JP,Tokyo,JP
Nakajimachō,JP,Tokyo,JP
Chōfu,JP,Tokyo,JP
Maesawa,JP,Tokyo,JP
Sakuragawa,JP,Tokyo,JP
Kitamachi,JP,Tokyo,JP
Izumita,JP,Tokyo,JP
Taihaku Ku,JP,Tokyo,JP
Kamiyomogida,JP,Tokyo,JP
Saiwaichō,JP,Tokyo,JP
Sakuragi,JP,Tokyo,JP
Nagakute,JP,Tokyo,JP
Higashiboridōri,JP,Tokyo,JP
Saido,JP,Tokyo,JP
Owariasahi,JP,Tokyo,JP
Himeji,JP,Tokyo,JP
Noboribetsu,JP,Tokyo,JP
Higashine,JP,Tokyo,JP
Ichikawa,JP,Tokyo,JP
Yamafutatsu,JP,Tokyo,JP
Hirosaki,JP,Tokyo,JP
Chiyo,JP,Tokyo,JP
Ikejiri,JP,Tokyo,JP
Sugita,JP,Tokyo,JP
Sanada,JP,Tokyo,JP
Haruno,JP,Tokyo,JP
Shukugawara,JP,Tokyo,JP
Joto,JP,Tokyo,JP
Onomichi,JP,Tokyo,JP
Sumida,JP,Tokyo,JP
Udezukacho,JP,Tokyo,JP
Kamagaya,JP,Tokyo,JP
Kitahiroshima,JP,Tokyo,JP
Ishikari,JP,Tokyo,JP
Wada,JP,Tokyo,JP
Nihammatsu,JP,Tokyo,JP
Wasada,JP,Tokyo,JP
Nagataminami,JP,Tokyo,JP
Izumichō,JP,Tokyo,JP
Susono,JP,Tokyo,JP
Sakaimachi,JP,Tokyo,JP
Sendai,JP,Tokyo,JP
Tenma,JP,Tokyo,JP
Inabacho,JP,Tokyo,JP
Kaneko,JP,Tokyo,JP
Kasugaoka,JP,Tokyo,JP
Higashikoizumi,JP,Tokyo,JP
Ojima,JP,Tokyo,JP
Goi,JP,Tokyo,JP
Bukkōchō,JP,Tokyo,JP
Kawadaira,JP,Tokyo,JP
Nakatsu,JP,Tokyo,JP
Sotoyama,JP,Tokyo,JP
Nakahara,JP,Tokyo,JP
Sagamino,JP,Tokyo,JP
Yamakiya,JP,Tokyo,JP
Hokkaido,JP,Tokyo,JP
Shimotakaido,JP,Tokyo,JP
Oniyanagichō,JP,Tokyo,JP
Yanagimachi,JP,Tokyo,JP
Wado,JP,Tokyo,JP
Nakajuku,JP,Tokyo,JP
Fukujima,JP,Tokyo,JP
Imajuku,JP,Tokyo,JP
Yoichi,JP,Tokyo,JP
Akishima,JP,Tokyo,JP
Iwaki,JP,Tokyo,JP
Shiohama,JP,Tokyo,JP
Asumigaoka,JP,Tokyo,JP
Oiwakechō,JP,Tokyo,JP
Kashiya,JP,Tokyo,JP
Kujō,JP,Tokyo,JP
Yuriage,JP,Tokyo,JP
Irie,JP,Tokyo,JP
Okurayama,JP,Tokyo,JP
Hakusanchō-sada,JP,Tokyo,JP
Takizawa,JP,Tokyo,JP
Tsuruoka,JP,Tokyo,JP
Bandai,JP,Tokyo,JP
Miyayama,JP,Tokyo,JP
Minamiuonuma,JP,Tokyo,JP
Shimosakunobe,JP,Tokyo,JP
Futo,JP,Tokyo,JP
Nishiōwada,JP,Tokyo,JP
Itayanagi,JP,Tokyo,JP
Shizuoka,JP,Tokyo,JP
Merizo Village,GU,Tokyo,JP
Shimoayashi,JP,Tokyo,JP
Satozukamidorigaoka,JP,Tokyo,JP
Motobuto,JP,Tokyo,JP
Setagaya-ku,JP,Tokyo,JP
Hanesawa,JP,Tokyo,JP
Shinanochō,JP,Tokyo,JP
Jingūmae,JP,Tokyo,JP
Zama,JP,Tokyo,JP
Iwasakichō,JP,Tokyo,JP
Tagara,JP,Tokyo,JP
Asaka,JP,Tokyo,JP
Ishie,JP,Tokyo,JP
Kukichūō,JP,Tokyo,JP
Shiratsuka,JP,Tokyo,JP
Kusatsu Shi,JP,Tokyo,JP
Shirako,JP,Tokyo,JP
Itō,JP,Tokyo,JP
Mutsu,JP,Tokyo,JP
Shimabuku,JP,Tokyo,JP
Ueda,JP,Tokyo,JP
Bandō,JP,Tokyo,JP
Chūōku,JP,Tokyo,JP
Sakaechō,JP,Tokyo,JP
Kiyoharadai,JP,Tokyo,JP
Honda,JP,Tokyo,JP
Hakuba,JP,Tokyo,JP
Takadono,JP,Tokyo,JP
Itado,JP,Tokyo,JP
Mashiko,JP,Tokyo,JP
Koyama,JP,Tokyo,JP
Isogamidori,JP,Tokyo,JP
Mikura,JP,Tokyo,JP
Nikkō,JP,Tokyo,JP
Kaminoyama,JP,Tokyo,JP
Rumoi,JP,Tokyo,JP
Kamishihoro,JP,Tokyo,JP
Senzoku,JP,Tokyo,JP
Tennocho,JP,Tokyo,JP
Ekimae,JP,Tokyo,JP
Towada,JP,Tokyo,JP
Urayasu,JP,Tokyo,JP
Kuwabara,JP,Tokyo,JP
Higashinarashino,JP,Tokyo,JP
Negoya,JP,Tokyo,JP
Amanuma,JP,Tokyo,JP
Futabagaoka,JP,Tokyo,JP
Maigaoka,JP,Tokyo,JP
Yashiroda,JP,Tokyo,JP
Tokorozawa,JP,Tokyo,JP
Kamisato-machi,JP,Tokyo,JP
Azamino,JP,Tokyo,JP
Kado,JP,Tokyo,JP
Minamisumiyoshi,JP,Tokyo,JP
Kamata,JP,Tokyo,JP
Ayase,JP,Tokyo,JP
Okino,JP,Tokyo,JP
Shindorinishi,JP,Tokyo,JP
Kuroya,JP,Tokyo,JP
Sakata,JP,Tokyo,JP
Nagareyama,JP,Tokyo,JP
Uruma,JP,Tokyo,JP
Kōnosu,JP,Tokyo,JP
Daisen,JP,Tokyo,JP
Nakanobu,JP,Tokyo,JP
Nishi,JP,Tokyo,JP
Nishimagome,JP,Tokyo,JP
Futabachō,JP,Tokyo,JP
Sanuki,JP,Tokyo,JP
Nakahata,JP,Tokyo,JP
Hiraokakoenhigashi,JP,Tokyo,JP
Minamicho,JP,Tokyo,JP
Sakaki,JP,Tokyo,JP
Sengenchō,JP,Tokyo,JP
Tsuruta,JP,Tokyo,JP
Tsuruoka Shi,JP,Tokyo,JP
Sakae,JP,Tokyo,JP
Higashiyamato,JP,Tokyo,JP
Oka,JP,Tokyo,JP
Kagoshima,JP,Tokyo,JP
Shimohōya,JP,Tokyo,JP
Nakamachi,JP,Tokyo,JP
Yokosuka,JP,Tokyo,JP
Yuzawa,JP,Tokyo,JP
Fujimino,JP,Tokyo,JP
Higashihara,JP,Tokyo,JP
Sekizawa,JP,Tokyo,JP
Noda,JP,Tokyo,JP
Monoochō-shinden,JP,Tokyo,JP
Kahoku,JP,Tokyo,JP
Kuranamidai,JP,Tokyo,JP
Komoro,JP,Tokyo,JP
Ōtachichō,JP,Tokyo,JP
Kyōeichō,JP,Tokyo,JP
Maenochō,JP,Tokyo,JP
Kitaibaraki,JP,Tokyo,JP
Taito,JP,Tokyo,JP
Josuihoncho,JP,Tokyo,JP
Chigasaki,JP,Tokyo,JP
Sakaihigashi,JP,Tokyo,JP
Marifumachi,JP,Tokyo,JP
Takasaki,JP,Tokyo,JP
Ōtsukimachi,JP,Tokyo,JP
Hitachi-Naka,JP,Tokyo,JP
Fujikubo,JP,Tokyo,JP
Kitaando,JP,Tokyo,JP
Yotsukaidō,JP,Tokyo,JP
Noborito,JP,Tokyo,JP
Mooka,JP,Tokyo,JP
Tōkamachi,JP,Tokyo,JP
Takagi,JP,Tokyo,JP
Gumizawa,JP,Tokyo,JP
Togoshi,JP,Tokyo,JP
Miyahara,JP,Tokyo,JP
Arato,JP,Tokyo,JP
Kochi,JP,Tokyo,JP
Tsuru Shi,JP,Tokyo,JP
Omigawa,JP,Tokyo,JP
Saipan,MP,Tokyo,JP
Abashiri,JP,Tokyo,JP
Kuwanoyama,JP,Tokyo,JP
Miyagawacho,JP,Tokyo,JP
Roppongi,JP,Tokyo,JP
Tomakomai,JP,Tokyo,JP
Tamuning,GU,Tokyo,JP
Hasune,JP,Tokyo,JP
Nagatsutachō,JP,Tokyo,JP
Ōashi,JP,Tokyo,JP
Honkomagome,JP,Tokyo,JP
Kurauchi,JP,Tokyo,JP
Sugisawa,JP,Tokyo,JP
Egota,JP,Tokyo,JP
Tsukumo,JP,Tokyo,JP
Minamishitauramachi-kikuna,JP,Tokyo,JP
Dainohara,JP,Tokyo,JP
Karuizawa,JP,Tokyo,JP
Isesaki,JP,Tokyo,JP
Nemuro,JP,Tokyo,JP
Ōgi,JP,Tokyo,JP
Machiniwasaka,JP,Tokyo,JP
Hyakuninchō,JP,Tokyo,JP
Chuo,JP,Tokyo,JP
Oda-sakae,JP,Tokyo,JP
Shibusawa,JP,Tokyo,JP
Nakadai,JP,Tokyo,JP
Kyuchu,JP,Tokyo,JP
Fuse,JP,Tokyo,JP
Yoshidajima,JP,Tokyo,JP
Ōdate,JP,Tokyo,JP
Shinjuku,JP,Tokyo,JP
Sakaedōri,JP,Tokyo,JP
Fujiyoshida,JP,Tokyo,JP
Kasumigaura,JP,Tokyo,JP
Kōnan,JP,Tokyo,JP
Ogano,JP,Tokyo,JP
Funabashi,JP,Tokyo,JP
Gotenba Shi,JP,Tokyo,JP
Tomizawa,JP,Tokyo,JP
Shimomeguro,JP,Tokyo,JP
Hanyū,JP,Tokyo,JP
Kujichō,JP,Tokyo,JP
Minamiushiroya,JP,Tokyo,JP
Yoshinochō,JP,Tokyo,JP
Fujikawaguchiko,JP,Tokyo,JP
Oguni,JP,Tokyo,JP
Kiyosu,JP,Tokyo,JP
Nishiōizumi,JP,Tokyo,JP
Bucheon-si,KR,Tokyo,JP
Ubagai,JP,Tokyo,JP
Namiki,JP,Tokyo,JP
Taishō,JP,Tokyo,JP
Miyota,JP,Tokyo,JP
Shibukawa,JP,Tokyo,JP
Musashino,JP,Tokyo,JP
Aomori,JP,Tokyo,JP
Yashio,JP,Tokyo,JP
Dotechō,JP,Tokyo,JP
Nishimiyanome,JP,Tokyo,JP
Owada,JP,Tokyo,JP
Ebetsu,JP,Tokyo,JP
Motoimaizumi,JP,Tokyo,JP
Ebetsu Shi,JP,Tokyo,JP
Tamura,JP,Tokyo,JP
Iwamizawa,JP,Tokyo,JP
Iwakiri,JP,Tokyo,JP
Tarumichō,JP,Tokyo,JP
Motomiya,JP,Tokyo,JP
Omitama,JP,Tokyo,JP
Matsudo,JP,Tokyo,JP
Niigata,JP,Tokyo,JP
Tsuzureko,JP,Tokyo,JP
Nakao,JP,Tokyo,JP
Kōnosudai,JP,Tokyo,JP
Mejiro,JP,Tokyo,JP
Katsuragi,JP,Tokyo,JP
Nishibori,JP,Tokyo,JP
Jōseichō,JP,Tokyo,JP
Kamata-honchō,JP,Tokyo,JP
Akahama,JP,Tokyo,JP
Kyoto,JP,Tokyo,JP
Hokushinchō,JP,Tokyo,JP
Fushimi,JP,Tokyo,JP
Katsuura,JP,Tokyo,JP
Ōmachi,JP,Tokyo,JP
Hanamidai,JP,Tokyo,JP
Ikenohara,JP,Tokyo,JP
Nabari,JP,Tokyo,JP
Nankodaiminami,JP,Tokyo,JP
Amatsu,JP,Tokyo,JP
Shintera,JP,Tokyo,JP
Omaeda,JP,Tokyo,JP
Yamoto,JP,Tokyo,JP
Tsuzuki Ku,JP,Tokyo,JP
Takahama,JP,Tokyo,JP
Koga,JP,Tokyo,JP
Shiojiri,JP,Tokyo,JP
Tokiwadaira,JP,Tokyo,JP
Nagano,JP,Tokyo,JP
Minamimagome,JP,Tokyo,JP
Sueda,JP,Tokyo,JP
Sasame,JP,Tokyo,JP
Suzaka,JP,Tokyo,JP
Shibata,JP,Tokyo,JP
Gero,JP,Tokyo,JP
Tsukagoshi,JP,Tokyo,JP
Higashigotanda,JP,Tokyo,JP
Kōkandōri,JP,Tokyo,JP
Ichigaochō,JP,Tokyo,JP
Toride,JP,Tokyo,JP
Nakamuraminami,JP,Tokyo,JP
Takamori,JP,Tokyo,JP
Fukumuro,JP,Tokyo,JP
Kugayama,JP,Tokyo,JP
Ōkubo,JP,Tokyo,JP
Futamata,JP,Tokyo,JP
Nerima,JP,Tokyo,JP
Minamiobata,JP,Tokyo,JP
Hanawa,JP,Tokyo,JP
Minaminakano,JP,Tokyo,JP
Tsu,JP,Tokyo,JP
Kanagawa,JP,Tokyo,JP
Miyamae Ku,JP,Tokyo,JP
Nojiri,JP,Tokyo,JP
Hakodate,JP,Tokyo,JP
Ina,JP,Tokyo,JP
Chiganodai,JP,Tokyo,JP
Kunimi,JP,Tokyo,JP
Nishimuta,JP,Tokyo,JP
Sumiyoshichō,JP,Tokyo,JP
Nishigawara,JP,Tokyo,JP
Takarazuka,JP,Tokyo,JP
Hirasawa,JP,Tokyo,JP
Uehara,JP,Tokyo,JP
Hakonegasaki,JP,Tokyo,JP
Sakaecho,JP,Tokyo,JP
Maekaizukachō,JP,Tokyo,JP
Atami,JP,Tokyo,JP
Shimoishiwara,JP,Tokyo,JP
Sankyomachi,JP,Tokyo,JP
Kitakunomoto,JP,Tokyo,JP
Takashimadaira,JP,Tokyo,JP
Wajirogaoka,JP,Tokyo,JP
Tomiya,JP,Tokyo,JP
Toshima,JP,Tokyo,JP
Aobachō,JP,Tokyo,JP
Nakatsugawa,JP,Tokyo,JP
Ōtemachi,JP,Tokyo,JP
Kamikiyoku,JP,Tokyo,JP
Rokuhara,JP,Tokyo,JP
Sōsa,JP,Tokyo,JP
Gyōda,JP,Tokyo,JP
Shiroi,JP,Tokyo,JP
Kamekubo,JP,Tokyo,JP
Iwai,JP,Tokyo,JP
Shirakawa,JP,Tokyo,JP
Yaita,JP,Tokyo,JP
Minamihoncho,JP,Tokyo,JP
Ishigamidai,JP,Tokyo,JP
Toriage,JP,Tokyo,JP
Asamadai,JP,Tokyo,JP
Uenohara,JP,Tokyo,JP
Minamiarupusu,JP,Tokyo,JP
Hayadorikita,JP,Tokyo,JP
Hiro-ōshingai,JP,Tokyo,JP
Ōnomachi,JP,Tokyo,JP
Hachinohe,JP,Tokyo,JP
Sashiōgi,JP,Tokyo,JP
Yokoze,JP,Tokyo,JP
Numame,JP,Tokyo,JP
Hiroekimae,JP,Tokyo,JP
Itako,JP,Tokyo,JP
Enshōji,JP,Tokyo,JP
Aizawa,JP,Tokyo,JP
Fukuokamachi-minojima,JP,Tokyo,JP
Midorigaoka,JP,Tokyo,JP
Inage,JP,Tokyo,JP
Sugachō,JP,Tokyo,JP
Nishihara,JP,Tokyo,JP
Atsugi,JP,Tokyo,JP
Yakō,JP,Tokyo,JP
Nishiōsaki,JP,Tokyo,JP
Jinkōji,JP,Tokyo,JP
Shinkomabayashi,JP,Tokyo,JP
Haru,JP,Tokyo,JP
Komaba,JP,Tokyo,JP
Ōmorikita,JP,Tokyo,JP
Muramatsu,JP,Tokyo,JP
Uozu,JP,Tokyo,JP
Utsukushigaoka,JP,Tokyo,JP
Hakusan'ura,JP,Tokyo,JP
Mobara,JP,Tokyo,JP
Seongnam-si,KR,Tokyo,JP
Kōzanchō,JP,Tokyo,JP
Omotejionji,JP,Tokyo,JP
Inashiki,JP,Tokyo,JP
Nishiwaseda,JP,Tokyo,JP
Mutsuura-minami,JP,Tokyo,JP
Higashinaganuma,JP,Tokyo,JP
Fuchinobe,JP,Tokyo,JP
Nan'yō Shi,JP,Tokyo,JP
Kawashima,JP,Tokyo,JP
Maruobara,JP,Tokyo,JP
Mutsukawa,JP,Tokyo,JP
Kishizu,JP,Tokyo,JP
Kaminagaya,JP,Tokyo,JP
Higashinakada,JP,Tokyo,JP
Kamiwada,JP,Tokyo,JP
Chishima,JP,Tokyo,JP
Honchō,JP,Tokyo,JP
Imajukuchō,JP,Tokyo,JP
Matsuyama,JP,Tokyo,JP
Kiribatake,JP,Tokyo,JP
Tsuchiya,JP,Tokyo,JP
Nakatehara,JP,Tokyo,JP
Higashimatsuyama Shi,JP,Tokyo,JP
Shimokodanaka,JP,Tokyo,JP
Hiyoshi,JP,Tokyo,JP
Hanamaki,JP,Tokyo,JP
Toyotamanaka,JP,Tokyo,JP
Shirane,JP,Tokyo,JP
Sagamigaoka,JP,Tokyo,JP
Minoh,JP,Tokyo,JP
Ogura,JP,Tokyo,JP
Hōyachō,JP,Tokyo,JP
Mibu,JP,Tokyo,JP
Koshigaya,JP,Tokyo,JP
Sugaya,JP,Tokyo,JP
Miyazaki,JP,Tokyo,JP
Kazo,JP,Tokyo,JP
Ushiami,JP,Tokyo,JP
Shibakōen,JP,Tokyo,JP
Ogawamachi,JP,Tokyo,JP
Gakuden,JP,Tokyo,JP
Higashikoyodai,JP,Tokyo,JP
Hyōgo,JP,Tokyo,JP
Chiyoda-ku,JP,Tokyo,JP
Utase,JP,Tokyo,JP
Higashimurayama,JP,Tokyo,JP
Ikegami,JP,Tokyo,JP
Otaru,JP,Tokyo,JP
Motoyokoyamacho,JP,Tokyo,JP
Futako,JP,Tokyo,JP
Kyōgoku,JP,Tokyo,JP
Ebisu,JP,Tokyo,JP
Nishiterao,JP,Tokyo,JP
Yasuda,JP,Tokyo,JP
Seto,JP,Tokyo,JP
Izumi-honchō,JP,Tokyo,JP
Hatsukaichi,JP,Tokyo,JP
Yoshioka,JP,Tokyo,JP
Higashibefu,JP,Tokyo,JP
Narita,JP,Tokyo,JP
Kamimachi,JP,Tokyo,JP
Onodai,JP,Tokyo,JP
Nagai,JP,Tokyo,JP
Tsurugaoka,JP,Tokyo,JP
Harigaya,JP,Tokyo,JP
Tsuyama,JP,Tokyo,JP
Katsushika,JP,Tokyo,JP
Shimotoda,JP,Tokyo,JP
Kashiwa,JP,Tokyo,JP
Inuotose,JP,Tokyo,JP
Shibuya,JP,Tokyo,JP
Hokota,JP,Tokyo,JP
Nishikichō,JP,Tokyo,JP
Suwa,JP,Tokyo,JP
Tendō,JP,Tokyo,JP
Suzukichō,JP,Tokyo,JP
Ichibanchō,JP,Tokyo,JP
Jōsō,JP,Tokyo,JP
Chihaya,JP,Tokyo,JP
Chōjamachi,JP,Tokyo,JP
Takko,JP,Tokyo,JP
Obihiro,JP,Tokyo,JP
Honcho,JP,Tokyo,JP
Hirobaba,JP,Tokyo,JP
Goshogawara,JP,Tokyo,JP
Yuimachi,JP,Tokyo,JP
Palikir,FM,Tokyo,JP
Nakamurachō,JP,Tokyo,JP
Tanashichō,JP,Tokyo,JP
Sōga,JP,Tokyo,JP
Hagåtña,GU,Tokyo,JP
Daiba,JP,Tokyo,JP
Tsukuba,JP,Tokyo,JP
Kisarazu,JP,Tokyo,JP
Tatsuno,JP,Tokyo,JP
Ōshū,JP,Tokyo,JP
Sagiyama,JP,Tokyo,JP
Ogaki,JP,Tokyo,JP
Nishichō,JP,Tokyo,JP
Tōgane,JP,Tokyo,JP
Kamido,JP,Tokyo,JP
Saku,JP,Tokyo,JP
Tsutsujigaoka,JP,Tokyo,JP
Nishiharachō,JP,Tokyo,JP
Miyagidai,JP,Tokyo,JP
Asahi,JP,Tokyo,JP
Koganehara,JP,Tokyo,JP
Yanaka,JP,Tokyo,JP
Shizuka,JP,Tokyo,JP
Pohnpei State,FM,Tokyo,JP
Agano,JP,Tokyo,JP
Hitachi,JP,Tokyo,JP
Uchinonishi,JP,Tokyo,JP
Ōze,JP,Tokyo,JP
Nagaoka,JP,Tokyo,JP
Suidocho,JP,Tokyo,JP
Imaichō,JP,Tokyo,JP
Akabane,JP,Tokyo,JP
Torochō,JP,Tokyo,JP
Satte,JP,Tokyo,JP
Daishuku,JP,Tokyo,JP
Higashiurawa,JP,Tokyo,JP
Kimitsu,JP,Tokyo,JP
Ōyaguchi,JP,Tokyo,JP
Asahikawa,JP,Tokyo,JP
Mikumo,JP,Tokyo,JP
Mine,JP,Tokyo,JP
Fukudamachi,JP,Tokyo,JP
Wakkanai,JP,Tokyo,JP
Shibasaki,JP,Tokyo,JP
Yamagata,JP,Tokyo,JP
Shizuki,JP,Tokyo,JP
Tsurugashima,JP,Tokyo,JP
Wako,JP,Tokyo,JP
Suneoricho,JP,Tokyo,JP
Annaka,JP,Tokyo,JP
Fujioka,JP,Tokyo,JP
Nirasaki Shi,JP,Tokyo,JP
Hazama,JP,Tokyo,JP
Kanegasaki,JP,Tokyo,JP
Umihigashi,JP,Tokyo,JP
Ōba,JP,Tokyo,JP
Sanmu,JP,Tokyo,JP
Furumachi-yonchōme,JP,Tokyo,JP
Mihashi,JP,Tokyo,JP
Morokawa,JP,Tokyo,JP
Taira,JP,Tokyo,JP
Hachiman,JP,Tokyo,JP
Kamiseyachō,JP,Tokyo,JP
Ibaraki Machi,JP,Tokyo,JP
Choshi,JP,Tokyo,JP
Tsubame,JP,Tokyo,JP
Hadano,JP,Tokyo,JP
Kamirenjaku,JP,Tokyo,JP
Aramakimachi,JP,Tokyo,JP
Hitachi-ōmiya Shi,JP,Tokyo,JP
Asagayakita,JP,Tokyo,JP
Yatochō,JP,Tokyo,JP
Funato,JP,Tokyo,JP
Shimomaruko,JP,Tokyo,JP
Hinode,JP,Tokyo,JP
Daimon,JP,Tokyo,JP
Hamura,JP,Tokyo,JP
Kutchan,JP,Tokyo,JP
Makigahara,JP,Tokyo,JP
Ukishima,JP,Tokyo,JP
Oshiage,JP,Tokyo,JP
Fukuda,JP,Tokyo,JP
Kitakaruizawa,JP,Tokyo,JP
Sanbechō-ikeda,JP,Tokyo,JP
Yoshida,JP,Tokyo,JP
Ichihara,JP,Tokyo,JP
Kanezawa,JP,Tokyo,JP
Niikura,JP,Tokyo,JP
Kamaishi,JP,Tokyo,JP
Makinohara,JP,Tokyo,JP
Midorichō,JP,Tokyo,JP
Tateno,JP,Tokyo,JP
Hironochō,JP,Tokyo,JP
Ōbuchi,JP,Tokyo,JP
Makabe,JP,Tokyo,JP
Mori,JP,Tokyo,JP
Nishinomiya,JP,Tokyo,JP
Ashida,JP,Tokyo,JP
Nishi-hiranumachō,JP,Tokyo,JP
Matsumoto,JP,Tokyo,JP
Shūnan Shi,JP,Tokyo,JP
Akanuma,JP,Tokyo,JP
Miyamachi,JP,Tokyo,JP
Taku,JP,Tokyo,JP
Tomegaya,JP,Tokyo,JP
Tōyō,JP,Tokyo,JP
Ochiai,JP,Tokyo,JP
Yagōchi,JP,Tokyo,JP
Okegawa,JP,Tokyo,JP
Yagisawa,JP,Tokyo,JP
Shakujiimachi,JP,Tokyo,JP
Kasama,JP,Tokyo,JP
Ōkuchi-shinohara,JP,Tokyo,JP
Yagyū,JP,Tokyo,JP
Ichibachō,JP,Tokyo,JP
Maitachō,JP,Tokyo,JP
Hikonari,JP,Tokyo,JP
Uonuma,JP,Tokyo,JP
Kuroishi,JP,Tokyo,JP
Okukaiinji,JP,Tokyo,JP
Takasu,JP,Tokyo,JP
Minamiurawa,JP,Tokyo,JP
Hōshakuji,JP,Tokyo,JP
Okadamachō,JP,Tokyo,JP
Kamariyanishi,JP,Tokyo,JP
Nishigokenchō,JP,Tokyo,JP
Nasushiobara,JP,Tokyo,JP
Ishikawa,JP,Tokyo,JP
Myōden,JP,Tokyo,JP
Kōhoku,JP,Tokyo,JP
Chichibu,JP,Tokyo,JP
Sachigaoka,JP,Tokyo,JP
Tokiwachō,JP,Tokyo,JP
Tōwachō-tsuchizawa,JP,Tokyo,JP
Oimatsuchō,JP,Tokyo,JP
Nishisugamo,JP,Tokyo,JP
Yahiko,JP,Tokyo,JP
Nanao,JP,Tokyo,JP
Higashiōdake,JP,Tokyo,JP
Kamiuchikawa,JP,Tokyo,JP
Yachimata,JP,Tokyo,JP
Majirie,JP,Tokyo,JP
Yamatomachi,JP,Tokyo,JP
Niiza,JP,Tokyo,JP
Ōya,JP,Tokyo,JP
Minamirinkan,JP,Tokyo,JP
Kamakura,JP,Tokyo,JP
Noshiro,JP,Tokyo,JP
Komatsu,JP,Tokyo,JP
Ichibu,JP,Tokyo,JP
Minatogaoka,JP,Tokyo,JP
Yamagishi,JP,Tokyo,JP
Ishioka,JP,Tokyo,JP
Kamisu,JP,Tokyo,JP
Ashikaga,JP,Tokyo,JP
"Misato, Saitama",JP,Tokyo,JP
Gimpo-si,KR,Tokyo,JP
Iidabashi,JP,Tokyo,JP
Horinochiminami,JP,Tokyo,JP
Komono,JP,Tokyo,JP
Inzai,JP,Tokyo,JP
Isogo,JP,Tokyo,JP
Sengoku,JP,Tokyo,JP
Shimochō,JP,Tokyo,JP
Higashisendai,JP,Tokyo,JP
Daishinden,JP,Tokyo,JP
Hino,JP,Tokyo,JP
Yaraichō,JP,Tokyo,JP
Nishihashimoto,JP,Tokyo,JP
Taurachō,JP,Tokyo,JP
Yurigaoka,JP,Tokyo,JP
Karasawa,JP,Tokyo,JP
Ichinoseki,JP,Tokyo,JP
Yamanobe,JP,Tokyo,JP
Akabira,JP,Tokyo,JP
Akasaka,JP,Tokyo,JP
Nishikujō,JP,Tokyo,JP
Ōtsu,JP,Tokyo,JP
Sakanoshita,JP,Tokyo,JP
Kamiochiai,JP,Tokyo,JP
Kizuki-sumiyoshichō,JP,Tokyo,JP
Imagawa,JP,Tokyo,JP
Yonezawa,JP,Tokyo,JP
Ashizaki,JP,Tokyo,JP
Tepat,FM,Tokyo,JP
Nakamuramachi,JP,Tokyo,JP
Muroran,JP,Tokyo,JP
Daitō,JP,Tokyo,JP
Shirogane,JP,Tokyo,JP
Obata,JP,Tokyo,JP
Kusugaokacho,JP,Tokyo,JP
Iruma,JP,Tokyo,JP
Kurita,JP,Tokyo,JP
Wakuya,JP,Tokyo,JP
Minamiōta,JP,Tokyo,JP
Nakamura,JP,Tokyo,JP
Hachiōji,JP,Tokyo,JP
Nobe,JP,Tokyo,JP
Oyama,JP,Tokyo,JP
Yamada,JP,Tokyo,JP
Ōmihachiman,JP,Tokyo,JP
Ninomiya,JP,Tokyo,JP
Yoyogi,JP,Tokyo,JP
Koishikawa,JP,Tokyo,JP
Ōi-Suzugamorichō,JP,Tokyo,JP
Mizuhiki,JP,Tokyo,JP
Minamishibetsuchō,JP,Tokyo,JP
Suzumenomiya,JP,Tokyo,JP
Shimizu,JP,Tokyo,JP
Saiwainishi,JP,Tokyo,JP
Namerikawa,JP,Tokyo,JP
Miyauchi,JP,Tokyo,JP
Yahaba,JP,Tokyo,JP
Yaizu,JP,Tokyo,JP
Ōsaki,JP,Tokyo,JP
Higashimukōjima,JP,Tokyo,JP
Oiwakeminami,JP,Tokyo,JP
Tochigi,JP,Tokyo,JP
Ōto,JP,Tokyo,JP
Fukaya,JP,Tokyo,JP
Kamikuratachō,JP,Tokyo,JP
Kobe,JP,Tokyo,JP
Sanjō,JP,Tokyo,JP
Ajina,JP,Tokyo,JP
Ichikawa-minami,JP,Tokyo,JP
Hiratsuka,JP,Tokyo,JP
Obama,JP,Tokyo,JP
Rokkōdai,JP,Tokyo,JP
Seiji,JP,Tokyo,JP
Minami,JP,Tokyo,JP
Hirakawa,JP,Tokyo,JP
Takahagi,JP,Tokyo,JP
Obiyama,JP,Tokyo,JP
Ōmidō,JP,Tokyo,JP
Aizu-wakamatsu Shi,JP,Tokyo,JP
Tatebayashi,JP,Tokyo,JP
Kinuta,JP,Tokyo,JP
Shimura,JP,Tokyo,JP
Yokoyamacho,JP,Tokyo,JP
Tama,JP,Tokyo,JP
Tomioka,JP,Tokyo,JP
Hidaka,JP,Tokyo,JP
Minamihashimoto,JP,Tokyo,JP
Ishinomaki,JP,Tokyo,JP
Yanaida,JP,Tokyo,JP
Saiwaicho,JP,Tokyo,JP
Shirakuwa,JP,Tokyo,JP
Chūō,JP,Tokyo,JP
Nakamaru,JP,Tokyo,JP
Yamanashi,JP,Tokyo,JP
Sugito,JP,Tokyo,JP
Teraimachi,JP,Tokyo,JP
Komagane,JP,Tokyo,JP
Matsuhama,JP,Tokyo,JP
Sanarudai,JP,Tokyo,JP
Sayama,JP,Tokyo,JP
Santa Rita,GU,Tokyo,JP
Kobuchi,JP,Tokyo,JP
Kolonia,FM,Tokyo,JP
Kitaku,JP,Tokyo,JP
Kamikatagiri,JP,Tokyo,JP
Akita,JP,Tokyo,JP
Tōnoharu,JP,Tokyo,JP
Ōtawara,JP,Tokyo,JP
Matsudo Shi,JP,Tokyo,JP
Ogose,JP,Tokyo,JP
Minamimotomachi,JP,Tokyo,JP
Mito,JP,Tokyo,JP
Mikkaichi,JP,Tokyo,JP
Isumi,JP,Tokyo,JP
Nishionuma,JP,Tokyo,JP
Hannanchō,JP,Tokyo,JP
Kobari,JP,Tokyo,JP
Nakajima,JP,Tokyo,JP
Yamato,JP,Tokyo,JP
Moriya,JP,Tokyo,JP
Arakawa,JP,Tokyo,JP
Tomobuchichō,JP,Tokyo,JP
Kitami,JP,Tokyo,JP
Ginowan,JP,Tokyo,JP
Sano,JP,Tokyo,JP
Machida,JP,Tokyo,JP
Yomogita,JP,Tokyo,JP
Busanjin-gu,KR,Tokyo,JP
Kusanagi,JP,Tokyo,JP
Dong-gu,KR,Tokyo,JP
Yokoshiba,JP,Tokyo,JP
Adachi,JP,Tokyo,JP
Oma,JP,Tokyo,JP
Komuro,JP,Tokyo,JP
Rokugō,JP,Tokyo,JP
Urasa,JP,Tokyo,JP
Kurosunadai,JP,Tokyo,JP
Fukushima,JP,Tokyo,JP
Machiya,JP,Tokyo,JP
Minano,JP,Tokyo,JP
Fujimi,JP,Tokyo,JP
Utsunomiya,JP,Tokyo,JP
Igusa,JP,Tokyo,JP
Fujisawa,JP,Tokyo,JP
Ageo,JP,Tokyo,JP
Suge-kitaura,JP,Tokyo,JP
Meguro-ku,JP,Tokyo,JP
Yūki,JP,Tokyo,JP
Sakuradai,JP,Tokyo,JP
Iida,JP,Tokyo,JP
Fukuyama,JP,Tokyo,JP
Ebisuminami,JP,Tokyo,JP
Akaho,JP,Tokyo,JP
Kashiwagicho,JP,Tokyo,JP
Harugami,JP,Tokyo,JP
Kemigawa,JP,Tokyo,JP
Kōyōdai,JP,Tokyo,JP
Furuyakami,JP,Tokyo,JP
Haranomachi,JP,Tokyo,JP
Chino,JP,Tokyo,JP
Sugao,JP,Tokyo,JP
Miwa,JP,Tokyo,JP
Kusu,JP,Tokyo,JP
Shimogamo,JP,Tokyo,JP
Kamiakedo,JP,Tokyo,JP
Sejong,KR,Tokyo,JP
Toneri,JP,Tokyo,JP
Kanuma,JP,Tokyo,JP
Himi,JP,Tokyo,JP
Ezura,JP,Tokyo,JP
Takanosu,JP,Tokyo,JP
Funatsu,JP,Tokyo,JP
Fukagawa,JP,Tokyo,JP
Akatsuka,JP,Tokyo,JP
Yoshihama,JP,Tokyo,JP
Warabi,JP,Tokyo,JP
Funaoka,JP,Tokyo,JP
Daitōchō,JP,Tokyo,JP
Tanaka,JP,Tokyo,JP
Iwayakitamachi,JP,Tokyo,JP
Katayama,JP,Tokyo,JP
Odawara,JP,Tokyo,JP
Shimosato,JP,Tokyo,JP
Tajimi,JP,Tokyo,JP
Shinmei,JP,Tokyo,JP
Higashirinkan,JP,Tokyo,JP
Ōmura,JP,Tokyo,JP
Tamagawa,JP,Tokyo,JP
Kajiomachi,JP,Tokyo,JP
Kameido,JP,Tokyo,JP
Ōita,JP,Tokyo,JP
Nikoda,JP,Tokyo,JP
Nishikanda,JP,Tokyo,JP
Nihommatsu,JP,Tokyo,JP
Miyaharachō,JP,Tokyo,JP
Nakanoharu,JP,Tokyo,JP
Nishi-Tokyo-shi,JP,Tokyo,JP
Chiba,JP,Tokyo,JP
Minatochō,JP,Tokyo,JP
Saga,JP,Tokyo,JP
Yanokuchi,JP,Tokyo,JP
Shimorenjaku,JP,Tokyo,JP
Uenodai,JP,Tokyo,JP
Tottori,JP,Tokyo,JP
Yōkōdai,JP,Tokyo,JP
Kaizuka,JP,Tokyo,JP
Zushi,JP,Tokyo,JP
Himurochō,JP,Tokyo,JP
Meitō Ku,JP,Tokyo,JP
Oyumino,JP,Tokyo,JP
Takamatsu,JP,Tokyo,JP
Rifu,JP,Tokyo,JP
Higashiikebukuro,JP,Tokyo,JP
Kibachō,JP,Tokyo,JP
Tsukubamirai,JP,Tokyo,JP
Guam Government House,GU,Tokyo,JP
Namegata,JP,Tokyo,JP
Asahigaoka,JP,Tokyo,JP
Hiraki,JP,Tokyo,JP
Momma,JP,Tokyo,JP
Asahichō,JP,Tokyo,JP
Shōwa,JP,Tokyo,JP
Negishi,JP,Tokyo,JP
Walung,FM,Tokyo,JP
Ōshio,JP,Tokyo,JP
Kunimigaoka,JP,Tokyo,JP
Yokozutsumi,JP,Tokyo,JP
Shimotsuruma,JP,Tokyo,JP
Narashino Shi,JP,Tokyo,JP
Nishikōjiya,JP,Tokyo,JP
Chuocho,JP,Tokyo,JP
Kashiwazaki,JP,Tokyo,JP
Kamisugi,JP,Tokyo,JP
Sotokanda,JP,Tokyo,JP
Hanamigawa,JP,Tokyo,JP
Higashikiderachō,JP,Tokyo,JP
Natorigaoka,JP,Tokyo,JP
Sakaemachi,JP,Tokyo,JP
Seya,JP,Tokyo,JP
Minamiogikubo,JP,Tokyo,JP
Sakurachō,JP,Tokyo,JP
Nisshinchō,JP,Tokyo,JP
Teizandori,JP,Tokyo,JP
Tsubata,JP,Tokyo,JP
Suya,JP,Tokyo,JP
Kayama,JP,Tokyo,JP
Murakami,JP,Tokyo,JP
Miura,JP,Tokyo,JP
Tamamura,JP,Tokyo,JP
Kidamarihigashidai,JP,Tokyo,JP
Shimizusawa,JP,Tokyo,JP
Shidaihama,JP,Tokyo,JP
Motokura,JP,Tokyo,JP
Sanda Shi,JP,Tokyo,JP
Kaijin,JP,Tokyo,JP
Teppōmachi,JP,Tokyo,JP
Kofu,JP,Tokyo,JP
Shanghai,CN,Tokyo,JP
Tenjin,JP,Tokyo,JP
Seikibashi,JP,Tokyo,JP
Naka'arai,JP,Tokyo,JP
Makuharihongo,JP,Tokyo,JP
Niizo,JP,Tokyo,JP
Kasukabe,JP,Tokyo,JP
Tateyama,JP,Tokyo,JP
Hachimantai,JP,Tokyo,JP
Kasugadekita,JP,Tokyo,JP
Yurihonjō,JP,Tokyo,JP
Koganei,JP,Tokyo,JP
Toyoshina,JP,Tokyo,JP
Sodegahama,JP,Tokyo,JP
Ōta,JP,Tokyo,JP
Minatomirai,JP,Tokyo,JP
Fujikura,JP,Tokyo,JP
Nukui,JP,Tokyo,JP
Kitajima,JP,Tokyo,JP
Kikawahigashi,JP,Tokyo,JP
Kokusaiji,JP,Tokyo,JP
Teraodai,JP,Tokyo,JP
Sanbongi,JP,Tokyo,JP
Kamitakano,JP,Tokyo,JP
Futatsubashichō,JP,Tokyo,JP
Tochio-honchō,JP,Tokyo,JP
Inokuchi,JP,Tokyo,JP
Kamagaya Shi,JP,Tokyo,JP
Kannō,JP,Tokyo,JP
Hanakoganei,JP,Tokyo,JP
Yamaga,JP,Tokyo,JP
Toyosu,JP,Tokyo,JP
Arakawaokihigashi,JP,Tokyo,JP
Nagoya,JP,Tokyo,JP
Yachiyo,JP,Tokyo,JP
Ichinomon,JP,Tokyo,JP
Kitakami,JP,Tokyo,JP
Shikatebukuro,JP,Tokyo,JP
Tarumachi,JP,Tokyo,JP
Ebara,JP,Tokyo,JP
Kamoi,JP,Tokyo,JP
Higashihonchō,JP,Tokyo,JP
Toyama,JP,Tokyo,JP
Makuharinishi,JP,Tokyo,JP
Isohamachō,JP,Tokyo,JP
Kokuryōchō,JP,Tokyo,JP
Minamiyukigaya,JP,Tokyo,JP
Musashimurayama,JP,Tokyo,JP
Shimoaraichō,JP,Tokyo,JP
Haradachō-obara,JP,Tokyo,JP
Shiraoka,JP,Tokyo,JP
Sakamachi,JP,Tokyo,JP
Chikusei,JP,Tokyo,JP
Amanumachō,JP,Tokyo,JP
Haguro,JP,Tokyo,JP
Yokohama,JP,Tokyo,JP
Abiko,JP,Tokyo,JP
Date,JP,Tokyo,JP
Naha,JP,Tokyo,JP
Ōfunato,JP,Tokyo,JP
Shimoichida,JP,Tokyo,JP
Seoul,KR,Tokyo,JP
Fujinomiya,JP,Tokyo,JP
Gohongi,JP,Tokyo,JP
Kawaramachi,JP,Tokyo,JP
Ka,JP,Tokyo,JP
Midorimachi,JP,Tokyo,JP
Yamanokami,JP,Tokyo,JP
Ōyachi,JP,Tokyo,JP
Yurigahara,JP,Tokyo,JP
Tokiwa,JP,Tokyo,JP
Mishima,JP,Tokyo,JP
Arai,JP,Tokyo,JP
Sakado,JP,Tokyo,JP
Kido,JP,Tokyo,JP
Ryūgasaki,JP,Tokyo,JP
Sakaiyama,JP,Tokyo,JP
Chikuma,JP,Tokyo,JP
Edogawa,JP,Tokyo,JP
Tonami Shi,JP,Tokyo,JP
Inami,JP,Tokyo,JP
Takasago,JP,Tokyo,JP
Izu,JP,Tokyo,JP
Okayama,JP,Tokyo,JP
Kawagoe,JP,Tokyo,JP
Komaimachi,JP,Tokyo,JP
Azusawa,JP,Tokyo,JP
Hekinan,JP,Tokyo,JP
Gontazaka,JP,Tokyo,JP
Nema,FM,Tokyo,JP
Kanasugi,JP,Tokyo,JP
Wakabamachi,JP,Tokyo,JP
Komoka,CA,Toronto,CA
Sunderland,CA,Toronto,CA
Hilliard,US,Toronto,CA
Bobcaygeon,CA,Toronto,CA
Wingham,CA,Toronto,CA
Sault Ste. Marie,CA,Toronto,CA
Frankford,CA,Toronto,CA
Bruce Mines,CA,Toronto,CA
Ottawa,CA,Toronto,CA
Streetsville,CA,Toronto,CA
East Amherst,US,Toronto,CA
Hawkestone Beach,CA,Toronto,CA
Uxbridge,CA,Toronto,CA
Blackstock,CA,Toronto,CA
Thornhill,CA,Toronto,CA
Amherstburg,CA,Toronto,CA
Listowel,CA,Toronto,CA
Cardiff,CA,Toronto,CA
Ayr,CA,Toronto,CA
Windsor,CA,Toronto,CA
Madoc,CA,Toronto,CA
Tavistock,CA,Toronto,CA
Palmerston,CA,Toronto,CA
Glen Robertson,CA,Toronto,CA
Moonstone,CA,Toronto,CA
Woodlawn,CA,Toronto,CA
Limoges,CA,Toronto,CA
Brighton,CA,Toronto,CA
Kingston,CA,Toronto,CA
Solon,US,Toronto,CA
Murphy,US,Toronto,CA
Knoxville,US,Toronto,CA
Elgin,CA,Toronto,CA
Weston,CA,Toronto,CA
Palgrave,CA,Toronto,CA
Almonte,CA,Toronto,CA
Verona,CA,Toronto,CA
Corunna,CA,Toronto,CA
Little Britain,CA,Toronto,CA
Amos,CA,Toronto,CA
Marathon,CA,Toronto,CA
Port Credit,CA,Toronto,CA
Sydenham,CA,Toronto,CA
Kilworthy,CA,Toronto,CA
Vermilion Bay,CA,Toronto,CA
Sainte-Agathe-des-Monts,CA,Toronto,CA
Syracuse,US,Toronto,CA
Longlac,CA,Toronto,CA
Waterloo,CA,Toronto,CA
Avonmore,CA,Toronto,CA
Elmira,CA,Toronto,CA
Tweed,CA,Toronto,CA
Saginaw,US,Toronto,CA
Wallaceburg,CA,Toronto,CA
Port Severn,CA,Toronto,CA
Waterdown,CA,Toronto,CA
La Salle,CA,Toronto,CA
Tamworth,CA,Toronto,CA
South Mountain,CA,Toronto,CA
Beeton,CA,Toronto,CA
Ingleside,CA,Toronto,CA
Sagamok,CA,Toronto,CA
Stoney Creek,CA,Toronto,CA
Severn Bridge,CA,Toronto,CA
Inglewood,CA,Toronto,CA
Lincoln,CA,Toronto,CA
Hiram,US,Toronto,CA
Fergus,CA,Toronto,CA
Southwold,CA,Toronto,CA
Brockport,US,Toronto,CA
Corning,US,Toronto,CA
Georgina,CA,Toronto,CA
Tottenham,CA,Toronto,CA
Breslau,CA,Toronto,CA
Port Perry,CA,Toronto,CA
Belmont,CA,Toronto,CA
Thamesford,CA,Toronto,CA
Montreal West,CA,Toronto,CA
Pointe au Baril,CA,Toronto,CA
Oswego,US,Toronto,CA
Scotland,CA,Toronto,CA
Grand Valley,CA,Toronto,CA
Bath,CA,Toronto,CA
Godfrey,CA,Toronto,CA
Oscoda,US,Toronto,CA
Douglasville,US,Toronto,CA
Grosse Pointe,US,Toronto,CA
Hepworth,CA,Toronto,CA
Sutton West,CA,Toronto,CA
Chesterville,CA,Toronto,CA
Burlington,CA,Toronto,CA
Tillsonburg,CA,Toronto,CA
Les Éboulements,CA,Toronto,CA
Campbellville,CA,Toronto,CA
Lakehurst,CA,Toronto,CA
Malton,CA,Toronto,CA
Exeter,CA,Toronto,CA
Kitchener,CA,Toronto,CA
Callander,CA,Toronto,CA
Chelmsford,CA,Toronto,CA
Petrolia,CA,Toronto,CA
Vanessa,CA,Toronto,CA
Halton Hills,CA,Toronto,CA
Chalk River,CA,Toronto,CA
Desbarats,CA,Toronto,CA
Carnegie,US,Toronto,CA
Delhi,CA,Toronto,CA
Pittsford,US,Toronto,CA
Hastings,CA,Toronto,CA
Stratford,CA,Toronto,CA
Schreiber,CA,Toronto,CA
Saint-Félix-de-Valois,CA,Toronto,CA
Barrhaven,CA,Toronto,CA
Creemore,CA,Toronto,CA
Wheatley,CA,Toronto,CA
Lefroy,CA,Toronto,CA
Trenton,CA,Toronto,CA
Fort Erie,CA,Toronto,CA
Caledonia,CA,Toronto,CA
Kenora,CA,Toronto,CA
Brampton,CA,Toronto,CA
Havelock,CA,Toronto,CA
Troy,US,Toronto,CA
Echo Bay,CA,Toronto,CA
Brant,CA,Toronto,CA
Whitney,CA,Toronto,CA
Alexandria,CA,Toronto,CA
Beaverton,CA,Toronto,CA
Waubaushene,CA,Toronto,CA
Norwich,CA,Toronto,CA
Nobleton,CA,Toronto,CA
Massillon,US,Toronto,CA
Warkworth,CA,Toronto,CA
Espanola,CA,Toronto,CA
Otisco,US,Toronto,CA
Whitby,CA,Toronto,CA
Deep River,CA,Toronto,CA
Perth,CA,Toronto,CA
North Bay,CA,Toronto,CA
Clarington,CA,Toronto,CA
New Castle,US,Toronto,CA
Mount Pleasant,CA,Toronto,CA
Corbeil,CA,Toronto,CA
Hillsdale,CA,Toronto,CA
Kemptville,CA,Toronto,CA
Thorndale,CA,Toronto,CA
North Tonawanda,US,Toronto,CA
Toronto,CA,Toronto,CA
Melancthon,CA,Toronto,CA
St.-Charles,CA,Toronto,CA
L'Orignal,CA,Toronto,CA
Plaisance,CA,Toronto,CA
Madison Heights,US,Toronto,CA
Grafton,CA,Toronto,CA
Union,CA,Toronto,CA
Ancaster,CA,Toronto,CA
Peterborough,CA,Toronto,CA
Morrisburg,CA,Toronto,CA
Woodview,CA,Toronto,CA
Meaford,CA,Toronto,CA
Mount Albert,CA,Toronto,CA
Hampton,CA,Toronto,CA
Dowling,CA,Toronto,CA
Pembroke,CA,Toronto,CA
Lakefield,CA,Toronto,CA
Hagersville,CA,Toronto,CA
Sioux Lookout,CA,Toronto,CA
Gores Landing,CA,Toronto,CA
Renfrew,CA,Toronto,CA
Denfield,CA,Toronto,CA
Cardinal,CA,Toronto,CA
Bellefontaine,US,Toronto,CA
Shelburne,CA,Toronto,CA
Linwood,CA,Toronto,CA
Mount Hope,CA,Toronto,CA
Foam Lake,CA,Toronto,CA
Cornwall,CA,Toronto,CA
Dundalk,CA,Toronto,CA
Thorold,CA,Toronto,CA
Port Stanley,CA,Toronto,CA
Rexdale,CA,Toronto,CA
Newboro,CA,Toronto,CA
Carleton Place,CA,Toronto,CA
Gore Bay,CA,Toronto,CA
Garfield Heights,US,Toronto,CA
Huntsville,CA,Toronto,CA
Hamburg,US,Toronto,CA
West Hill,CA,Toronto,CA
Minesing,CA,Toronto,CA
Markdale,CA,Toronto,CA
Mount Brydges,CA,Toronto,CA
Rawdon,CA,Toronto,CA
Barry's Bay,CA,Toronto,CA
Milton,CA,Toronto,CA
Gooderham,CA,Toronto,CA
Casselman,CA,Toronto,CA
Maynooth,CA,Toronto,CA
South River,CA,Toronto,CA
Elmvale,CA,Toronto,CA
Oakville,CA,Toronto,CA
Port Colborne,CA,Toronto,CA
Utopia,CA,Toronto,CA
Ingersoll,CA,Toronto,CA
Sebright,CA,Toronto,CA
Mountain Grove,CA,Toronto,CA
Ennismore,CA,Toronto,CA
Bluff City,US,Toronto,CA
Apsley,CA,Toronto,CA
Coldwater,CA,Toronto,CA
Arkona,CA,Toronto,CA
La Rédemption,CA,Toronto,CA
Comber,CA,Toronto,CA
Dresden,CA,Toronto,CA
Maple,CA,Toronto,CA
Beachville,CA,Toronto,CA
Cannington,CA,Toronto,CA
Belleville,CA,Toronto,CA
Harcourt,CA,Toronto,CA
Combermere,CA,Toronto,CA
Wiarton,CA,Toronto,CA
Odessa,US,Toronto,CA
Stayner,CA,Toronto,CA
Orléans,CA,Toronto,CA
Sterling Heights,US,Toronto,CA
Aurora,CA,Toronto,CA
Griffith,CA,Toronto,CA
Oxdrift,CA,Toronto,CA
Stouffville,CA,Toronto,CA
Mono,CA,Toronto,CA
Camlachie,CA,Toronto,CA
Cheboygan,US,Toronto,CA
Unionville,CA,Toronto,CA
Williamsville,US,Toronto,CA
Rockwood,CA,Toronto,CA
Stoney Point,CA,Toronto,CA
Brantford,CA,Toronto,CA
Greater Sudbury,CA,Toronto,CA
Hornepayne,CA,Toronto,CA
Orillia,CA,Toronto,CA
Ohsweken,CA,Toronto,CA
Glen Williams,CA,Toronto,CA
Ridgetown,CA,Toronto,CA
Puslinch,CA,Toronto,CA
Erin,CA,Toronto,CA
Fulton,US,Toronto,CA
Parkhill,CA,Toronto,CA
Picton,CA,Toronto,CA
Durham,CA,Toronto,CA
Athens,CA,Toronto,CA
Butler,US,Toronto,CA
Pickering,CA,Toronto,CA
Elora,CA,Toronto,CA
Oro,CA,Toronto,CA
Saint-Ours,CA,Toronto,CA
Wellington,CA,Toronto,CA
Washago,CA,Toronto,CA
Rochester,US,Toronto,CA
Rockland,CA,Toronto,CA
Luskville,CA,Toronto,CA
East Syracuse,US,Toronto,CA
Utica,US,Toronto,CA
Elyria,US,Toronto,CA
Newcastle,CA,Toronto,CA
Port Elgin,CA,Toronto,CA
Newtonville,CA,Toronto,CA
North Ridgeville,US,Toronto,CA
Skead,CA,Toronto,CA
West Humber-Clairville,CA,Toronto,CA
Schenectady,US,Toronto,CA
Red Lake,CA,Toronto,CA
Campbellford,CA,Toronto,CA
Woodville,CA,Toronto,CA
Thornbury,CA,Toronto,CA
Le Roy,US,Toronto,CA
Orchard Park,US,Toronto,CA
Elma,US,Toronto,CA
Chatham,CA,Toronto,CA
Buffalo,US,Toronto,CA
Smithville,CA,Toronto,CA
West Guilford,CA,Toronto,CA
New Dundee,CA,Toronto,CA
Tecumseh,CA,Toronto,CA
Markham,CA,Toronto,CA
Clarence-Rockland,CA,Toronto,CA
Barrie,CA,Toronto,CA
Delaware,CA,Toronto,CA
Port Hope,CA,Toronto,CA
Garson,CA,Toronto,CA
Concord,CA,Toronto,CA
Tilbury,CA,Toronto,CA
St. George,CA,Toronto,CA
East York,CA,Toronto,CA
Thunder Bay,CA,Toronto,CA
Cobourg,CA,Toronto,CA
Hamilton,CA,Toronto,CA
Ridgeway,CA,Toronto,CA
Lakeshore,CA,Toronto,CA
Ilderton,CA,Toronto,CA
Hanover,CA,Toronto,CA
Port Loring,CA,Toronto,CA
Gravenhurst,CA,Toronto,CA
Gogama,CA,Toronto,CA
Welland,CA,Toronto,CA
Caledon,CA,Toronto,CA
Rosseau Falls,CA,Toronto,CA
Hilton Beach,CA,Toronto,CA
Keswick,CA,Toronto,CA
Maxville,CA,Toronto,CA
Midhurst,CA,Toronto,CA
Azilda,CA,Toronto,CA
Novi,US,Toronto,CA
Penetanguishene,CA,Toronto,CA
Bracebridge,CA,Toronto,CA
Newmarket,CA,Toronto,CA
Mirabel,CA,Toronto,CA
Richards Landing,CA,Toronto,CA
Elliot Lake,CA,Toronto,CA
Kincardine,CA,Toronto,CA
Golden Lake,CA,Toronto,CA
Vaudreuil-Dorion,CA,Toronto,CA
Sutton,CA,Toronto,CA
Clewiston,US,Toronto,CA
Wexford,US,Toronto,CA
Millersburg,US,Toronto,CA
Haliburton,CA,Toronto,CA
Oro Station,CA,Toronto,CA
Owen Sound,CA,Toronto,CA
Alliston,CA,Toronto,CA
Cambridge Springs,US,Toronto,CA
Guelph,CA,Toronto,CA
Arthur,CA,Toronto,CA
Morro Bay,US,Toronto,CA
Oak Ridges,CA,Toronto,CA
Warsaw,CA,Toronto,CA
Brussels,CA,Toronto,CA
Prévost,CA,Toronto,CA
Napanee,CA,Toronto,CA
Bluewater Beach,CA,Toronto,CA
Deseronto,CA,Toronto,CA
Collingwood,CA,Toronto,CA
Bradford,CA,Toronto,CA
Lucan,CA,Toronto,CA
Mattawa,CA,Toronto,CA
Bolton,CA,Toronto,CA
Stevensville,CA,Toronto,CA
Williamsburg,CA,Toronto,CA
Eagle River,CA,Toronto,CA
Bécancour,CA,Toronto,CA
King,CA,Toronto,CA
Lincoln Park,US,Toronto,CA
St. Davids,CA,Toronto,CA
Dunsford,CA,Toronto,CA
Dunnville,CA,Toronto,CA
Sturgeon Falls,CA,Toronto,CA
North Park,CA,Toronto,CA
London,CA,Toronto,CA
Hillsburgh,CA,Toronto,CA
Cat Lake,CA,Toronto,CA
Clarkson,CA,Toronto,CA
Pointe-des-Cascades,CA,Toronto,CA
Westlake,US,Toronto,CA
Dorchester,CA,Toronto,CA
Innisfil,CA,Toronto,CA
Omemee,CA,Toronto,CA
Odessa,CA,Toronto,CA
Bancroft,CA,Toronto,CA
Midland,CA,Toronto,CA
Bloomfield,CA,Toronto,CA
Kirkfield,CA,Toronto,CA
Paisley,CA,Toronto,CA
Clarksburg,CA,Toronto,CA
Coe Hill,CA,Toronto,CA
Fenelon Falls,CA,Toronto,CA
Stittsville,CA,Toronto,CA
Lindsay,CA,Toronto,CA
Willowdale West,CA,Toronto,CA
Wellesley,CA,Toronto,CA
Vankleek Hill,CA,Toronto,CA
Etobicoke,CA,Toronto,CA
Orangeville,CA,Toronto,CA
Nobel,CA,Toronto,CA
Prince Edward,CA,Toronto,CA
Whitchurch–Stouffville,CA,Toronto,CA
St. Jacobs,CA,Toronto,CA
Bailieboro,CA,Toronto,CA
York,CA,Toronto,CA
Niverville,CA,Toronto,CA
Paris,CA,Toronto,CA
Copley,US,Toronto,CA
Essex,CA,Toronto,CA
Spring Valley,US,Toronto,CA
Niagara Falls,CA,Toronto,CA
Oshawa,CA,Toronto,CA
Pelham,CA,Toronto,CA
Sarnia,CA,Toronto,CA
Sandusky,US,Toronto,CA
St. Marys,CA,Toronto,CA
Maberly,CA,Toronto,CA
St. Anns,CA,Toronto,CA
Massey,CA,Toronto,CA
Marmora,CA,Toronto,CA
Alfred,CA,Toronto,CA
North York,CA,Toronto,CA
Ann Arbor,US,Toronto,CA
Caledon Village,CA,Toronto,CA
Beamsville,CA,Toronto,CA
Port McNicoll,CA,Toronto,CA
Port Carling,CA,Toronto,CA
Notre-Dame-des-Bois,CA,Toronto,CA
Tonawanda,US,Toronto,CA
Colborne,CA,Toronto,CA
Goderich,CA,Toronto,CA
Victoria Harbour,CA,Toronto,CA
Rochester Hills,US,Toronto,CA
Geraldton,CA,Toronto,CA
Avon Lake,US,Toronto,CA
Saint-Georges,CA,Toronto,CA
Kingsville,CA,Toronto,CA
Willow Beach,CA,Toronto,CA
Hinchinbrooke,CA,Toronto,CA
Carignan,CA,Toronto,CA
New Hamburg,CA,Toronto,CA
Schomberg,CA,Toronto,CA
Stirling,CA,Toronto,CA
Euclid,US,Toronto,CA
Powassan,CA,Toronto,CA
Vineland,CA,Toronto,CA
Strathroy,CA,Toronto,CA
Rome,US,Toronto,CA
Macomb,US,Toronto,CA
Woodbridge,CA,Toronto,CA
Moncton,CA,Toronto,CA
Oakbank,CA,Toronto,CA
Davison,US,Toronto,CA
Shanty Bay,CA,Toronto,CA
Belle River,CA,Toronto,CA
St. John's,CA,Toronto,CA
Simcoe,CA,Toronto,CA
Winchester,CA,Toronto,CA
Ajax,CA,Toronto,CA
Wasaga Beach,CA,Toronto,CA
Mitchell/Ontario,CA,Toronto,CA
Parry Sound,CA,Toronto,CA
Georgetown,CA,Toronto,CA
Calabogie,CA,Toronto,CA
Dryden,CA,Toronto,CA
Allenford,CA,Toronto,CA
Niagara-on-the-Lake,CA,Toronto,CA
Dearborn,US,Toronto,CA
Candiac,CA,Toronto,CA
Denbigh,CA,Toronto,CA
Magnetawan,CA,Toronto,CA
Orono,CA,Toronto,CA
Batavia,US,Toronto,CA
Mount Clemens,US,Toronto,CA
Richmond Hill,CA,Toronto,CA
Woodstock,CA,Toronto,CA
Downsview,CA,Toronto,CA
South Bruce Peninsula,CA,Toronto,CA
Kleinburg Station,CA,Toronto,CA
New Haven,US,Toronto,CA
Lively,CA,Toronto,CA
Capreol,CA,Toronto,CA
Wilberforce,CA,Toronto,CA
Claremont,CA,Toronto,CA
Scarborough,CA,Toronto,CA
Pefferlaw,CA,Toronto,CA
Kinmount,CA,Toronto,CA
Waterford,CA,Toronto,CA
Wendover,CA,Toronto,CA
Port Dover,CA,Toronto,CA
Enterprise,CA,Toronto,CA
Indiana,US,Toronto,CA
Walworth,US,Toronto,CA
Strongsville,US,Toronto,CA
Cambridge,CA,Toronto,CA
Cloyne,CA,Toronto,CA
Buckhorn,CA,Toronto,CA
New Tecumseth,CA,Toronto,CA
Janetville,CA,Toronto,CA
Wawa,CA,Toronto,CA
Norwood,CA,Toronto,CA
Angus,CA,Toronto,CA
Drayton,CA,Toronto,CA
Zephyr,CA,Toronto,CA
Ariss,CA,Toronto,CA
Duck Lake,CA,Toronto,CA
East Gwillimbury,CA,Toronto,CA
Conneaut,US,Toronto,CA
Wainfleet,CA,Toronto,CA
Newburgh,CA,Toronto,CA
Baden,CA,Toronto,CA
St. Thomas,CA,Toronto,CA
Detroit,US,Toronto,CA
Royal Oak,US,Toronto,CA
Binbrook,CA,Toronto,CA
St. Catharines,CA,Toronto,CA
Warren,US,Toronto,CA
Spencerville,CA,Toronto,CA
Fonthill,CA,Toronto,CA
Drumbo,CA,Toronto,CA
Courtice,CA,Toronto,CA
Eganville,CA,Toronto,CA
Blenheim,CA,Toronto,CA
North Canton,US,Toronto,CA
Collins Bay,CA,Toronto,CA
King City,CA,Toronto,CA
Petawawa,CA,Toronto,CA
Battersea,CA,Toronto,CA
Wyoming,CA,Toronto,CA
Victor,US,Toronto,CA
Plainfield,CA,Toronto,CA
Trent Lakes,CA,Toronto,CA
St. Isidore,CA,Toronto,CA
Bowmanville,CA,Toronto,CA
Acton,CA,Toronto,CA
Cayuga,CA,Toronto,CA
Vaughan,CA,Toronto,CA
Georgian Bluffs,CA,Toronto,CA
Quinte West,CA,Toronto,CA
Cookstown,CA,Toronto,CA
Mississauga,CA,Toronto,CA
Mossley,CA,Toronto,CA
McKeesport,US,Toronto,CA
Minden,CA,Toronto,CA
Nanticoke,CA,Toronto,CA
Birch Run,US,Toronto,CA
Jarvis,CA,Toronto,CA
Dartmouth,CA,Toronto,CA
Chesley,CA,Toronto,CA
Yarker,CA,Toronto,CA
Fort Lauderdale,US,Toronto,CA
Grimsby,CA,Toronto,CA
Dutton,CA,Toronto,CA
Dundas,CA,Toronto,CA
Wikwemikong,CA,Toronto,CA
Flesherton,CA,Toronto,CA
Baysville,CA,Toronto,CA
Caledon East,CA,Toronto,CA
Goulais River,CA,Toronto,CA
Torano Castello,IT,Tunis,TN
Soveria Mannelli,IT,Tunis,TN
San Teodoro,IT,Tunis,TN
Amdjarass,TD,Tunis,TN
Samugheo,IT,Tunis,TN
Molochio,IT,Tunis,TN
Barano d'Ischia,IT,Tunis,TN
Sinagra,IT,Tunis,TN
Rome,IT,Tunis,TN
Patti,IT,Tunis,TN
Canicattì,IT,Tunis,TN
Balestrate,IT,Tunis,TN
Comiso,IT,Tunis,TN
Girifalco,IT,Tunis,TN
Arienzo,IT,Tunis,TN
Canalicchio,IT,Tunis,TN
Bagheria,IT,Tunis,TN
Sant'Angelo di Brolo,IT,Tunis,TN
Orosei,IT,Tunis,TN
Catania,IT,Tunis,TN
Qrendi,MT,Tunis,TN
Porto Empedocle,IT,Tunis,TN
Ibadan,NG,Tunis,TN
Bronte,IT,Tunis,TN
Tempio Pausania,IT,Tunis,TN
Sant'Arcangelo,IT,Tunis,TN
Naxxar,MT,Tunis,TN
Gavoi,IT,Tunis,TN
Paola,MT,Tunis,TN
Arbus,IT,Tunis,TN
Torretta,IT,Tunis,TN
Pietrafitta,IT,Tunis,TN
Forlì del Sannio,IT,Tunis,TN
Riesi,IT,Tunis,TN
Alia,IT,Tunis,TN
Piazza Armerina,IT,Tunis,TN
Leonforte,IT,Tunis,TN
Trapani,IT,Tunis,TN
Victoria,MT,Tunis,TN
Corleone,IT,Tunis,TN
Port Harcourt,NG,Tunis,TN
Canicattini Bagni,IT,Tunis,TN
Roccalumera,IT,Tunis,TN
Sant'Alfio,IT,Tunis,TN
Viagrande,IT,Tunis,TN
Prizzi,IT,Tunis,TN
Petilia Policastro,IT,Tunis,TN
San Giovanni la Punta,IT,Tunis,TN
Abomey,BJ,Tunis,TN
Castrolibero,IT,Tunis,TN
Birżebbuġa,MT,Tunis,TN
Rovito,IT,Tunis,TN
Villa San Giovanni,IT,Tunis,TN
Gizzeria,IT,Tunis,TN
Pozzallo,IT,Tunis,TN
Ħamrun,MT,Tunis,TN
Castellammare del Golfo,IT,Tunis,TN
Torrenova,IT,Tunis,TN
Decollatura,IT,Tunis,TN
Lettere,IT,Tunis,TN
Montemilone,IT,Tunis,TN
Pachino,IT,Tunis,TN
L-Iklin,MT,Tunis,TN
Villa Santa Maria,IT,Tunis,TN
Ispica,IT,Tunis,TN
Calatabiano,IT,Tunis,TN
Valguarnera Caropepe,IT,Tunis,TN
San Giovanni in Marignano,IT,Tunis,TN
Palagonia,IT,Tunis,TN
Collesano,IT,Tunis,TN
Campobello di Licata,IT,Tunis,TN
Roccavaldina,IT,Tunis,TN
Ta' Xbiex,MT,Tunis,TN
Abuja,NG,Tunis,TN
Termini Imerese,IT,Tunis,TN
Għaxaq,MT,Tunis,TN
Trebisacce,IT,Tunis,TN
Vizzini,IT,Tunis,TN
San Pawl il-Baħar,MT,Tunis,TN
Careri,IT,Tunis,TN
Meina,IT,Tunis,TN
Aci Sant'Antonio,IT,Tunis,TN
Orbassano,IT,Tunis,TN
Saint Venera,MT,Tunis,TN
Cinisi,IT,Tunis,TN
Sant'Alessio in Aspromonte,IT,Tunis,TN
Delia,IT,Tunis,TN
Casalbore,IT,Tunis,TN
Lagos,NG,Tunis,TN
Caltagirone,IT,Tunis,TN
Scordia,IT,Tunis,TN
Misilmeri,IT,Tunis,TN
Onitsha,NG,Tunis,TN
Badolato Marina,IT,Tunis,TN
Badolato,IT,Tunis,TN
Scilla,IT,Tunis,TN
Avola,IT,Tunis,TN
Cagliari,IT,Tunis,TN
Senglea,MT,Tunis,TN
Għarb,MT,Tunis,TN
Accra,GH,Tunis,TN
Castel Frentano,IT,Tunis,TN
Pace del Mela,IT,Tunis,TN
Sant'Agata di Militello,IT,Tunis,TN
Grisolia,IT,Tunis,TN
Spadola,IT,Tunis,TN
Gesturi,IT,Tunis,TN
Serrastretta,IT,Tunis,TN
Belmonte Mezzagno,IT,Tunis,TN
Benin City,NG,Tunis,TN
Floridia,IT,Tunis,TN
Fiumefreddo di Sicilia,IT,Tunis,TN
Niscemi,IT,Tunis,TN
Gaggi,IT,Tunis,TN
Dipignano,IT,Tunis,TN
Capri Leone,IT,Tunis,TN
Montevago,IT,Tunis,TN
Sersale,IT,Tunis,TN
Tarxien,MT,Tunis,TN
San Marco d'Alunzio,IT,Tunis,TN
Polia,IT,Tunis,TN
Benetutti,IT,Tunis,TN
Grammichele,IT,Tunis,TN
Benestare,IT,Tunis,TN
Kalkara,MT,Tunis,TN
Santa Flavia,IT,Tunis,TN
Negrar,IT,Tunis,TN
Fuscaldo,IT,Tunis,TN
San Piero Patti,IT,Tunis,TN
Rose,IT,Tunis,TN
Ragalna,IT,Tunis,TN
Verbicaro,IT,Tunis,TN
Barrafranca,IT,Tunis,TN
Santa Elisabetta,IT,Tunis,TN
Solopaca,IT,Tunis,TN
Cetraro,IT,Tunis,TN
Xagħra,MT,Tunis,TN
Calaone,IT,Tunis,TN
Arena,IT,Tunis,TN
Villamassargia,IT,Tunis,TN
Misterbianco,IT,Tunis,TN
Secondigliano,IT,Tunis,TN
Attard,MT,Tunis,TN
Gallico,IT,Tunis,TN
Fontana,MT,Tunis,TN
Lija,MT,Tunis,TN
Villasmundo,IT,Tunis,TN
Żejtun,MT,Tunis,TN
Cirò Marina,IT,Tunis,TN
Cosoleto,IT,Tunis,TN
Fiumedinisi,IT,Tunis,TN
Enugu,NG,Tunis,TN
Meana Sardo,IT,Tunis,TN
San Marco Argentano,IT,Tunis,TN
Palermo,IT,Tunis,TN
Yenagoa,NG,Tunis,TN
Casalnuovo di Napoli,IT,Tunis,TN
Fgura,MT,Tunis,TN
Camporotondo Etneo,IT,Tunis,TN
Erice,IT,Tunis,TN
Catenanuova,IT,Tunis,TN
Soriano Calabro,IT,Tunis,TN
Zafferana Etnea,IT,Tunis,TN
San Giorgio la Molara,IT,Tunis,TN
Amato,IT,Tunis,TN
Taurianova,IT,Tunis,TN
Dambai,GH,Tunis,TN
Lissone,IT,Tunis,TN
San Giuseppe Jato,IT,Tunis,TN
Genazzano,IT,Tunis,TN
Gangi,IT,Tunis,TN
Villafrati,IT,Tunis,TN
Riola Sardo,IT,Tunis,TN
Moliterno,IT,Tunis,TN
Bianco,IT,Tunis,TN
Torrecuso,IT,Tunis,TN
Montelepre,IT,Tunis,TN
Villabate,IT,Tunis,TN
Salemi,IT,Tunis,TN
Safi,MT,Tunis,TN
Santa Teresa Gallura,IT,Tunis,TN
Tusa,IT,Tunis,TN
Randazzo,IT,Tunis,TN
Maierato,IT,Tunis,TN
Realmonte,IT,Tunis,TN
Caltavuturo,IT,Tunis,TN
Ficarazzi,IT,Tunis,TN
St. Julian's,MT,Tunis,TN
Paceco,IT,Tunis,TN
Il-Madliena,MT,Tunis,TN
Amaroni,IT,Tunis,TN
Luqa,MT,Tunis,TN
Pizzo,IT,Tunis,TN
San Felice del Benaco,IT,Tunis,TN
Campobello di Mazara,IT,Tunis,TN
Barcellona Pozzo di Gotto,IT,Tunis,TN
Sciacca,IT,Tunis,TN
Gravina di Catania,IT,Tunis,TN
Francofonte,IT,Tunis,TN
Scandale,IT,Tunis,TN
Nicosia,IT,Tunis,TN
Borgetto,IT,Tunis,TN
Bagnara Calabra,IT,Tunis,TN
Mojo Alcantara,IT,Tunis,TN
Mosta,MT,Tunis,TN
Xewkija,MT,Tunis,TN
Toukra,TD,Tunis,TN
Cattolica Eraclea,IT,Tunis,TN
Spezzano Albanese,IT,Tunis,TN
Monreale,IT,Tunis,TN
Cassano Allo Ionio,IT,Tunis,TN
Monterusciello,IT,Tunis,TN
Tunis,TN,Tunis,TN
Positano,IT,Tunis,TN
Tortorici,IT,Tunis,TN
Troina,IT,Tunis,TN
San Gregorio d'Ippona,IT,Tunis,TN
Palau,IT,Tunis,TN
Furci Siculo,IT,Tunis,TN
Casteldaccia,IT,Tunis,TN
Saliceto,IT,Turin,IT
Castelnuovo Don Bosco,IT,Turin,IT
San Marzano Oliveto,IT,Turin,IT
Schwerzenbach,CH,Turin,IT
Vétroz,CH,Turin,IT
Colle Brianza,IT,Turin,IT
Orta di Atella,IT,Turin,IT
Longirod,CH,Turin,IT
Villanova d'Albenga,IT,Turin,IT
Aigle,CH,Turin,IT
Bellegra,IT,Turin,IT
Worblaufen,CH,Turin,IT
Le Lignon,CH,Turin,IT
Meierskappel,CH,Turin,IT
Bremgarten,CH,Turin,IT
Crotone,IT,Turin,IT
Alle,CH,Turin,IT
Cuneo,IT,Turin,IT
Marin-Epagnier,CH,Turin,IT
Albisola Superiore,IT,Turin,IT
Nole,IT,Turin,IT
Nus,IT,Turin,IT
Bassano del Grappa,IT,Turin,IT
Cologne,IT,Turin,IT
Castrignano del Capo,IT,Turin,IT
Valverde,IT,Turin,IT
Mollie-Margot,CH,Turin,IT
Glis,CH,Turin,IT
Baldissero Torinese,IT,Turin,IT
Monaco,MC,Turin,IT
Vuarrens,CH,Turin,IT
Veyrier,CH,Turin,IT
Reignier-Ésery,FR,Turin,IT
Vernate,CH,Turin,IT
Casalgrande,IT,Turin,IT
Marentino,IT,Turin,IT
Stienta,IT,Turin,IT
Ardon,CH,Turin,IT
Vernier,CH,Turin,IT
Pomigliano d'Arco,IT,Turin,IT
Sagliano Micca,IT,Turin,IT
Oetwil,CH,Turin,IT
Tricase,IT,Turin,IT
Champvent,CH,Turin,IT
Cirié,IT,Turin,IT
San Giovanni in Croce,IT,Turin,IT
Carpignano Sesia,IT,Turin,IT
Saint-Imier,CH,Turin,IT
Aci Sant'Antonio,IT,Turin,IT
Lido di Camaiore,IT,Turin,IT
Marzole,IT,Turin,IT
Mirandola,IT,Turin,IT
Mongrando,IT,Turin,IT
Venaria Reale,IT,Turin,IT
Vouvry,CH,Turin,IT
Zetzwil,CH,Turin,IT
Autigny,CH,Turin,IT
Beinasco,IT,Turin,IT
Belleville,FR,Turin,IT
Cisliano,IT,Turin,IT
Grottaglie,IT,Turin,IT
Carouge,CH,Turin,IT
Chailly,CH,Turin,IT
Vestone,IT,Turin,IT
Belmont-sur-Yverdon,CH,Turin,IT
Casalborgone,IT,Turin,IT
Settimo Torinese,IT,Turin,IT
Manta,IT,Turin,IT
Carbonara di Nola,IT,Turin,IT
Carrouge,CH,Turin,IT
Veduggio Con Colzano,IT,Turin,IT
Sassenage,FR,Turin,IT
Omegna,IT,Turin,IT
Marina di Gioiosa Ionica,IT,Turin,IT
Salzano,IT,Turin,IT
Corsier,CH,Turin,IT
Introbio,IT,Turin,IT
Scharnachtal,CH,Turin,IT
Mies,CH,Turin,IT
Malters,CH,Turin,IT
Morro d'Alba,IT,Turin,IT
Stellanello,IT,Turin,IT
Bussigny,CH,Turin,IT
Garbagna,IT,Turin,IT
Revigliasco,IT,Turin,IT
Brent,CH,Turin,IT
Anguillara,IT,Turin,IT
Cavallermaggiore,IT,Turin,IT
Torre d'Isola,IT,Turin,IT
Veruno,IT,Turin,IT
Gallipoli,IT,Turin,IT
Menzingen,CH,Turin,IT
Balangero,IT,Turin,IT
Centallo,IT,Turin,IT
Carisio,IT,Turin,IT
Farvagny-le-Grand,CH,Turin,IT
Teramo,IT,Turin,IT
Colle Umberto,IT,Turin,IT
Milan,IT,Turin,IT
Nottwil,CH,Turin,IT
Alpignano,IT,Turin,IT
Baveno,IT,Turin,IT
Cambiano,IT,Turin,IT
Auvernier,CH,Turin,IT
Rosta,IT,Turin,IT
Ceva,IT,Turin,IT
Mappano,IT,Turin,IT
Vinovo,IT,Turin,IT
Montespertoli,IT,Turin,IT
Baone,IT,Turin,IT
Forel,CH,Turin,IT
Écublens,CH,Turin,IT
Alessano,IT,Turin,IT
Dallikon,CH,Turin,IT
Finale Ligure,IT,Turin,IT
Busano,IT,Turin,IT
Lanzo Torinese,IT,Turin,IT
Nichelino,IT,Turin,IT
Essertines-sur-Yverdon,CH,Turin,IT
Chivasso,IT,Turin,IT
Alassio,IT,Turin,IT
Cassano Spinola,IT,Turin,IT
Almese,IT,Turin,IT
Lavis,IT,Turin,IT
Savignone,IT,Turin,IT
Borgomanero,IT,Turin,IT
Aosta,IT,Turin,IT
Pietra Ligure,IT,Turin,IT
Chénens,CH,Turin,IT
Biancavilla,IT,Turin,IT
Saint-Maurice,CH,Turin,IT
Pietrasanta,IT,Turin,IT
Strambino,IT,Turin,IT
Mathi,IT,Turin,IT
Romanel-sur-Lausanne,CH,Turin,IT
Palézieux,CH,Turin,IT
Vauderens,CH,Turin,IT
Pampigny,CH,Turin,IT
Neyruz-sur-Moudon,CH,Turin,IT
Conthey,CH,Turin,IT
Cairo Montenotte,IT,Turin,IT
Perroy,CH,Turin,IT
Montbrison,FR,Turin,IT
Sergnano,IT,Turin,IT
Gradara,IT,Turin,IT
Carcare,IT,Turin,IT
Albissola Marina,IT,Turin,IT
Santena,IT,Turin,IT
Onex,CH,Turin,IT
Canale,IT,Turin,IT
Malleray,CH,Turin,IT
Sant'Arpino,IT,Turin,IT
Cigliano,IT,Turin,IT
Rivarossa,IT,Turin,IT
Quiliano,IT,Turin,IT
Poggio Mirteto,IT,Turin,IT
Neyruz,CH,Turin,IT
Condove,IT,Turin,IT
Saluzzo,IT,Turin,IT
Bex,CH,Turin,IT
Monte San Vito,IT,Turin,IT
Isola Rizza,IT,Turin,IT
Santo Stefano al Mare,IT,Turin,IT
Avigliana,IT,Turin,IT
Wangs,CH,Turin,IT
Villars-Ste-Croix,CH,Turin,IT
Beinette,IT,Turin,IT
La Loggia,IT,Turin,IT
Roveleto,IT,Turin,IT
Geltwil,CH,Turin,IT
Scisciano,IT,Turin,IT
Monterenzio,IT,Turin,IT
Alfortville,FR,Turin,IT
Asolo,IT,Turin,IT
Casalnoceto,IT,Turin,IT
Peccioli,IT,Turin,IT
Büren,CH,Turin,IT
Avezzano,IT,Turin,IT
Albenga,IT,Turin,IT
Lupfig,CH,Turin,IT
Voiron,FR,Turin,IT
Salsomaggiore Terme,IT,Turin,IT
Trino,IT,Turin,IT
Wünnewil,CH,Turin,IT
Grado,IT,Turin,IT
Sant'Agata de' Goti,IT,Turin,IT
Gattico,IT,Turin,IT
Lerici,IT,Turin,IT
Binz,CH,Turin,IT
Nyon,CH,Turin,IT
Angri,IT,Turin,IT
Penthaz,CH,Turin,IT
Bramois,CH,Turin,IT
Stradella,IT,Turin,IT
Vufflens-la-Ville,CH,Turin,IT
Santa Cristina Val Gardena,IT,Turin,IT
Diano d'Alba,IT,Turin,IT
Sale,IT,Turin,IT
Silvi,IT,Turin,IT
Tovo San Giacomo,IT,Turin,IT
Farra di Soligo,IT,Turin,IT
Valleggia,IT,Turin,IT
Frascati,IT,Turin,IT
Pagani,IT,Turin,IT
San Michele Salentino,IT,Turin,IT
Varazze,IT,Turin,IT
Andorno Micca,IT,Turin,IT
Bra,IT,Turin,IT
Melfi,IT,Turin,IT
Ceriale,IT,Turin,IT
Marcy-l'Étoile,FR,Turin,IT
Fiorenzuola d'Arda,IT,Turin,IT
Mazzè,IT,Turin,IT
Villarlod,CH,Turin,IT
Biel-Benken,CH,Turin,IT
Caorle,IT,Turin,IT
Trecastagni,IT,Turin,IT
Ivrea,IT,Turin,IT
San Fatucchio,IT,Turin,IT
Cossonay,CH,Turin,IT
Sugnens,CH,Turin,IT
Località Produttiva I,IT,Turin,IT
Vésenaz,CH,Turin,IT
San Giorgio Canavese,IT,Turin,IT
Altamura,IT,Turin,IT
Sommariva del Bosco,IT,Turin,IT
Vuisternens-en-Ogoz,CH,Turin,IT
Collombey,CH,Turin,IT
Prangins,CH,Turin,IT
Nosate,IT,Turin,IT
Attalens,CH,Turin,IT
Bruino,IT,Turin,IT
Banchette,IT,Turin,IT
Givisiez,CH,Turin,IT
Paliano,IT,Turin,IT
Crissier,CH,Turin,IT
Sandigliano,IT,Turin,IT
Bastiglia,IT,Turin,IT
La Verpillière,FR,Turin,IT
Volpiano,IT,Turin,IT
Zoppola,IT,Turin,IT
Peveragno,IT,Turin,IT
Vibo Valentia,IT,Turin,IT
Vigone,IT,Turin,IT
Canelli,IT,Turin,IT
Pignola,IT,Turin,IT
Pasta,IT,Turin,IT
Arcene,IT,Turin,IT
Carvico,IT,Turin,IT
Guarene,IT,Turin,IT
Ischia,IT,Turin,IT
Dolceacqua,IT,Turin,IT
Naters,CH,Turin,IT
Fornovo San Giovanni,IT,Turin,IT
Puidoux,CH,Turin,IT
Denges,CH,Turin,IT
Échandens,CH,Turin,IT
Forino,IT,Turin,IT
Villar Dora,IT,Turin,IT
Enfield,GB,Turin,IT
Turin,IT,Turin,IT
San Mauro Torinese,IT,Turin,IT
Cassino,IT,Turin,IT
Carmagnola,IT,Turin,IT
Santa Maria Hoè,IT,Turin,IT
Wittenbach,CH,Turin,IT
Osio Sopra,IT,Turin,IT
Chêne-Bougeries,CH,Turin,IT
Belp,CH,Turin,IT
Cossato,IT,Turin,IT
Roddi,IT,Turin,IT
Scheuren,CH,Turin,IT
Pianezza,IT,Turin,IT
Chieri,IT,Turin,IT
Volvera,IT,Turin,IT
Pontedassio,IT,Turin,IT
Bournens,CH,Turin,IT
Cantello,IT,Turin,IT
Savigny,CH,Turin,IT
Candelo,IT,Turin,IT
Villafranca in Lunigiana,IT,Turin,IT
Valdagno,IT,Turin,IT
Pontecchio Polesine,IT,Turin,IT
Villanova d'Asti,IT,Turin,IT
Bern,CH,Turin,IT
Schongau,CH,Turin,IT
Villanova Monferrato,IT,Turin,IT
San Sebastiano al Vesuvio,IT,Turin,IT
Brandizzo,IT,Turin,IT
Cugy,CH,Turin,IT
Telgate,IT,Turin,IT
Gsteig,CH,Turin,IT
Crassier,CH,Turin,IT
Döttingen,CH,Turin,IT
Piossasco,IT,Turin,IT
Crespellano,IT,Turin,IT
Ossi,IT,Turin,IT
Corseaux,CH,Turin,IT
Yverdon-les-Bains,CH,Turin,IT
Morrovalle,IT,Turin,IT
Val della Torre,IT,Turin,IT
Vezza d'Alba,IT,Turin,IT
Trofarello,IT,Turin,IT
Villarepos,CH,Turin,IT
Borghetto Santo Spirito,IT,Turin,IT
Coppet,CH,Turin,IT
Trivero,IT,Turin,IT
Forlimpopoli,IT,Turin,IT
Sant'Anastasia,IT,Turin,IT
Sarre,IT,Turin,IT
Bellagio,IT,Turin,IT
Combremont-le-Petit,CH,Turin,IT
Lentigny,FR,Turin,IT
Favria,IT,Turin,IT
Spotorno,IT,Turin,IT
Pero,IT,Turin,IT
Cercenasco,IT,Turin,IT
Venice,IT,Turin,IT
Treviolo,IT,Turin,IT
Spreitenbach,CH,Turin,IT
Altidona,IT,Turin,IT
Baldissero d'Alba,IT,Turin,IT
Serravalle Scrivia,IT,Turin,IT
La Tour-de-Peilz,CH,Turin,IT
Sant'Antonio Abate,IT,Turin,IT
Écoteaux,CH,Turin,IT
Castelnuovo Scrivia,IT,Turin,IT
Bardonnex,CH,Turin,IT
Diano Castello,IT,Turin,IT
Felino,IT,Turin,IT
Plodio,IT,Turin,IT
Leggiuno,IT,Turin,IT
Padova,IT,Turin,IT
Aargau,CH,Turin,IT
Gingins,CH,Turin,IT
Morciano di Romagna,IT,Turin,IT
Pinerolo,IT,Turin,IT
Rocca di Neto,IT,Turin,IT
Romont,CH,Turin,IT
Collonge-Bellerive,CH,Turin,IT
Pieve Emanuele,IT,Turin,IT
Camisano Vicentino,IT,Turin,IT
Le Mont-sur-Lausanne,CH,Turin,IT
Savigliano,IT,Turin,IT
San Maurizio d'Opaglio,IT,Turin,IT
Thônex,CH,Turin,IT
Villar Perosa,IT,Turin,IT
Corridonia,IT,Turin,IT
Marcon,IT,Turin,IT
Filottrano,IT,Turin,IT
Valdieri,IT,Turin,IT
Poliez-Pittet,CH,Turin,IT
Darfo Boario Terme,IT,Turin,IT
Isola d'Asti,IT,Turin,IT
Mézières,CH,Turin,IT
Chiavari,IT,Turin,IT
Fossalta di Portogruaro,IT,Turin,IT
Modena,IT,Turin,IT
Celle Ligure,IT,Turin,IT
Chêne-Bourg,CH,Turin,IT
Salassa,IT,Turin,IT
Villata,IT,Turin,IT
Visp,CH,Turin,IT
Crescentino,IT,Turin,IT
Broc,CH,Turin,IT
Pioltello,IT,Turin,IT
Piano di Sorrento,IT,Turin,IT
Pino Torinese,IT,Turin,IT
Miane,IT,Turin,IT
Vado Ligure,IT,Turin,IT
Atri,IT,Turin,IT
Verbania,IT,Turin,IT
Limonest,FR,Turin,IT
Bistagno,IT,Turin,IT
Wolfwil,CH,Turin,IT
Grandvaux,CH,Turin,IT
Boussens,CH,Turin,IT
Novara,IT,Turin,IT
Chavannes,CH,Turin,IT
Candiolo,IT,Turin,IT
Dompierre,CH,Turin,IT
Belmont-sur-Lausanne,CH,Turin,IT
Torrevecchia Teatina,IT,Turin,IT
Bottens,CH,Turin,IT
Vitulano,IT,Turin,IT
Tuggen,CH,Turin,IT
Pradalunga,IT,Turin,IT
Gela,IT,Turin,IT
Sant'Angelo Lodigiano,IT,Turin,IT
Bovolone,IT,Turin,IT
Rickenbach bei Wil,CH,Turin,IT
Rolle,CH,Turin,IT
Cupello,IT,Turin,IT
Imperia,IT,Turin,IT
Pralormo,IT,Turin,IT
Montet,CH,Turin,IT
Favara,IT,Turin,IT
Mediglia,IT,Turin,IT
Lenggenwil,CH,Turin,IT
Chardonne,CH,Turin,IT
Airasca,IT,Turin,IT
Rothrist,CH,Turin,IT
Moriondo Torinese,IT,Turin,IT
San Secondo di Pinerolo,IT,Turin,IT
Brugg,CH,Turin,IT
Caraglio,IT,Turin,IT
Brugnato,IT,Turin,IT
Châtel-Saint-Denis,CH,Turin,IT
Casagiove,IT,Turin,IT
Monte Marenzo,IT,Turin,IT
Chambésy,CH,Turin,IT
Marly,CH,Turin,IT
Rocca d'Arazzo,IT,Turin,IT
San Paolo Solbrito,IT,Turin,IT
Gampel,CH,Turin,IT
Novi Ligure,IT,Turin,IT
Cafasse,IT,Turin,IT
Mel,IT,Turin,IT
Carignano,IT,Turin,IT
Brescello,IT,Turin,IT
Saint-Aubin-Sauges,CH,Turin,IT
Jongny,CH,Turin,IT
Campo San Martino,IT,Turin,IT
Vaiano,IT,Turin,IT
Belfaux,CH,Turin,IT
San Giorgio a Cremano,IT,Turin,IT
Satigny,CH,Turin,IT
Plan-les-Ouates,CH,Turin,IT
Torre Caietani,IT,Turin,IT
Boissano,IT,Turin,IT
Gattinara,IT,Turin,IT
Andria,IT,Turin,IT
Sion,CH,Turin,IT
Troinex,CH,Turin,IT
Egliswil,CH,Turin,IT
Giustenice,IT,Turin,IT
Eboli,IT,Turin,IT
Santa Venerina,IT,Turin,IT
Gassino Torinese,IT,Turin,IT
Mordano,IT,Turin,IT
Villastellone,IT,Turin,IT
Albano Laziale,IT,Turin,IT
Tafers,CH,Turin,IT
Lützelflüh,CH,Turin,IT
Ariccia,IT,Turin,IT
Andora,IT,Turin,IT
Casalmaggiore,IT,Turin,IT
Bricherasio,IT,Turin,IT
Nizza Monferrato,IT,Turin,IT
Mont-sur-Rolle,CH,Turin,IT
Cuorgnè,IT,Turin,IT
San Giovanni Rotondo,IT,Turin,IT
Portalban,CH,Turin,IT
Cameri,IT,Turin,IT
Ornavasso,IT,Turin,IT
Bettlach,CH,Turin,IT
Steinach,CH,Turin,IT
Staglieno,IT,Turin,IT
Grignasco,IT,Turin,IT
Regalbuto,IT,Turin,IT
Semsales,CH,Turin,IT
Geneva,CH,Turin,IT
St-Légier-La Chiésaz,CH,Turin,IT
Quattordio,IT,Turin,IT
Sant'Agata Bolognese,IT,Turin,IT
San Maurizio Canavese,IT,Turin,IT
Dietikon,CH,Turin,IT
Uznach,CH,Turin,IT
Montanaro,IT,Turin,IT
Santa Maria di Sala,IT,Turin,IT
Langnau am Albis,CH,Turin,IT
Caramagna Piemonte,IT,Turin,IT
Servion,CH,Turin,IT
Estavannens-Dessus,CH,Turin,IT
Roccavione,IT,Turin,IT
Verzuolo,IT,Turin,IT
Oberwil-Lieli,CH,Turin,IT
Borgo San Dalmazzo,IT,Turin,IT
Palestrina,IT,Turin,IT
Syracuse,IT,Turin,IT
Foglizzo,IT,Turin,IT
Castagnito,IT,Turin,IT
Cologny,CH,Turin,IT
Andezeno,IT,Turin,IT
Camerata Picena,IT,Turin,IT
Castellalto,IT,Turin,IT
Arenzano,IT,Turin,IT
Piobesi Torinese,IT,Turin,IT
Le Grand-Saconnex,CH,Turin,IT
Rome,IT,Turin,IT
Préverenges,CH,Turin,IT
Teverola,IT,Turin,IT
Châtelaine,CH,Turin,IT
Casale Monferrato,IT,Turin,IT
Pazzallo,CH,Turin,IT
Castelbuono,IT,Turin,IT
San Pietro Mosezzo,IT,Turin,IT
Carrù,IT,Turin,IT
Ventimiglia,IT,Turin,IT
Rende,IT,Turin,IT
Villafranca Piemonte,IT,Turin,IT
Combremont-le-Grand,CH,Turin,IT
Saint-Priest,FR,Turin,IT
Grotte Santo Stefano,IT,Turin,IT
Alliste,IT,Turin,IT
Prilly,CH,Turin,IT
Bercher,CH,Turin,IT
Denens,CH,Turin,IT
Adria,IT,Turin,IT
Borgaro Torinese,IT,Turin,IT
Asigliano Vercellese,IT,Turin,IT
San Vitaliano,IT,Turin,IT
Leinì,IT,Turin,IT
Gressan,IT,Turin,IT
Gardone Val Trompia,IT,Turin,IT
Horn,CH,Turin,IT
Bernex,CH,Turin,IT
Caluso,IT,Turin,IT
Buttigliera Alta,IT,Turin,IT
Corsier-sur-Vevey,CH,Turin,IT
Bettens,CH,Turin,IT
Rivarolo Canavese,IT,Turin,IT
Vanderhoof,CA,Vancouver,CA
100 Mile House,CA,Vancouver,CA
Tahsis,CA,Vancouver,CA
Whitehorse,CA,Vancouver,CA
Kamloops,CA,Vancouver,CA
Nelson,CA,Vancouver,CA
Gillies Bay,CA,Vancouver,CA
Cache Creek,CA,Vancouver,CA
West Kelowna,CA,Vancouver,CA
Anmore,CA,Vancouver,CA
Lindell Beach,CA,Vancouver,CA
New Hazelton,CA,Vancouver,CA
Burnaby,CA,Vancouver,CA
Blind Bay,CA,Vancouver,CA
Merritt,CA,Vancouver,CA
Maple Ridge,CA,Vancouver,CA
Harrison Hot Springs,CA,Vancouver,CA
Van Anda,CA,Vancouver,CA
Abbotsford,CA,Vancouver,CA
Cawston,CA,Vancouver,CA
Sechelt,CA,Vancouver,CA
Clearwater,CA,Vancouver,CA
Smithers,CA,Vancouver,CA
Blue River,CA,Vancouver,CA
Lytton,CA,Vancouver,CA
Langford,CA,Vancouver,CA
Quathiaski Cove,CA,Vancouver,CA
Jaffray,CA,Vancouver,CA
Saanichton,CA,Vancouver,CA
Errington,CA,Vancouver,CA
Port McNeill,CA,Vancouver,CA
Alert Bay,CA,Vancouver,CA
Princeton,CA,Vancouver,CA
Nakusp,CA,Vancouver,CA
Lake Cowichan,CA,Vancouver,CA
Oliver,CA,Vancouver,CA
Squamish,CA,Vancouver,CA
Nanoose Bay,CA,Vancouver,CA
Prince George,CA,Vancouver,CA
Mackenzie,CA,Vancouver,CA
Sainte-Madeleine,CA,Vancouver,CA
Masset,CA,Vancouver,CA
Port Hardy,CA,Vancouver,CA
Fort St. James,CA,Vancouver,CA
Logan Lake,CA,Vancouver,CA
Keremeos,CA,Vancouver,CA
108 Mile Ranch,CA,Vancouver,CA
North Saanich,CA,Vancouver,CA
Rolla,CA,Vancouver,CA
Tofino,CA,Vancouver,CA
Chilliwack,CA,Vancouver,CA
Kitimat,CA,Vancouver,CA
Cowichan Bay,CA,Vancouver,CA
Sooke,CA,Vancouver,CA
Cobble Hill,CA,Vancouver,CA
Westbank,CA,Vancouver,CA
Vancouver,CA,Vancouver,CA
Ashcroft,CA,Vancouver,CA
Galiano Island,CA,Vancouver,CA
Anglemont,CA,Vancouver,CA
Sicamous,CA,Vancouver,CA
Panorama,CA,Vancouver,CA
Qualicum Beach,CA,Vancouver,CA
Victoria,CA,Vancouver,CA
Tappen,CA,Vancouver,CA
Valemount,CA,Vancouver,CA
Coquitlam,CA,Vancouver,CA
Bella Bella,CA,Vancouver,CA
Revelstoke,CA,Vancouver,CA
Comox,CA,Vancouver,CA
Port Clements,CA,Vancouver,CA
Pender Island,CA,Vancouver,CA
New Westminster,CA,Vancouver,CA
Chase,CA,Vancouver,CA
Denman Island,CA,Vancouver,CA
Fernie,CA,Vancouver,CA
Granisle,CA,Vancouver,CA
Salmon Arm,CA,Vancouver,CA
Coldstream,CA,Vancouver,CA
Richmond,CA,Vancouver,CA
Port Coquitlam,CA,Vancouver,CA
St-Albert,CA,Vancouver,CA
Kitwanga,CA,Vancouver,CA
Spirit River,CA,Vancouver,CA
Port Alice,CA,Vancouver,CA
Summerland,CA,Vancouver,CA
Port Moody,CA,Vancouver,CA
Charlie Lake,CA,Vancouver,CA
Dawson Creek,CA,Vancouver,CA
Daajing Giids,CA,Vancouver,CA
Brentwood Bay,CA,Vancouver,CA
Bowen Island,CA,Vancouver,CA
Ucluelet,CA,Vancouver,CA
Ahousat,CA,Vancouver,CA
Langley,CA,Vancouver,CA
Savona,CA,Vancouver,CA
Tumbler Ridge,CA,Vancouver,CA
North Vancouver,CA,Vancouver,CA
Hornby Island,CA,Vancouver,CA
Barrière,CA,Vancouver,CA
Surrey,CA,Vancouver,CA
Slocan,CA,Vancouver,CA
Sorrento,CA,Vancouver,CA
Burns Lake,CA,Vancouver,CA
Agassiz,CA,Vancouver,CA
Cranbrook,CA,Vancouver,CA
Nanaimo,CA,Vancouver,CA
Terrace,CA,Vancouver,CA
Squirrel Cove,CA,Vancouver,CA
Lumby,CA,Vancouver,CA
Heriot Bay,CA,Vancouver,CA
Thetis Island,CA,Vancouver,CA
Port Renfrew,CA,Vancouver,CA
Pinantan Lake,CA,Vancouver,CA
Duncan,CA,Vancouver,CA
Chemainus,CA,Vancouver,CA
Salt Spring Island,CA,Vancouver,CA
McBride,CA,Vancouver,CA
Río Grande,PR,Vancouver,CA
Gibsons,CA,Vancouver,CA
Whistler,CA,Vancouver,CA
Lantzville,CA,Vancouver,CA
Shawnigan Lake,CA,Vancouver,CA
Roberts Creek,CA,Vancouver,CA
Vernon,CA,Vancouver,CA
Dutch Harbor,US,Vancouver,CA
Ladysmith,CA,Vancouver,CA
Taylor,CA,Vancouver,CA
Mount Currie,CA,Vancouver,CA
Courtenay,CA,Vancouver,CA
Lillooet,CA,Vancouver,CA
Penticton,CA,Vancouver,CA
Armstrong,CA,Vancouver,CA
Pemberton,CA,Vancouver,CA
Canoe,CA,Vancouver,CA
Lower Nicola,CA,Vancouver,CA
White Rock,CA,Vancouver,CA
Unalaska,US,Vancouver,CA
Powell River,CA,Vancouver,CA
Tsawwassen,CA,Vancouver,CA
Kelowna,CA,Vancouver,CA
Pitt Meadows,CA,Vancouver,CA
Quesnel,CA,Vancouver,CA
Campbell River,CA,Vancouver,CA
Riondel,CA,Vancouver,CA
Trail,CA,Vancouver,CA
Fort St. John,CA,Vancouver,CA
Niemce,PL,Warsaw,PL
Căușeni,MD,Warsaw,PL
Stanisławów Pierwszy,PL,Warsaw,PL
Czechowice-Dziedzice,PL,Warsaw,PL
Lubliniec,PL,Warsaw,PL
Tarczyn,PL,Warsaw,PL
Niwiska,PL,Warsaw,PL
Konstancin-Jeziorna,PL,Warsaw,PL
Tlumach,UA,Warsaw,PL
Chróścina,PL,Warsaw,PL
Telšiai,LT,Warsaw,PL
Straszyn,PL,Warsaw,PL
Boryslav,UA,Warsaw,PL
Birštonas,LT,Warsaw,PL
Lublin,PL,Warsaw,PL
Novoiavorivsk,UA,Warsaw,PL
Namysłów,PL,Warsaw,PL
Legionowo,PL,Warsaw,PL
Grodzisk Wielkopolski,PL,Warsaw,PL
Swidnica,PL,Warsaw,PL
Koleczkowo,PL,Warsaw,PL
Łąck,PL,Warsaw,PL
Banino,PL,Warsaw,PL
Kamyanka,UA,Warsaw,PL
Deszczno,PL,Warsaw,PL
Sieradz,PL,Warsaw,PL
Ivano-Frankivsk,UA,Warsaw,PL
Gorlice,PL,Warsaw,PL
Lubin,PL,Warsaw,PL
Yavoriv,UA,Warsaw,PL
Spytkowice,PL,Warsaw,PL
Góra Kalwaria,PL,Warsaw,PL
Aleksandrów Kujawski,PL,Warsaw,PL
Gmina Krośnice,PL,Warsaw,PL
Pustomyty,UA,Warsaw,PL
Mezowo,PL,Warsaw,PL
Kosów Lacki,PL,Warsaw,PL
Klaipėda,LT,Warsaw,PL
Mikstat,PL,Warsaw,PL
Nowa Słupia,PL,Warsaw,PL
Gliwice,PL,Warsaw,PL
Poniatowa,PL,Warsaw,PL
Tczew,PL,Warsaw,PL
Nowy Targ,PL,Warsaw,PL
Niedrzwica Duża,PL,Warsaw,PL
Moča,SK,Warsaw,PL
Małogoszcz,PL,Warsaw,PL
Kamieniec,PL,Warsaw,PL
Pruchnik,PL,Warsaw,PL
Medyka,PL,Warsaw,PL
Mukachevo,UA,Warsaw,PL
Zhydachiv,UA,Warsaw,PL
Halič,SK,Warsaw,PL
Bialystok,PL,Warsaw,PL
Kwidzyn,PL,Warsaw,PL
Chmielnik,PL,Warsaw,PL
Poznan,PL,Warsaw,PL
Mirów,PL,Warsaw,PL
Edineţ,MD,Warsaw,PL
Jaświły,PL,Warsaw,PL
Skoczów,PL,Warsaw,PL
Michałow,PL,Warsaw,PL
Radyvyliv,UA,Warsaw,PL
Kretinga,LT,Warsaw,PL
Chwaszczyno,PL,Warsaw,PL
Kežmarok,SK,Warsaw,PL
Kobyłka,PL,Warsaw,PL
Dúbrava,SK,Warsaw,PL
Suwałki,PL,Warsaw,PL
Tarcal,HU,Warsaw,PL
Inowrocław,PL,Warsaw,PL
Krompachy,SK,Warsaw,PL
Mykolaiv,UA,Warsaw,PL
Postomino,PL,Warsaw,PL
Konopiska,PL,Warsaw,PL
Ozimek,PL,Warsaw,PL
Bydgoszcz,PL,Warsaw,PL
Dobra,PL,Warsaw,PL
Elektrėnai,LT,Warsaw,PL
Kelmė,LT,Warsaw,PL
Kurima,SK,Warsaw,PL
Końskowola,PL,Warsaw,PL
Dąbrówka,PL,Warsaw,PL
Ostrów Wielkopolski,PL,Warsaw,PL
Wilga,PL,Warsaw,PL
Ždiar,SK,Warsaw,PL
Zielona Góra,PL,Warsaw,PL
Sępólno Krajeńskie,PL,Warsaw,PL
Hnúšťa,SK,Warsaw,PL
Wyry,PL,Warsaw,PL
Leżajsk,PL,Warsaw,PL
Powidz,PL,Warsaw,PL
Zator,PL,Warsaw,PL
Kamyk,PL,Warsaw,PL
Głogoczów,PL,Warsaw,PL
Września,PL,Warsaw,PL
Oświęcim,PL,Warsaw,PL
Sulejówek,PL,Warsaw,PL
Kadłub,PL,Warsaw,PL
Namišiai,LT,Warsaw,PL
Robercin,PL,Warsaw,PL
Domasław,PL,Warsaw,PL
Chełmno,PL,Warsaw,PL
Šarišské Dravce,SK,Warsaw,PL
Szczecin,PL,Warsaw,PL
Radom,PL,Warsaw,PL
Krobia,PL,Warsaw,PL
Nieszawa,PL,Warsaw,PL
Pabianice,PL,Warsaw,PL
Radziszewo,PL,Warsaw,PL
Hnivan,UA,Warsaw,PL
Przeworsk,PL,Warsaw,PL
Sokołów Podlaski,PL,Warsaw,PL
Gorzów Wielkopolski,PL,Warsaw,PL
Wola Żarczycka,PL,Warsaw,PL
Maruszyna,PL,Warsaw,PL
Dupulčiai,LT,Warsaw,PL
Šilutė,LT,Warsaw,PL
Winnica,PL,Warsaw,PL
Piastów,PL,Warsaw,PL
Bielsk Podlaski,PL,Warsaw,PL
Kartuzy,PL,Warsaw,PL
Barczewo,PL,Warsaw,PL
Kock,PL,Warsaw,PL
Marki,PL,Warsaw,PL
Sulechów,PL,Warsaw,PL
Kazlų Rūda,LT,Warsaw,PL
Tłuszcz,PL,Warsaw,PL
Zielonka,PL,Warsaw,PL
Dąbrowa Górnicza,PL,Warsaw,PL
Kleszczów,PL,Warsaw,PL
Hlyniany,UA,Warsaw,PL
Milicz,PL,Warsaw,PL
Rębiechowo,PL,Warsaw,PL
Wyszków,PL,Warsaw,PL
Pionki,PL,Warsaw,PL
Wierzonka,PL,Warsaw,PL
Galinė,LT,Warsaw,PL
Berdychiv,UA,Warsaw,PL
Rzepin,PL,Warsaw,PL
Stara Błotnica,PL,Warsaw,PL
Gmina Szubin,PL,Warsaw,PL
Gargždai,LT,Warsaw,PL
Siechnice,PL,Warsaw,PL
Vulcăneşti,MD,Warsaw,PL
Łajski,PL,Warsaw,PL
Gmina Świecie,PL,Warsaw,PL
Piekary Śląskie,PL,Warsaw,PL
Lokca,SK,Warsaw,PL
Papilė,LT,Warsaw,PL
Włodawa,PL,Warsaw,PL
Nemunėlio Radviliškis,LT,Warsaw,PL
Likavka,SK,Warsaw,PL
Brzeg Dolny,PL,Warsaw,PL
Miejska Górka,PL,Warsaw,PL
Police,PL,Warsaw,PL
Mažeikiai,LT,Warsaw,PL
Šaľa,SK,Warsaw,PL
Okhtyrka,UA,Warsaw,PL
Podbrezová,SK,Warsaw,PL
Cieszyn,PL,Warsaw,PL
Janów Lubelski,PL,Warsaw,PL
Alytus,LT,Warsaw,PL
Jarocin,PL,Warsaw,PL
Lubsza,PL,Warsaw,PL
Nowa Wola,PL,Warsaw,PL
Gorzkowice,PL,Warsaw,PL
Novoť,SK,Warsaw,PL
Widuchowa,PL,Warsaw,PL
Baia Mare,RO,Warsaw,PL
Iwaniska,PL,Warsaw,PL
Garwolin,PL,Warsaw,PL
Gruczno,PL,Warsaw,PL
Krušetnica,SK,Warsaw,PL
Fintice,SK,Warsaw,PL
Oleszna Podgórska,PL,Warsaw,PL
Chuhuiv,UA,Warsaw,PL
Sihelné,SK,Warsaw,PL
Plewiska,PL,Warsaw,PL
Solec Kujawski,PL,Warsaw,PL
Elizówka,PL,Warsaw,PL
Dragasymuv,UA,Warsaw,PL
Teresin,PL,Warsaw,PL
Radauti,RO,Warsaw,PL
Oravský Podzámok,SK,Warsaw,PL
Sulików,PL,Warsaw,PL
Sosnowiec,PL,Warsaw,PL
Słupsk,PL,Warsaw,PL
Żukowo,PL,Warsaw,PL
Biecz,PL,Warsaw,PL
Piotrkow Trybunalski,PL,Warsaw,PL
Subottsi,UA,Warsaw,PL
Ujście,PL,Warsaw,PL
Roztoka,PL,Warsaw,PL
Żychlin,PL,Warsaw,PL
Częstochowa,PL,Warsaw,PL
Plavnica,SK,Warsaw,PL
Druskininkai,LT,Warsaw,PL
Rytel,PL,Warsaw,PL
Pasłęk,PL,Warsaw,PL
Międzyrzecz,PL,Warsaw,PL
Tarnowskie Góry,PL,Warsaw,PL
Puck,PL,Warsaw,PL
Gmina Bakałarzewo,PL,Warsaw,PL
Bonin,PL,Warsaw,PL
Jawor,PL,Warsaw,PL
Viktariškės,LT,Warsaw,PL
Sabinov,SK,Warsaw,PL
Prawiedniki,PL,Warsaw,PL
Jakubowice Końskie,PL,Warsaw,PL
Oborniki Śląskie,PL,Warsaw,PL
Jaworzno,PL,Warsaw,PL
Chernivtsi,UA,Warsaw,PL
Trostyanets',UA,Warsaw,PL
Murovane,UA,Warsaw,PL
Siemianowice Śląskie,PL,Warsaw,PL
Przeźmierowo,PL,Warsaw,PL
Środa Wielkopolska,PL,Warsaw,PL
Przodkowo,PL,Warsaw,PL
Grudziądz,PL,Warsaw,PL
Liniewo,PL,Warsaw,PL
Cienin Zaborny,PL,Warsaw,PL
Nowa Wieś,PL,Warsaw,PL
Sarny,UA,Warsaw,PL
Pajęczno,PL,Warsaw,PL
Jasionów,PL,Warsaw,PL
Kružlov,SK,Warsaw,PL
Wilkszyn,PL,Warsaw,PL
Zabrze,PL,Warsaw,PL
Rokietnica,PL,Warsaw,PL
Klikuszowa,PL,Warsaw,PL
Łebcz,PL,Warsaw,PL
Głubczyce,PL,Warsaw,PL
Buzica,SK,Warsaw,PL
Krakow,PL,Warsaw,PL
Wiązowna,PL,Warsaw,PL
Bukowiec,PL,Warsaw,PL
Kybartai,LT,Warsaw,PL
Zgorzelec,PL,Warsaw,PL
Modlnica,PL,Warsaw,PL
Siedlce,PL,Warsaw,PL
Krotoszyn,PL,Warsaw,PL
Snina,SK,Warsaw,PL
Żyrardów,PL,Warsaw,PL
Skórcz,PL,Warsaw,PL
Brzeszcze,PL,Warsaw,PL
Dywity,PL,Warsaw,PL
Zdolbuniv,UA,Warsaw,PL
Bogusławice,PL,Warsaw,PL
Krosno,PL,Warsaw,PL
Prandotów,PL,Warsaw,PL
Maleniska,PL,Warsaw,PL
Mszana Dolna,PL,Warsaw,PL
Smolnik,PL,Warsaw,PL
Czernikowo,PL,Warsaw,PL
Syców,PL,Warsaw,PL
Bogatynia,PL,Warsaw,PL
Frydman,PL,Warsaw,PL
Dobre,PL,Warsaw,PL
Vinnytsia,UA,Warsaw,PL
Kowal,PL,Warsaw,PL
Lubczyna,PL,Warsaw,PL
Legnickie Pole,PL,Warsaw,PL
Chervonohrad,UA,Warsaw,PL
Satu Mare,RO,Warsaw,PL
Maków Podhalański,PL,Warsaw,PL
Sośno,PL,Warsaw,PL
Kwilcz,PL,Warsaw,PL
Gdynia,PL,Warsaw,PL
Dzierżoniów,PL,Warsaw,PL
Nowa Sól,PL,Warsaw,PL
Michałowice,PL,Warsaw,PL
Torun,PL,Warsaw,PL
Wolbrom,PL,Warsaw,PL
Byków,PL,Warsaw,PL
Šiauliai,LT,Warsaw,PL
Mińsk Mazowiecki,PL,Warsaw,PL
Osieck,PL,Warsaw,PL
Plungė,LT,Warsaw,PL
Vyhoda,UA,Warsaw,PL
Gmina Końskie,PL,Warsaw,PL
Rožňava,SK,Warsaw,PL
Kamianske,UA,Warsaw,PL
Lędziny,PL,Warsaw,PL
Koszalin,PL,Warsaw,PL
Dursztyn,PL,Warsaw,PL
Długołęka,PL,Warsaw,PL
Kotuń,PL,Warsaw,PL
Morąg,PL,Warsaw,PL
Senieji Trakai,LT,Warsaw,PL
Białka Tatrzańska,PL,Warsaw,PL
Odesa,UA,Warsaw,PL
Łobzów,PL,Warsaw,PL
Płock,PL,Warsaw,PL
Pabradė,LT,Warsaw,PL
Pobiedziska,PL,Warsaw,PL
Cehu Silvaniei,RO,Warsaw,PL
Łosice,PL,Warsaw,PL
Domeikava,LT,Warsaw,PL
Mirów Stary,PL,Warsaw,PL
Cherkasy,UA,Warsaw,PL
Henryszew,PL,Warsaw,PL
Zagrodno,PL,Warsaw,PL
Chojnice,PL,Warsaw,PL
Prague,CZ,Warsaw,PL
Chełm,PL,Warsaw,PL
Opatów,PL,Warsaw,PL
Dobrzyca,PL,Warsaw,PL
Stara Kamienica,PL,Warsaw,PL
Slavkovce,SK,Warsaw,PL
Tuchów,PL,Warsaw,PL
Strzegocice,PL,Warsaw,PL
Tamworth,GB,Warsaw,PL
Bielawy,PL,Warsaw,PL
Chernihiv,UA,Warsaw,PL
Gmina Stężyca,PL,Warsaw,PL
Bielawa,PL,Warsaw,PL
Liesek,SK,Warsaw,PL
Starachowice,PL,Warsaw,PL
Lipno,PL,Warsaw,PL
Skalité,SK,Warsaw,PL
Łomianki,PL,Warsaw,PL
Kopana,PL,Warsaw,PL
Nowy Korczyn,PL,Warsaw,PL
Szczecyn,PL,Warsaw,PL
Piekielnik,PL,Warsaw,PL
Sanok,PL,Warsaw,PL
Płońsk,PL,Warsaw,PL
Giraitė,LT,Warsaw,PL
Drzycim,PL,Warsaw,PL
Dobrzany,PL,Warsaw,PL
Spišský Hrhov,SK,Warsaw,PL
Musninkai,LT,Warsaw,PL
Rożwienica,PL,Warsaw,PL
Oleksandriya,UA,Warsaw,PL
Jedlicze,PL,Warsaw,PL
Marijampolė,LT,Warsaw,PL
Šyliai,LT,Warsaw,PL
Wielogłowy,PL,Warsaw,PL
Olsztyn,PL,Warsaw,PL
Lodz,PL,Warsaw,PL
Mełno,PL,Warsaw,PL
Lentvaris,LT,Warsaw,PL
Spišský Štiavnik,SK,Warsaw,PL
Vámosoroszi,HU,Warsaw,PL
Znamianka,UA,Warsaw,PL
Lviv,UA,Warsaw,PL
Bedlno,PL,Warsaw,PL
Podłęże,PL,Warsaw,PL
Kowiesy,PL,Warsaw,PL
Barłożno,PL,Warsaw,PL
Ramygala,LT,Warsaw,PL
Mutné,SK,Warsaw,PL
Širvintos,LT,Warsaw,PL
Negreşti-Oaş,RO,Warsaw,PL
Gmina Strzelin,PL,Warsaw,PL
Istebna,PL,Warsaw,PL
Chorzów,PL,Warsaw,PL
Ząbki,PL,Warsaw,PL
Sobrance,SK,Warsaw,PL
Przasnysz,PL,Warsaw,PL
Kamień Pomorski,PL,Warsaw,PL
Radziejowice,PL,Warsaw,PL
Bytom Odrzański,PL,Warsaw,PL
Cyców,PL,Warsaw,PL
Užliedžiai,LT,Warsaw,PL
Kajal,SK,Warsaw,PL
Wołów,PL,Warsaw,PL
Puławy,PL,Warsaw,PL
Łowyń,PL,Warsaw,PL
Kalvarija,LT,Warsaw,PL
Adamówka,PL,Warsaw,PL
Elblag,PL,Warsaw,PL
Kamenica,SK,Warsaw,PL
Gmina Moszczenica,PL,Warsaw,PL
Goszczyn,PL,Warsaw,PL
Wodzisław Śląski,PL,Warsaw,PL
Koniecmosty,PL,Warsaw,PL
Łopuszno,PL,Warsaw,PL
Parța,RO,Warsaw,PL
Rybnik,PL,Warsaw,PL
Zgierz,PL,Warsaw,PL
Biłgoraj,PL,Warsaw,PL
Łukowica,PL,Warsaw,PL
Vilnius,LT,Warsaw,PL
Łomża,PL,Warsaw,PL
Kamionka Wielka,PL,Warsaw,PL
Tarnowiec,PL,Warsaw,PL
Starcza,PL,Warsaw,PL
Lubsko,PL,Warsaw,PL
Kołobrzeg,PL,Warsaw,PL
Biała Rawska,PL,Warsaw,PL
Wadlew,PL,Warsaw,PL
Łańcut,PL,Warsaw,PL
Chłopice,PL,Warsaw,PL
Brzóza Królewska,PL,Warsaw,PL
Smižany,SK,Warsaw,PL
Caracuşenii Noi,MD,Warsaw,PL
Rudziniec,PL,Warsaw,PL
Vizsoly,HU,Warsaw,PL
Będzin,PL,Warsaw,PL
Działdowo,PL,Warsaw,PL
Visaginas,LT,Warsaw,PL
Myślenice,PL,Warsaw,PL
Kolbudy,PL,Warsaw,PL
Nowy Wiśnicz,PL,Warsaw,PL
Skėmiai,LT,Warsaw,PL
Egiertowo,PL,Warsaw,PL
Lębork,PL,Warsaw,PL
Liuboml,UA,Warsaw,PL
Kostrzyn,PL,Warsaw,PL
Brody,UA,Warsaw,PL
Wijewo,PL,Warsaw,PL
Čečejovce,SK,Warsaw,PL
Sambir,UA,Warsaw,PL
Kamen’-Kashirskiy,UA,Warsaw,PL
Garliava,LT,Warsaw,PL
Mrzezino,PL,Warsaw,PL
Miłoszyce,PL,Warsaw,PL
Przywózki,PL,Warsaw,PL
Słupca,PL,Warsaw,PL
Laukuva,LT,Warsaw,PL
Pręgowo,PL,Warsaw,PL
Jurbarkas,LT,Warsaw,PL
Gryfice,PL,Warsaw,PL
Tomaszowice,PL,Warsaw,PL
Kozy,PL,Warsaw,PL
Czapelsko,PL,Warsaw,PL
Filipów,PL,Warsaw,PL
Smolec,PL,Warsaw,PL
Bielsko-Biala,PL,Warsaw,PL
Pieszyce,PL,Warsaw,PL
Kėdainiai,LT,Warsaw,PL
Szydłowiec,PL,Warsaw,PL
Chojnów,PL,Warsaw,PL
Kryniczno,PL,Warsaw,PL
Trakai,LT,Warsaw,PL
Mielec,PL,Warsaw,PL
Joniškis,LT,Warsaw,PL
Polkowice,PL,Warsaw,PL
Gmina Puszcza Mariańska,PL,Warsaw,PL
Trostianets,UA,Warsaw,PL
Małe Ciche,PL,Warsaw,PL
Katowice,PL,Warsaw,PL
Kępno,PL,Warsaw,PL
Sopot,PL,Warsaw,PL
Orzysz,PL,Warsaw,PL
Łowce,PL,Warsaw,PL
Szczerców,PL,Warsaw,PL
Wielichowo,PL,Warsaw,PL
Naujoji Akmenė,LT,Warsaw,PL
Minsk,BY,Warsaw,PL
Mąkoszyce,PL,Warsaw,PL
Chełmża,PL,Warsaw,PL
Suchy Las,PL,Warsaw,PL
Rivne,UA,Warsaw,PL
Korosten,UA,Warsaw,PL
Łapy,PL,Warsaw,PL
Carei,RO,Warsaw,PL
Zalesie Górne,PL,Warsaw,PL
Sieborowice,PL,Warsaw,PL
Apostolove,UA,Warsaw,PL
Jarosław,PL,Warsaw,PL
Starogard Gdański,PL,Warsaw,PL
Malcov,SK,Warsaw,PL
Rzeszów,PL,Warsaw,PL
Orońsko,PL,Warsaw,PL
Rytro,PL,Warsaw,PL
Nowy Żmigród,PL,Warsaw,PL
Dukla,PL,Warsaw,PL
Munina,PL,Warsaw,PL
Robakowo,PL,Warsaw,PL
Bańska,PL,Warsaw,PL
Ochodza,PL,Warsaw,PL
Poprad,SK,Warsaw,PL
Goleniów,PL,Warsaw,PL
Bytom,PL,Warsaw,PL
Liptovská Lúžna,SK,Warsaw,PL
Bryukhovychi,UA,Warsaw,PL
Krivany,SK,Warsaw,PL
Punia,LT,Warsaw,PL
Vranov nad Topľou,SK,Warsaw,PL
Andrushivka,UA,Warsaw,PL
Wielogóra,PL,Warsaw,PL
Utena,LT,Warsaw,PL
Wroclaw,PL,Warsaw,PL
Jonava,LT,Warsaw,PL
Mszczonów,PL,Warsaw,PL
Kielce,PL,Warsaw,PL
Gmina Jędrzejów,PL,Warsaw,PL
Niepołomice,PL,Warsaw,PL
Ruda Śląska,PL,Warsaw,PL
Daleszyce,PL,Warsaw,PL
Wolsztyn,PL,Warsaw,PL
Wieliczka,PL,Warsaw,PL
Majdan Królewski,PL,Warsaw,PL
Grębocice,PL,Warsaw,PL
Węgliniec,PL,Warsaw,PL
Kropyvnytskyi,UA,Warsaw,PL
Rożnowice,PL,Warsaw,PL
Ukmerge,LT,Warsaw,PL
Szymiszów,PL,Warsaw,PL
Racibórz,PL,Warsaw,PL
Lemierzyce,PL,Warsaw,PL
Dębnica Kaszubska,PL,Warsaw,PL
Lendak,SK,Warsaw,PL
Brzoza,PL,Warsaw,PL
Andrychów,PL,Warsaw,PL
Dąbrowa Tarnowska,PL,Warsaw,PL
Radzymin,PL,Warsaw,PL
Krásna Lúka,SK,Warsaw,PL
Kotlin,PL,Warsaw,PL
Kupiškis,LT,Warsaw,PL
Rudniki,PL,Warsaw,PL
Wolbórz,PL,Warsaw,PL
Murowaniec,PL,Warsaw,PL
Lutynia,PL,Warsaw,PL
Konin,PL,Warsaw,PL
Warsaw,PL,Warsaw,PL
Bogoniowice,PL,Warsaw,PL
Pagėgiai,LT,Warsaw,PL
Trstená,SK,Warsaw,PL
Łuków,PL,Warsaw,PL
Józefów,PL,Warsaw,PL
Ostrowite,PL,Warsaw,PL
Piaseczno,PL,Warsaw,PL
Borkowo Łostowickie,PL,Warsaw,PL
Trzcianka,PL,Warsaw,PL
Ślesin,PL,Warsaw,PL
Szepietowo,PL,Warsaw,PL
Brzeg,PL,Warsaw,PL
Zawonia,PL,Warsaw,PL
Zawiercie,PL,Warsaw,PL
Strzegom,PL,Warsaw,PL
Miedziana Góra,PL,Warsaw,PL
Kowale,PL,Warsaw,PL
Brezovica,SK,Warsaw,PL
Dobczyce,PL,Warsaw,PL
Venta,LT,Warsaw,PL
Vyšné Raslavice,SK,Warsaw,PL
Maszewo,PL,Warsaw,PL
Jasło,PL,Warsaw,PL
Iława,PL,Warsaw,PL
Bibice,PL,Warsaw,PL
Ozorków,PL,Warsaw,PL
Wołomin,PL,Warsaw,PL
Bohodukhiv,UA,Warsaw,PL
Kielno,PL,Warsaw,PL
Družstevná pri Hornáde,SK,Warsaw,PL
Opole,PL,Warsaw,PL
Szymbark,PL,Warsaw,PL
Sandomierz,PL,Warsaw,PL
Warka,PL,Warsaw,PL
Dnipro,UA,Warsaw,PL
Humenné,SK,Warsaw,PL
Legnica,PL,Warsaw,PL
Pelplin,PL,Warsaw,PL
Brezno,SK,Warsaw,PL
Stryi,UA,Warsaw,PL
Mirzec,PL,Warsaw,PL
Izmail,UA,Warsaw,PL
Warta,PL,Warsaw,PL
Novovolynsk,UA,Warsaw,PL
Chełmek,PL,Warsaw,PL
Lidzbark Warmiński,PL,Warsaw,PL
Moszczenica,PL,Warsaw,PL
Książ Wielki,PL,Warsaw,PL
Świdnik,PL,Warsaw,PL
Gmina Opole Lubelskie,PL,Warsaw,PL
Milanówek,PL,Warsaw,PL
Veľká Lomnica,SK,Warsaw,PL
Leśna,PL,Warsaw,PL
Bila Tserkva,UA,Warsaw,PL
Karmėlava II,LT,Warsaw,PL
Lubaczów,PL,Warsaw,PL
Ciepielów,PL,Warsaw,PL
Sochaczew,PL,Warsaw,PL
Biała Podlaska,PL,Warsaw,PL
Żagań,PL,Warsaw,PL
Turek,PL,Warsaw,PL
Strzelce Opolskie,PL,Warsaw,PL
Nowy Dwór Mazowiecki,PL,Warsaw,PL
Gmina Morawica,PL,Warsaw,PL
Grodzisk Mazowiecki,PL,Warsaw,PL
Salka,SK,Warsaw,PL
Ivano-Frankove,UA,Warsaw,PL
Krosno Odrzańskie,PL,Warsaw,PL
Przemyśl,PL,Warsaw,PL
Stegna,PL,Warsaw,PL
Kłobuck,PL,Warsaw,PL
Karczew,PL,Warsaw,PL
Koninko,PL,Warsaw,PL
Szamotuły,PL,Warsaw,PL
Sułoszowa,PL,Warsaw,PL
Zwoleń,PL,Warsaw,PL
Lipany,SK,Warsaw,PL
Tychy,PL,Warsaw,PL
Chmeľovec,SK,Warsaw,PL
Mrągowo,PL,Warsaw,PL
Tarnobrzeg,PL,Warsaw,PL
Hrebinka,UA,Warsaw,PL
Putyvl',UA,Warsaw,PL
Pácin,HU,Warsaw,PL
Skierniewice,PL,Warsaw,PL
Puszczykowo,PL,Warsaw,PL
Jelenia Góra,PL,Warsaw,PL
Nyírbogát,HU,Warsaw,PL
Kościan,PL,Warsaw,PL
Miłobądź,PL,Warsaw,PL
Proszowice,PL,Warsaw,PL
Białe Błota,PL,Warsaw,PL
Wojkowice,PL,Warsaw,PL
Żerków,PL,Warsaw,PL
Nieporęt,PL,Warsaw,PL
Kobylnica,PL,Warsaw,PL
Łąkta Górna,PL,Warsaw,PL
Bojnice,SK,Warsaw,PL
Promna,PL,Warsaw,PL
Radomsko,PL,Warsaw,PL
Reda,PL,Warsaw,PL
Gołdap,PL,Warsaw,PL
Krykhivtsi,UA,Warsaw,PL
Nowy Tomyśl,PL,Warsaw,PL
Pruszków,PL,Warsaw,PL
Rogozino,PL,Warsaw,PL
Lutsk,UA,Warsaw,PL
Klin,SK,Warsaw,PL
Michalovce,SK,Warsaw,PL
Pagiriai,LT,Warsaw,PL
Czeladź,PL,Warsaw,PL
Jokūbavas,LT,Warsaw,PL
Kyjov,SK,Warsaw,PL
Tarnów,PL,Warsaw,PL
Smyha,UA,Warsaw,PL
Gönc,HU,Warsaw,PL
Żórawina,PL,Warsaw,PL
Olevsk,UA,Warsaw,PL
Krościenko nad Dunajcem,PL,Warsaw,PL
Zhovti Vody,UA,Warsaw,PL
Dzierzążno,PL,Warsaw,PL
Sobótka,PL,Warsaw,PL
Uszczyn,PL,Warsaw,PL
Gwizdów,PL,Warsaw,PL
Dęblin,PL,Warsaw,PL
Šakiai,LT,Warsaw,PL
Dębe Wielkie,PL,Warsaw,PL
Świętochłowice,PL,Warsaw,PL
Pruszcz Gdański,PL,Warsaw,PL
Navaria,UA,Warsaw,PL
Łochów,PL,Warsaw,PL
Słońsk,PL,Warsaw,PL
Kaunas,LT,Warsaw,PL
Limanowa,PL,Warsaw,PL
Mysłowice,PL,Warsaw,PL
Tomaszów Mazowiecki,PL,Warsaw,PL
Kłodzko,PL,Warsaw,PL
Skawina,PL,Warsaw,PL
Câmpulung la Tisa,RO,Warsaw,PL
Gdansk,PL,Warsaw,PL
Garbatka-Letnisko,PL,Warsaw,PL
Nižná,SK,Warsaw,PL
Tiszabura,HU,Warsaw,PL
Kalisz,PL,Warsaw,PL
Biržai,LT,Warsaw,PL
Gniezno,PL,Warsaw,PL
Ciechanów,PL,Warsaw,PL
Trawniki,PL,Warsaw,PL
Rypin,PL,Warsaw,PL
Lubartów,PL,Warsaw,PL
Ciężkowice,PL,Warsaw,PL
Šiluva,LT,Warsaw,PL
Radziejów,PL,Warsaw,PL
Rohod,HU,Warsaw,PL
Kraśnik,PL,Warsaw,PL
Włodowice,PL,Warsaw,PL
Nietkowice,PL,Warsaw,PL
Łask,PL,Warsaw,PL
Nowy Sącz,PL,Warsaw,PL
Zaporizhzhya,UA,Warsaw,PL
Łęczyca,PL,Warsaw,PL
Pasvalys,LT,Warsaw,PL
Bełchatów,PL,Warsaw,PL
Tuchola,PL,Warsaw,PL
Podkowa Leśna,PL,Warsaw,PL
Lipsko,PL,Warsaw,PL
Kalwaria Zebrzydowska,PL,Warsaw,PL
Jastrzębie Zdrój,PL,Warsaw,PL
Sobków,PL,Warsaw,PL
Trzebnica,PL,Warsaw,PL
Panevezys,LT,Warsaw,PL
Kyiv,UA,Warsaw,PL
Chodel,PL,Warsaw,PL
Rawa Mazowiecka,PL,Warsaw,PL
Orzesze,PL,Warsaw,PL
Otwock,PL,Warsaw,PL
Praszka,PL,Warsaw,PL
Glodeni,MD,Warsaw,PL
Tytuvėnai,LT,Warsaw,PL
Zakopane,PL,Warsaw,PL
Žemaičių Naumiestis,LT,Warsaw,PL
Kiełczów,PL,Warsaw,PL
Gołymin-Ośrodek,PL,Warsaw,PL
Pilviškiai,LT,Warsaw,PL
Kiliya,UA,Warsaw,PL
Halinów,PL,Warsaw,PL
Czosnów,PL,Warsaw,PL
Tauragė,LT,Warsaw,PL
Jurków,PL,Warsaw,PL
Miłkowice,PL,Warsaw,PL
Stalowa Wola,PL,Warsaw,PL
Krzywiec,PL,Warsaw,PL
Prienai,LT,Warsaw,PL
Kargowa,PL,Warsaw,PL
Velikiy Glubochek,UA,Warsaw,PL
Bojanowo Stare,PL,Warsaw,PL
Dzierzgoń,PL,Warsaw,PL
Pisz,PL,Warsaw,PL
Severn,US,Washington,US
Indian Head,US,Washington,US
Parkville,US,Washington,US
Poolesville,US,Washington,US
Weirton,US,Washington,US
Sidney,US,Washington,US
Uniondale,US,Washington,US
Sandston,US,Washington,US
Burke,US,Washington,US
Ahoskie,US,Washington,US
Charles Town,US,Washington,US
Glen Rock,US,Washington,US
Luray,US,Washington,US
Broadview,US,Washington,US
Chapmanville,US,Washington,US
Glenside,US,Washington,US
Lititz,US,Washington,US
Manteo,US,Washington,US
Palmyra,US,Washington,US
Alajuela,CR,Washington,US
Ashburn,US,Washington,US
Salisbury,US,Washington,US
Statesville,US,Washington,US
Chambersburg,US,Washington,US
Louisville,US,Washington,US
Lewes,US,Washington,US
White Marsh,US,Washington,US
Ballston Spa,US,Washington,US
Oldsmar,US,Washington,US
Dundalk,US,Washington,US
East Earl,US,Washington,US
Lock Haven,US,Washington,US
Dravosburg,US,Washington,US
Reston,US,Washington,US
Lebanon,US,Washington,US
Carlisle,US,Washington,US
Mitchellville,US,Washington,US
Cumberland,US,Washington,US
Germantown,US,Washington,US
Wytheville,US,Washington,US
Halethorpe,US,Washington,US
Martinsburg,US,Washington,US
Carthage,US,Washington,US
Morgantown,US,Washington,US
Centreville,US,Washington,US
Glen Allen,US,Washington,US
Pikesville,US,Washington,US
Ashville,US,Washington,US
Reisterstown,US,Washington,US
New Freedom,US,Washington,US
Temple Hills,US,Washington,US
Frostburg,US,Washington,US
Chantilly,US,Washington,US
Charlotte,US,Washington,US
Herndon,US,Washington,US
Timonium,US,Washington,US
Middletown,US,Washington,US
Red Lion,US,Washington,US
Camden,US,Washington,US
Leola,US,Washington,US
Ephrata,US,Washington,US
Dedham,US,Washington,US
Ellicott City,US,Washington,US
Pinetops,US,Washington,US
Capitol Heights,US,Washington,US
Fort Mill,US,Washington,US
Fort Ashby,US,Washington,US
Emporia,US,Washington,US
Rockville,US,Washington,US
Tarboro,US,Washington,US
Fort Meade,US,Washington,US
Nottingham,US,Washington,US
Decatur,US,Washington,US
Warminster,US,Washington,US
Apollo,US,Washington,US
Elkridge,US,Washington,US
Oxford,US,Washington,US
Elkton,US,Washington,US
Nelsonville,US,Washington,US
Euclid,US,Washington,US
Wartburg,US,Washington,US
Olive Branch,US,Washington,US
Altoona,US,Washington,US
Ooltewah,US,Washington,US
Bear,US,Washington,US
Marion,US,Washington,US
Odenton,US,Washington,US
Mount Vernon,US,Washington,US
Vienna,US,Washington,US
Evington,US,Washington,US
Toronto,US,Washington,US
West McLean,US,Washington,US
Harpers Ferry,US,Washington,US
Powhatan,US,Washington,US
Manassas,US,Washington,US
Santa Elena,SV,Washington,US
Clarksburg,US,Washington,US
Bladensburg,US,Washington,US
East Dublin,US,Washington,US
Marshall,US,Washington,US
Rural Retreat,US,Washington,US
Painter,US,Washington,US
Hurricane,US,Washington,US
Blackshear,US,Washington,US
Ashton,US,Washington,US
Birmingham,US,Washington,US
Gaithersburg,US,Washington,US
Elkins,US,Washington,US
Woodsfield,US,Washington,US
Smyrna,US,Washington,US
Severna Park,US,Washington,US
Hyattsville,US,Washington,US
Exmore,US,Washington,US
Rock Hill,US,Washington,US
Gettysburg,US,Washington,US
Southern Pines,US,Washington,US
Bethesda,US,Washington,US
Goose Creek,US,Washington,US
Hampton,US,Washington,US
Kittanning,US,Washington,US
Verona,US,Washington,US
Oakton,US,Washington,US
Lewistown,US,Washington,US
Altamont,US,Washington,US
Monaca,US,Washington,US
Potomac,US,Washington,US
Crouy-sur-Ourcq,FR,Washington,US
San Fernando,TT,Washington,US
Bethlehem,US,Washington,US
Chevy Chase,US,Washington,US
Raleigh,US,Washington,US
Proctor,US,Washington,US
Nags Head,US,Washington,US
Macclesfield,US,Washington,US
Eden,US,Washington,US
Cornelius,US,Washington,US
Calverton,US,Washington,US
Manassas Park,US,Washington,US
Camby,US,Washington,US
West Brookfield,US,Washington,US
Miami,US,Washington,US
Coopersburg,US,Washington,US
Cary,US,Washington,US
Stafford,US,Washington,US
Santo Domingo,CR,Washington,US
Kensington,US,Washington,US
Andrews Air Force Base Census Designated Place,US,Washington,US
Richmond,US,Washington,US
Conway,US,Washington,US
Sterling,US,Washington,US
Arlington,US,Washington,US
Alexandria,US,Washington,US
Suffolk,US,Washington,US
Burtonsville,US,Washington,US
Sunbury,US,Washington,US
Canal Winchester,US,Washington,US
Franklin,US,Washington,US
Cranberry Township,US,Washington,US
Coal Township,US,Washington,US
Annandale,US,Washington,US
Warrenton,US,Washington,US
Bridgewater,US,Washington,US
Freeland,US,Washington,US
Cockeysville,US,Washington,US
Harrisonburg,US,Washington,US
Greensboro,US,Washington,US
Durham,US,Washington,US
Lexington Park,US,Washington,US
Waco,US,Washington,US
Glen Burnie,US,Washington,US
Sucre,BO,Washington,US
Milford Mill,US,Washington,US
Simi Valley,US,Washington,US
Gainesville,US,Washington,US
Monkton,US,Washington,US
Mechanicsburg,US,Washington,US
Olney,US,Washington,US
Washington,US,Washington,US
Honolulu,US,Washington,US
Silver Spring,US,Washington,US
Jersey Shore,US,Washington,US
Charleston,US,Washington,US
Newport News,US,Washington,US
Linthicum Heights,US,Washington,US
Hillsborough,US,Washington,US
Altavista,US,Washington,US
Waldorf,US,Washington,US
Fairfax,US,Washington,US
Chesapeake,US,Washington,US
Hershey,US,Washington,US
Stuart,US,Washington,US
Hartwell,US,Washington,US
New Cumberland,US,Washington,US
Slatington,US,Washington,US
Culpeper,US,Washington,US
New Market,US,Washington,US
Stephens City,US,Washington,US
Saint Joseph,US,Washington,US
Nueva Esparta,VE,Washington,US
Inwood,US,Washington,US
Charlottesville,US,Washington,US
Garner,US,Washington,US
Dumfries,US,Washington,US
Laurel,US,Washington,US
Shawnee,US,Washington,US
Sistersville,US,Washington,US
South Orange,US,Washington,US
Pinehurst,US,Washington,US
Clarksville,US,Washington,US
Bergenfield,US,Washington,US
Christchurch,US,Washington,US
Haymarket,US,Washington,US
State College,US,Washington,US
Lanham,US,Washington,US
Berlin,US,Washington,US
Belle Glade,US,Washington,US
Ft. Washington,US,Washington,US
Falling Waters,US,Washington,US
Langhorne,US,Washington,US
Wexford,US,Washington,US
Derwood,US,Washington,US
Frederick,US,Washington,US
Winterville,US,Washington,US
Huntersville,US,Washington,US
Monroe,US,Washington,US
Fayetteville,US,Washington,US
Blacksburg,US,Washington,US
Hanover,US,Washington,US
South Holland,US,Washington,US
Dawsonville,US,Washington,US
Queens,US,Washington,US
Mechanicsville,US,Washington,US
Havre de Grace,US,Washington,US
Zanesville,US,Washington,US
Reading,US,Washington,US
Erwin,US,Washington,US
Indian Trail,US,Washington,US
Owings Mills,US,Washington,US
Henrico,US,Washington,US
Ringgold,US,Washington,US
Lorton,US,Washington,US
Aylett,US,Washington,US
Frankfurt am Main,DE,Washington,US
Perry Hall,US,Washington,US
Montgomery Village,US,Washington,US
Columbus,US,Washington,US
Wake Forest,US,Washington,US
Elkin,US,Washington,US
Lynchburg,US,Washington,US
Falls Church,US,Washington,US
Easton,US,Washington,US
Martins Ferry,US,Washington,US
Colonial Heights,US,Washington,US
Savage,US,Washington,US
Norfolk,US,Washington,US
Malvern,US,Washington,US
Kinston,US,Washington,US
Randleman,US,Washington,US
Reidsville,US,Washington,US
Clarendon,US,Washington,US
Mount Juliet,US,Washington,US
Roanoke,US,Washington,US
Ashley,US,Washington,US
Ocala,US,Washington,US
Baltimore,US,Washington,US
Transfer,US,Washington,US
Woodbridge,US,Washington,US
Bristow,US,Washington,US
Fredericksburg,US,Washington,US
The Bronx,US,Washington,US
Stony Creek,US,Washington,US
Punxsutawney,US,Washington,US
Latrobe,US,Washington,US
Tysons Corner,US,Washington,US
New Milford,US,Washington,US
Elizabeth City,US,Washington,US
Beltsville,US,Washington,US
Emmitsburg,US,Washington,US
Annapolis,US,Washington,US
Philadelphia,US,Washington,US
Upper Marlboro,US,Washington,US
Hagerstown,US,Washington,US
McElhattan,US,Washington,US
Towson,US,Washington,US
Lake City,US,Washington,US
Cambridge Springs,US,Washington,US
Akron,US,Washington,US
Aldie,US,Washington,US
Bel Air,US,Washington,US
Spring Grove,US,Washington,US
Brunnadern,CH,Zurich,CH
Sonnenbühl,DE,Zurich,CH
Schongau,DE,Zurich,CH
Fulpmes,AT,Zurich,CH
March,DE,Zurich,CH
Eberhardzell,DE,Zurich,CH
Bondorf,DE,Zurich,CH
Hünenberg See,CH,Zurich,CH
Goldach,CH,Zurich,CH
Unterengstringen,CH,Zurich,CH
Güttingen,CH,Zurich,CH
Territet,CH,Zurich,CH
Fischbach-Göslikon,CH,Zurich,CH
Wittenbach,CH,Zurich,CH
Biel-Benken,CH,Zurich,CH
Nuglar,CH,Zurich,CH
Langnau,CH,Zurich,CH
Friedrichshafen,DE,Zurich,CH
Mollis,CH,Zurich,CH
Dillingen an der Donau,DE,Zurich,CH
Altishofen,CH,Zurich,CH
Étoy,CH,Zurich,CH
Telfs,AT,Zurich,CH
Chernex,CH,Zurich,CH
Lahr,DE,Zurich,CH
Dierikon,CH,Zurich,CH
Allschwil,CH,Zurich,CH
Höri,CH,Zurich,CH
Wangen,CH,Zurich,CH
Mühltal,DE,Zurich,CH
Greifensee,CH,Zurich,CH
Waldkirch,DE,Zurich,CH
Sittensen,DE,Zurich,CH
Belmont-sur-Yverdon,CH,Zurich,CH
Bad Bellingen,DE,Zurich,CH
Chêne-Bourg,CH,Zurich,CH
Wichtrach,CH,Zurich,CH
Thusis,CH,Zurich,CH
Immensee,CH,Zurich,CH
Safenwil,CH,Zurich,CH
Wertheim am Main,DE,Zurich,CH
Bachenbülach,CH,Zurich,CH
Schenkon,CH,Zurich,CH
Thalfingen,DE,Zurich,CH
Wangen,DE,Zurich,CH
Tübach,CH,Zurich,CH
Bernex,CH,Zurich,CH
Ofterdingen,DE,Zurich,CH
Heimsheim,DE,Zurich,CH
Wermatswil,CH,Zurich,CH
Weerberg,AT,Zurich,CH
Thalwil,CH,Zurich,CH
Lindau,DE,Zurich,CH
Frickenhausen,DE,Zurich,CH
Herbrechtingen,DE,Zurich,CH
Elzach,DE,Zurich,CH
Ellmau,AT,Zurich,CH
Solden,AT,Zurich,CH
Teufenthal,CH,Zurich,CH
Wallisellen,CH,Zurich,CH
Cureglia,CH,Zurich,CH
Günzburg,DE,Zurich,CH
Coffrane,CH,Zurich,CH
Lostorf,CH,Zurich,CH
Rolle,CH,Zurich,CH
Puidoux,CH,Zurich,CH
Écublens,CH,Zurich,CH
Steinhausen,CH,Zurich,CH
Bad Saulgau,DE,Zurich,CH
Niederlenz,CH,Zurich,CH
Gümligen,CH,Zurich,CH
Penzberg,DE,Zurich,CH
Durbach,DE,Zurich,CH
Arlesheim,CH,Zurich,CH
Neuhausen auf den Fildern,DE,Zurich,CH
Porrentruy,CH,Zurich,CH
Spiegel BE,CH,Zurich,CH
Evilard,CH,Zurich,CH
Mettmenstetten,CH,Zurich,CH
Obfelden,CH,Zurich,CH
Ettingen,CH,Zurich,CH
Rickenbach,CH,Zurich,CH
Kammlach,DE,Zurich,CH
Kappel-Grafenhausen,DE,Zurich,CH
Rheinfelden,CH,Zurich,CH
Satteins,AT,Zurich,CH
Innerbraz,AT,Zurich,CH
Hinterkappelen,CH,Zurich,CH
Krumbach,DE,Zurich,CH
Niederwangen,CH,Zurich,CH
Oberburg,CH,Zurich,CH
Pfronten,DE,Zurich,CH
Berlin,DE,Zurich,CH
Schlans,CH,Zurich,CH
Kehrsatz,CH,Zurich,CH
Root,CH,Zurich,CH
Braunau,CH,Zurich,CH
Bronschhofen,CH,Zurich,CH
Schötz,CH,Zurich,CH
Lucerne,CH,Zurich,CH
Wolfach,DE,Zurich,CH
Kenzingen,DE,Zurich,CH
Sigmaringen,DE,Zurich,CH
Eschenfelden,DE,Zurich,CH
Oberengstringen,CH,Zurich,CH
Kreuzlingen,CH,Zurich,CH
Rohrdorf,DE,Zurich,CH
Gerlafingen,CH,Zurich,CH
Rottenbuch,DE,Zurich,CH
Monheim,DE,Zurich,CH
Garching,DE,Zurich,CH
Diepoldsau,CH,Zurich,CH
Brütten,CH,Zurich,CH
Basel,CH,Zurich,CH
Oberhausen-Rheinhausen,DE,Zurich,CH
Orpund,CH,Zurich,CH
Hedingen,CH,Zurich,CH
Thüringerberg,AT,Zurich,CH
Aclens,CH,Zurich,CH
Gündisau,CH,Zurich,CH
Matran,CH,Zurich,CH
Au,AT,Zurich,CH
Goldern,CH,Zurich,CH
Sierre,CH,Zurich,CH
Günzach,DE,Zurich,CH
Kitzbühel,AT,Zurich,CH
Horw,CH,Zurich,CH
Germering,DE,Zurich,CH
Allersberg,DE,Zurich,CH
Essen,DE,Zurich,CH
Leimbach,CH,Zurich,CH
Rottweil,DE,Zurich,CH
Les Geneveys-sur-Coffrane,CH,Zurich,CH
Bättwil,CH,Zurich,CH
Marienfeld,DE,Zurich,CH
Niederrohrdorf,CH,Zurich,CH
Morens,CH,Zurich,CH
Dänikon,CH,Zurich,CH
Dornhan,DE,Zurich,CH
Lindenberg,DE,Zurich,CH
Münchenstein,CH,Zurich,CH
Wildberg,DE,Zurich,CH
Rimsting,DE,Zurich,CH
Walperswil,CH,Zurich,CH
Adetswil,CH,Zurich,CH
Muri,CH,Zurich,CH
Brittnau,CH,Zurich,CH
Hausach,DE,Zurich,CH
Frankfurt am Main,DE,Zurich,CH
Stilli,CH,Zurich,CH
Frasdorf,DE,Zurich,CH
Schönau im Schwarzwald,DE,Zurich,CH
Gipf-Oberfrick,CH,Zurich,CH
Meyrin,CH,Zurich,CH
Mont-Soleil,CH,Zurich,CH
Pratteln,CH,Zurich,CH
Muri bei Bern,CH,Zurich,CH
Ostermundigen,CH,Zurich,CH
Aeschi b. Spiez,CH,Zurich,CH
Agno,CH,Zurich,CH
Ponthaux,CH,Zurich,CH
Altensteig,DE,Zurich,CH
Ihringen,DE,Zurich,CH
Hard,AT,Zurich,CH
Huglfing,DE,Zurich,CH
Obernau,CH,Zurich,CH
Corcelles-lès-Cîteaux,FR,Zurich,CH
Blonay,CH,Zurich,CH
Walzbachtal,DE,Zurich,CH
Heimberg,CH,Zurich,CH
Widnau,CH,Zurich,CH
Albbruck,DE,Zurich,CH
Schönenberg,CH,Zurich,CH
Uitikon,CH,Zurich,CH
Steinheim am Albuch,DE,Zurich,CH
Corminboeuf,CH,Zurich,CH
Albstadt,DE,Zurich,CH
Kirchheim unter Teck,DE,Zurich,CH
Wutöschingen,DE,Zurich,CH
Marxheim,DE,Zurich,CH
Bodelshausen,DE,Zurich,CH
Marly,CH,Zurich,CH
Diessenhofen,CH,Zurich,CH
Rorschacherberg,CH,Zurich,CH
Wil,CH,Zurich,CH
Horb am Neckar,DE,Zurich,CH
Dietersheim,DE,Zurich,CH
Dornstadt,DE,Zurich,CH
Putzbrunn,DE,Zurich,CH
Ertingen,DE,Zurich,CH
Morlon,CH,Zurich,CH
Berg,CH,Zurich,CH
Gais,CH,Zurich,CH
Clarens,CH,Zurich,CH
Wahlstedt,DE,Zurich,CH
Peseux,CH,Zurich,CH
Geretsried,DE,Zurich,CH
Hohenpeißenberg,DE,Zurich,CH
Kelheim,DE,Zurich,CH
Rothrist,CH,Zurich,CH
Turbenthal,CH,Zurich,CH
Nagold,DE,Zurich,CH
Hurden,CH,Zurich,CH
Littau,CH,Zurich,CH
Perroy,CH,Zurich,CH
Rieden an der Kötz,DE,Zurich,CH
Reute,CH,Zurich,CH
Immenstadt im Allgäu,DE,Zurich,CH
Boningen,CH,Zurich,CH
Bad Wörishofen,DE,Zurich,CH
Adliswil,CH,Zurich,CH
Niederwil AG,CH,Zurich,CH
Marbach SG,CH,Zurich,CH
Avry-sur-Matran,CH,Zurich,CH
Au,CH,Zurich,CH
Hörbranz,AT,Zurich,CH
Glattfelden,CH,Zurich,CH
Schönenberg an der Thur,CH,Zurich,CH
Weßling,DE,Zurich,CH
Rossrüti,CH,Zurich,CH
Emmenbrücke,CH,Zurich,CH
Lützelflüh,CH,Zurich,CH
Ermenswil,CH,Zurich,CH
Villingen-Schwenningen,DE,Zurich,CH
Gomadingen,DE,Zurich,CH
Olten,CH,Zurich,CH
Ettiswil,CH,Zurich,CH
Romanshorn,CH,Zurich,CH
Belmont-sur-Lausanne,CH,Zurich,CH
Vevey,CH,Zurich,CH
Treycovagnes,CH,Zurich,CH
Schmerikon,CH,Zurich,CH
Baumkirchen,AT,Zurich,CH
Lenggries,DE,Zurich,CH
Kappelen,CH,Zurich,CH
Dettingen an der Erms,DE,Zurich,CH
Büren an der Aare,CH,Zurich,CH
Épalinges,CH,Zurich,CH
Viehhausen,DE,Zurich,CH
Essertines-sur-Yverdon,CH,Zurich,CH
Völs,AT,Zurich,CH
Bad Ragaz,CH,Zurich,CH
Bempflingen,DE,Zurich,CH
Zufikon,CH,Zurich,CH
Oberhofen,CH,Zurich,CH
Saint-Prex,CH,Zurich,CH
Ehrendingen,CH,Zurich,CH
Mistelbach,DE,Zurich,CH
Manno,CH,Zurich,CH
Alchenflüh,CH,Zurich,CH
Aigle,CH,Zurich,CH
Navis,AT,Zurich,CH
Wattenwil,CH,Zurich,CH
Altbach,DE,Zurich,CH
Eislingen,DE,Zurich,CH
Wasen,CH,Zurich,CH
Aesch,CH,Zurich,CH
Visp,CH,Zurich,CH
Reiden,CH,Zurich,CH
Zug,CH,Zurich,CH
Ittigen,CH,Zurich,CH
Hirschthal,CH,Zurich,CH
Breitenbach,CH,Zurich,CH
Colombier,CH,Zurich,CH
Aarwangen,CH,Zurich,CH
Oberwald,CH,Zurich,CH
Bern,CH,Zurich,CH
Vaduz,LI,Zurich,CH
Zusmarshausen,DE,Zurich,CH
Ichenhausen,DE,Zurich,CH
Eriskirch,DE,Zurich,CH
Neusäß,DE,Zurich,CH
Oberwangen,CH,Zurich,CH
Domat,CH,Zurich,CH
Anières,CH,Zurich,CH
Givisiez,CH,Zurich,CH
Happurg,DE,Zurich,CH
Burladingen,DE,Zurich,CH
Gutach im Breisgau,DE,Zurich,CH
Mannheim,DE,Zurich,CH
Walddorfhäslach,DE,Zurich,CH
Rupperswil,CH,Zurich,CH
Binzen,DE,Zurich,CH
Pentenried,DE,Zurich,CH
Diemelsee,DE,Zurich,CH
Hilzingen,DE,Zurich,CH
Augsburg,DE,Zurich,CH
Stetten,CH,Zurich,CH
Wollerau,CH,Zurich,CH
Staufen,CH,Zurich,CH
Gerstetten,DE,Zurich,CH
Riedlingen,DE,Zurich,CH
Meggen,CH,Zurich,CH
Düdingen,CH,Zurich,CH
Neu-Ulm,DE,Zurich,CH
Mühlethal,CH,Zurich,CH
Nürensdorf,CH,Zurich,CH
Heerbrugg,CH,Zurich,CH
Zuchwil,CH,Zurich,CH
Bergkirchen,DE,Zurich,CH
Herrenberg,DE,Zurich,CH
Pöttmes,DE,Zurich,CH
Laufenburg,CH,Zurich,CH
Nüziders,AT,Zurich,CH
Charmes,FR,Zurich,CH
Konolfingen,CH,Zurich,CH
Oberndorf,DE,Zurich,CH
Schwoich,AT,Zurich,CH
Rickenbach,DE,Zurich,CH
Kloten,CH,Zurich,CH
Peißenberg,DE,Zurich,CH
Ebbs,AT,Zurich,CH
Cugy,CH,Zurich,CH
Rothenbuch,DE,Zurich,CH
Wohlen,CH,Zurich,CH
Waldkirch,CH,Zurich,CH
Poliez-Pittet,CH,Zurich,CH
Sachseln,CH,Zurich,CH
Mont-Pelerin,CH,Zurich,CH
Kradolf,CH,Zurich,CH
Altdorf,CH,Zurich,CH
Tulfes,AT,Zurich,CH
Amriswil,CH,Zurich,CH
Nebikon,CH,Zurich,CH
Ollon,CH,Zurich,CH
Othmarsingen,CH,Zurich,CH
Herisau,CH,Zurich,CH
Karlsfeld,DE,Zurich,CH
Oberriet,CH,Zurich,CH
Vöhringen,DE,Zurich,CH
Steffisburg,CH,Zurich,CH
Weilheim,DE,Zurich,CH
Schiltberg,DE,Zurich,CH
Belfaux,CH,Zurich,CH
Baar,CH,Zurich,CH
Niederscherli,CH,Zurich,CH
Windisch,CH,Zurich,CH
Fontenais,CH,Zurich,CH
Calw,DE,Zurich,CH
Seedorf,CH,Zurich,CH
Hauterive,CH,Zurich,CH
Wolfertswil,CH,Zurich,CH
Hombrechtikon,CH,Zurich,CH
Rain,CH,Zurich,CH
Pfaffenhofen an der Ilm,DE,Zurich,CH
Puchheim,DE,Zurich,CH
Viganello,CH,Zurich,CH
Unterwössen,DE,Zurich,CH
Oberrüti,CH,Zurich,CH
Kempten (Allgäu),DE,Zurich,CH
Wechingen,DE,Zurich,CH
Gempen,CH,Zurich,CH
Unterammergau,DE,Zurich,CH
Fiaugères,CH,Zurich,CH
Monthey,CH,Zurich,CH
Balingen,DE,Zurich,CH
Zurich,CH,Zurich,CH
Sulz,AT,Zurich,CH
Sisseln,CH,Zurich,CH
Königsfeld im Schwarzwald,DE,Zurich,CH
Kufstein,AT,Zurich,CH
Scheyern,DE,Zurich,CH
Olsberg,CH,Zurich,CH
Ammerswil,CH,Zurich,CH
Tschugg,CH,Zurich,CH
Subingen,CH,Zurich,CH
Gebsattel,DE,Zurich,CH
Châtillens,CH,Zurich,CH
Graz,AT,Zurich,CH
Meierskappel,CH,Zurich,CH
Merenschwand,CH,Zurich,CH
Dallikon,CH,Zurich,CH
Allershausen,DE,Zurich,CH
Jonschwil,CH,Zurich,CH
Spreitenbach,CH,Zurich,CH
Tutzing,DE,Zurich,CH
Uetendorf,CH,Zurich,CH
Eggersriet,CH,Zurich,CH
Bernhardzell,CH,Zurich,CH
Geroldswil,CH,Zurich,CH
Rielasingen-Worblingen,DE,Zurich,CH
Ennetbaden,CH,Zurich,CH
Aeschlen ob Gunten,CH,Zurich,CH
Fällanden,CH,Zurich,CH
Kleindöttingen,CH,Zurich,CH
Weyarn,DE,Zurich,CH
Niederweningen,CH,Zurich,CH
Étagnières,CH,Zurich,CH
Bogis-Bossey,CH,Zurich,CH
Burgau,DE,Zurich,CH
Niedergösgen,CH,Zurich,CH
Bruckmühl,DE,Zurich,CH
Eschenz,CH,Zurich,CH
Reith bei Kitzbühel,AT,Zurich,CH
Buchs / Buchs (Dorf),CH,Zurich,CH
Villingendorf,DE,Zurich,CH
Effretikon,CH,Zurich,CH
Martigny-Ville,CH,Zurich,CH
Baulmes,CH,Zurich,CH
Höhenkirchen-Siegertsbrunn,DE,Zurich,CH
Obercunnersdorf,DE,Zurich,CH
Volketswil / Volketswil (Dorf),CH,Zurich,CH
Erlensee,DE,Zurich,CH
Alling,DE,Zurich,CH
Grasbrunn,DE,Zurich,CH
Endingen,DE,Zurich,CH
Neirivue,CH,Zurich,CH
Wilen bei Wollerau,CH,Zurich,CH
Glarus,CH,Zurich,CH
Attinghausen,CH,Zurich,CH
Gilching,DE,Zurich,CH
Davos Platz,CH,Zurich,CH
Seen (Kreis 3) / Sennhof,CH,Zurich,CH
Vienna,AT,Zurich,CH
Saint-Sulpice,CH,Zurich,CH
Brenles,CH,Zurich,CH
Untererlinsbach,CH,Zurich,CH
Stadtbergen,DE,Zurich,CH
Kirchseeon,DE,Zurich,CH
Rosshäusern,CH,Zurich,CH
Finsterhennen,CH,Zurich,CH
Tscherlach,CH,Zurich,CH
Hechingen,DE,Zurich,CH
Neuchâtel,CH,Zurich,CH
Rümlang,CH,Zurich,CH
Staad,CH,Zurich,CH
Schelklingen,DE,Zurich,CH
Appenzell,CH,Zurich,CH
Neftenbach / Dorf Neftenbach,CH,Zurich,CH
Noiraigue,CH,Zurich,CH
Mittelbiberach,DE,Zurich,CH
Dussnang,CH,Zurich,CH
Weggis,CH,Zurich,CH
Avenches,CH,Zurich,CH
Cham,DE,Zurich,CH
Dompierre,CH,Zurich,CH
Sion,CH,Zurich,CH
Munich,DE,Zurich,CH
Trochtelfingen,DE,Zurich,CH
Münster,AT,Zurich,CH
Ammerbuch,DE,Zurich,CH
Herrsching am Ammersee,DE,Zurich,CH
Gossau,CH,Zurich,CH
Maienfeld,CH,Zurich,CH
Spaichingen,DE,Zurich,CH
Auvernier,CH,Zurich,CH
Altendorf,CH,Zurich,CH
Hitzkirch,CH,Zurich,CH
Haigerloch,DE,Zurich,CH
Paudex,CH,Zurich,CH
Hinwil,CH,Zurich,CH
Bad Säckingen,DE,Zurich,CH
Malleray,CH,Zurich,CH
Boniswil,CH,Zurich,CH
Marktoberdorf,DE,Zurich,CH
Buchrain,CH,Zurich,CH
Neuenegg,CH,Zurich,CH
Staufen im Breisgau,DE,Zurich,CH
Bad Tölz,DE,Zurich,CH
Arisdorf,CH,Zurich,CH
Luterbach,CH,Zurich,CH
Beckenried,CH,Zurich,CH
Reidermoos,CH,Zurich,CH
Sursee,CH,Zurich,CH
Dachau,DE,Zurich,CH
Bulle,CH,Zurich,CH
Unterschleissheim,DE,Zurich,CH
Schwalmstadt,DE,Zurich,CH
Uxegney,FR,Zurich,CH
Blaubeuren Abbey,DE,Zurich,CH
Türkheim,DE,Zurich,CH
Nellingen,DE,Zurich,CH
Küttigen,CH,Zurich,CH
Kriens,CH,Zurich,CH
Scheuren,CH,Zurich,CH
Schoppernau,AT,Zurich,CH
Remetschwil,CH,Zurich,CH
Lenzburg,CH,Zurich,CH
Worb,CH,Zurich,CH
Coeuve,CH,Zurich,CH
Moudon,CH,Zurich,CH
Wasterkingen,CH,Zurich,CH
Oron-la-Ville,CH,Zurich,CH
Vreden,DE,Zurich,CH
Schaan,LI,Zurich,CH
Neuheim,CH,Zurich,CH
Nidau,CH,Zurich,CH
Mirchel,CH,Zurich,CH
Allensbach,DE,Zurich,CH
Taufkirchen,DE,Zurich,CH
Zollbrück,CH,Zurich,CH
Zunzgen,CH,Zurich,CH
Niederurnen,CH,Zurich,CH
Rudolfstetten,CH,Zurich,CH
Seuzach Dorf,CH,Zurich,CH
Öpfingen,DE,Zurich,CH
Oberuzwil,CH,Zurich,CH
Gelterkinden,CH,Zurich,CH
Petit Lancy,CH,Zurich,CH
Tübingen,DE,Zurich,CH
Eimeldingen,DE,Zurich,CH
Matrei in Osttirol,AT,Zurich,CH
Stettlen,CH,Zurich,CH
Buchloe,DE,Zurich,CH
Deißlingen,DE,Zurich,CH
Grandevent,CH,Zurich,CH
Bludenz,AT,Zurich,CH
Bubendorf,CH,Zurich,CH
Affeltrangen,CH,Zurich,CH
Curtilles,CH,Zurich,CH
Neuhausen ob Eck,DE,Zurich,CH
Münchwilen,CH,Zurich,CH
Bösingen,CH,Zurich,CH
Vogtareuth,DE,Zurich,CH
Reichstett,FR,Zurich,CH
Grünwald,DE,Zurich,CH
Seengen,CH,Zurich,CH
Osogna,CH,Zurich,CH
Sevelen,CH,Zurich,CH
Derendingen,CH,Zurich,CH
Emmendingen,DE,Zurich,CH
Manching,DE,Zurich,CH
Bad Ditzenbach,DE,Zurich,CH
Schemmerhofen,DE,Zurich,CH
Satigny,CH,Zurich,CH
Saignelégier,CH,Zurich,CH
Untersiggenthal,CH,Zurich,CH
Vilsheim,DE,Zurich,CH
Wahlen,CH,Zurich,CH
Radolfzell,DE,Zurich,CH
Heubach,CH,Zurich,CH
Zell am Ziller,AT,Zurich,CH
Bavois,CH,Zurich,CH
Saint-Imier,CH,Zurich,CH
Grüt,CH,Zurich,CH
Worblaufen,CH,Zurich,CH
Axams,AT,Zurich,CH
Wabern,CH,Zurich,CH
Oberkirch,DE,Zurich,CH
Zollikerberg,CH,Zurich,CH
Busswil,CH,Zurich,CH
Oberweningen,CH,Zurich,CH
Ligerz,CH,Zurich,CH
Prangins,CH,Zurich,CH
Siebnen,CH,Zurich,CH
Lutzenberg,CH,Zurich,CH
Esslingen am Neckar,DE,Zurich,CH
Siegen,DE,Zurich,CH
Kerns,CH,Zurich,CH
Gletterens,CH,Zurich,CH
Oberkirch,CH,Zurich,CH
Bellach,CH,Zurich,CH
Bottmingen,CH,Zurich,CH
Wängi,CH,Zurich,CH
Boll,CH,Zurich,CH
Saanen,CH,Zurich,CH
Erlenbach,CH,Zurich,CH
St. Gallen,CH,Zurich,CH
Prague,CZ,Zurich,CH
Laichingen,DE,Zurich,CH
Walchwil,CH,Zurich,CH
Brugg,CH,Zurich,CH
Obergösgen,CH,Zurich,CH
Mering,DE,Zurich,CH
Todtnau,DE,Zurich,CH
Hettlingen,CH,Zurich,CH
Waldachtal,DE,Zurich,CH
Wald,CH,Zurich,CH
Niederhadamar,DE,Zurich,CH
Combremont-le-Petit,CH,Zurich,CH
Sirnach,CH,Zurich,CH
Hettenshausen,DE,Zurich,CH
Bregenz,AT,Zurich,CH
Grabs,CH,Zurich,CH
Buchegg,CH,Zurich,CH
Trendelburg,DE,Zurich,CH
Krün,DE,Zurich,CH
Rorschach,CH,Zurich,CH
Melbeck,DE,Zurich,CH
Inzing,AT,Zurich,CH
Dettingen an der Iller,DE,Zurich,CH
Rombach,CH,Zurich,CH
Rüfenacht,CH,Zurich,CH
Dietlikon / Dietlikon (Dorf),CH,Zurich,CH
Oberwil-Lieli,CH,Zurich,CH
Umkirch,DE,Zurich,CH
Cormondrèche,CH,Zurich,CH
Oberrieden,CH,Zurich,CH
Riegel,DE,Zurich,CH
Saint-Aubin-Sauges,CH,Zurich,CH
Lyss,CH,Zurich,CH
Wilhelmsdorf,DE,Zurich,CH
Ebersol,CH,Zurich,CH
Pilsting,DE,Zurich,CH
Weil am Rhein,DE,Zurich,CH
Aarau,CH,Zurich,CH
Germaringen,DE,Zurich,CH
Neuenstein,DE,Zurich,CH
Ahrensfelde,DE,Zurich,CH
Bossonnens,CH,Zurich,CH
Kölliken,CH,Zurich,CH
Dotzigen,CH,Zurich,CH
Chur,CH,Zurich,CH
Glashütte,DE,Zurich,CH
Leonberg,DE,Zurich,CH
Steingaden,DE,Zurich,CH
Staffelbach,CH,Zurich,CH
Riggisberg,CH,Zurich,CH
Rohrbach,DE,Zurich,CH
Winznau,CH,Zurich,CH
Bruckberg,DE,Zurich,CH
Biel/Bienne,CH,Zurich,CH
Fürstenfeldbruck,DE,Zurich,CH
Willisau,CH,Zurich,CH
Rothenburg,CH,Zurich,CH
Buchs,CH,Zurich,CH
Ottenbach,CH,Zurich,CH
Dornbirn,AT,Zurich,CH
Bülach,CH,Zurich,CH
Dielsdorf,CH,Zurich,CH
Urdorf,CH,Zurich,CH
Coppet,CH,Zurich,CH
Niederuzwil,CH,Zurich,CH
Aichwald,DE,Zurich,CH
Hausham,DE,Zurich,CH
Yverdon-les-Bains,CH,Zurich,CH
Oppens,CH,Zurich,CH
Ibach,CH,Zurich,CH
Freienwil,CH,Zurich,CH
Strengelbach,CH,Zurich,CH
Sulzberg,DE,Zurich,CH
Biberist,CH,Zurich,CH
Sankt Peter-Freienstein,AT,Zurich,CH
Muttenz,CH,Zurich,CH
Kienberg,CH,Zurich,CH
Hopfen am See,DE,Zurich,CH
Geuensee,CH,Zurich,CH
Iffwil,CH,Zurich,CH
Wildegg,CH,Zurich,CH
Oberrohrdorf,CH,Zurich,CH
Rebstein,CH,Zurich,CH
Niederbüren,CH,Zurich,CH
Denkendorf,DE,Zurich,CH
Glottertal,DE,Zurich,CH
Liestal,CH,Zurich,CH
Oberdorf,CH,Zurich,CH
Rickenbach LU,CH,Zurich,CH
Neerach,CH,Zurich,CH
Mahlstetten,DE,Zurich,CH
Achern,DE,Zurich,CH
Utzigen,CH,Zurich,CH
Lachen,CH,Zurich,CH
Rikon / Rikon (Dorfkern),CH,Zurich,CH
Illnau,CH,Zurich,CH
Aarburg,CH,Zurich,CH
Ehningen,DE,Zurich,CH
Hohenfurch,DE,Zurich,CH
Mils bei Solbad Hall,AT,Zurich,CH
Fiesch,CH,Zurich,CH
Gockhausen,CH,Zurich,CH
Speicher,CH,Zurich,CH
Horgau,DE,Zurich,CH
Schlosswil,CH,Zurich,CH
Hirschegg,AT,Zurich,CH
Cheseaux-sur-Lausanne,CH,Zurich,CH
Holzgerlingen,DE,Zurich,CH
Montreux,CH,Zurich,CH
Laupen,CH,Zurich,CH
Stuttgart,DE,Zurich,CH
Füssen,DE,Zurich,CH
Bischofszell,CH,Zurich,CH
Egnach,CH,Zurich,CH
Lausanne,CH,Zurich,CH
Menziken,CH,Zurich,CH
Konzell,DE,Zurich,CH
Rum,AT,Zurich,CH
Serfaus,AT,Zurich,CH
Zuoz,CH,Zurich,CH
Möhlin,CH,Zurich,CH
Weisslingen,CH,Zurich,CH
Spiez,CH,Zurich,CH
Diegten,CH,Zurich,CH
Sulzemoos,DE,Zurich,CH
Kaisten,CH,Zurich,CH
Wolhusen,CH,Zurich,CH
Wolfhausen,CH,Zurich,CH
Egerkingen,CH,Zurich,CH
Carouge,CH,Zurich,CH
Aegerten,CH,Zurich,CH
Nussbaumen,CH,Zurich,CH
Rheinfelden,DE,Zurich,CH
Giswil,CH,Zurich,CH
Küsnacht,CH,Zurich,CH
Aargau,CH,Zurich,CH
Langenau,DE,Zurich,CH
Oberkulm,CH,Zurich,CH
Uhingen,DE,Zurich,CH
Bühler,CH,Zurich,CH
Dürnten,CH,Zurich,CH
Payerne,CH,Zurich,CH
Tafers,CH,Zurich,CH
Schafisheim,CH,Zurich,CH
Lucens,CH,Zurich,CH
Vaterstetten,DE,Zurich,CH
Villigen,CH,Zurich,CH
Waigolshausen,DE,Zurich,CH
Dornach,CH,Zurich,CH
Aichach,DE,Zurich,CH
Embrach,CH,Zurich,CH
Wendelstein,DE,Zurich,CH
Kämpfelbach,DE,Zurich,CH
Boppelsen,CH,Zurich,CH
Brunnen,CH,Zurich,CH
Speicherschwendi,CH,Zurich,CH
Weiler-Simmerberg,DE,Zurich,CH
Rümmingen,DE,Zurich,CH
Sarnen,CH,Zurich,CH
Otelfingen,CH,Zurich,CH
Villars-sur-Glâne,CH,Zurich,CH
Hanau,DE,Zurich,CH
Bilten,CH,Zurich,CH
Brannenburg,DE,Zurich,CH
Eslohe,DE,Zurich,CH
Allmersbach im Tal,DE,Zurich,CH
Freudenstadt,DE,Zurich,CH
Halsbrücke,DE,Zurich,CH
Illertissen,DE,Zurich,CH
Konstanz,DE,Zurich,CH
Gerstungen,DE,Zurich,CH
Hünenberg,CH,Zurich,CH
Oberwolfach,DE,Zurich,CH
Brislach,CH,Zurich,CH
Westendorf,AT,Zurich,CH
Wendlingen am Neckar,DE,Zurich,CH
Meilen,CH,Zurich,CH
Algetshausen,CH,Zurich,CH
Scuol,CH,Zurich,CH
La Neuveville,CH,Zurich,CH
Binningen,CH,Zurich,CH
Möttingen,DE,Zurich,CH
Therwil,CH,Zurich,CH
Lauperswil,CH,Zurich,CH
Buch am Erlbach,DE,Zurich,CH
Morges,CH,Zurich,CH
Suhr,CH,Zurich,CH
Auenstein,CH,Zurich,CH
Steinen,DE,Zurich,CH
Riedstadt,DE,Zurich,CH
Wädenswil,CH,Zurich,CH
Morat,CH,Zurich,CH
Schaffhausen,CH,Zurich,CH
Zwingen,CH,Zurich,CH
Koblach,AT,Zurich,CH
Glattpark,CH,Zurich,CH
Mörschwil,CH,Zurich,CH
Rott am Inn,DE,Zurich,CH
Chevroux,CH,Zurich,CH
Bösingen,DE,Zurich,CH
Kolbermoor,DE,Zurich,CH
Commugny,CH,Zurich,CH
Offenburg,DE,Zurich,CH
Erolzheim,DE,Zurich,CH
Oberdiessbach,CH,Zurich,CH
Teufen AR,CH,Zurich,CH
Moutier,CH,Zurich,CH
Sempach,CH,Zurich,CH
Bäch,CH,Zurich,CH
Zuzwil,CH,Zurich,CH
Alle,CH,Zurich,CH
Vordemwald,CH,Zurich,CH
Stockach,DE,Zurich,CH
Fully,CH,Zurich,CH
Wunstorf,DE,Zurich,CH
Bettlach,CH,Zurich,CH
Wattwil,CH,Zurich,CH
Stäfa,CH,Zurich,CH
Gnadenwald,AT,Zurich,CH
Wettingen,CH,Zurich,CH
Muhen,CH,Zurich,CH
Donauwörth,DE,Zurich,CH
Meitingen,DE,Zurich,CH
Bonaduz,CH,Zurich,CH
Blaustein,DE,Zurich,CH
Eschenbach,CH,Zurich,CH
Brüttisellen,CH,Zurich,CH
Bürglen,CH,Zurich,CH
Heiningen,DE,Zurich,CH
Regensdorf,CH,Zurich,CH
Ingolstadt,DE,Zurich,CH
Grafrath,DE,Zurich,CH
Altach,AT,Zurich,CH
Gontenschwil,CH,Zurich,CH
Le Locle,CH,Zurich,CH
La Conversion,CH,Zurich,CH
Uettligen,CH,Zurich,CH
Cortaillod,CH,Zurich,CH
Au in der Hallertau,DE,Zurich,CH
Alpirsbach,DE,Zurich,CH
Schöftland,CH,Zurich,CH
Baden,CH,Zurich,CH
Dintikon,CH,Zurich,CH
Reichenburg,CH,Zurich,CH
Müllheim,DE,Zurich,CH
La Tour-de-Trême,CH,Zurich,CH
Erlinsbach AG,CH,Zurich,CH
Bassersdorf,CH,Zurich,CH
Wolfratshausen,DE,Zurich,CH
Versoix,CH,Zurich,CH
Schwerzenbach,CH,Zurich,CH
Engelburg,CH,Zurich,CH
Weinfelden,CH,Zurich,CH
Kilchberg,CH,Zurich,CH
Zetzwil,CH,Zurich,CH
Lonay,CH,Zurich,CH
Oberschleißheim,DE,Zurich,CH
Corcelles,CH,Zurich,CH
Estavayer-le-Lac,CH,Zurich,CH
Dietenheim,DE,Zurich,CH
Metzingen,DE,Zurich,CH
Wauwil,CH,Zurich,CH
Ebnat-Kappel,CH,Zurich,CH
Obergünzburg,DE,Zurich,CH
Magden,CH,Zurich,CH
Teningen,DE,Zurich,CH
Brügg,CH,Zurich,CH
Felsberg,CH,Zurich,CH
Uzwil,CH,Zurich,CH
Zwillikon,CH,Zurich,CH
Bad Zurzach,CH,Zurich,CH
Lentigny,CH,Zurich,CH
Netstal,CH,Zurich,CH
Feusisberg,CH,Zurich,CH
Bisingen,DE,Zurich,CH
Wilen b. Wil,CH,Zurich,CH
Davos Dorf,CH,Zurich,CH
Chandon,CH,Zurich,CH
Aefligen,CH,Zurich,CH
Uster,CH,Zurich,CH
Pfaeffikon,CH,Zurich,CH
Cernier,CH,Zurich,CH
Carrouge,CH,Zurich,CH
Moosseedorf,CH,Zurich,CH
Warngau,DE,Zurich,CH
Leuggern,CH,Zurich,CH
Saverne,FR,Zurich,CH
Marzling,DE,Zurich,CH
Rangendingen,DE,Zurich,CH
Hohenfels,DE,Zurich,CH
Saint-Aubin,CH,Zurich,CH
Fahrenzhausen,DE,Zurich,CH
Grainau,DE,Zurich,CH
Gersthofen,DE,Zurich,CH
Oberentfelden,CH,Zurich,CH
Freiburg im Breisgau,DE,Zurich,CH
Einsiedeln,CH,Zurich,CH
Niederhasli,CH,Zurich,CH
Miesbach,DE,Zurich,CH
Kirchzarten,DE,Zurich,CH
Trimbach,CH,Zurich,CH
Nyon,CH,Zurich,CH
Gonten,CH,Zurich,CH
Pampigny,CH,Zurich,CH
Seewen,CH,Zurich,CH
Kastel,DE,Zurich,CH
Horgen,CH,Zurich,CH
Arbon,CH,Zurich,CH
Brig,CH,Zurich,CH
Hefenhofen,CH,Zurich,CH
Villeneuve,CH,Zurich,CH
Grosswangen,CH,Zurich,CH
Schweizersholz,CH,Zurich,CH
Merlischachen,CH,Zurich,CH
Haag (Rheintal),CH,Zurich,CH
Seon,CH,Zurich,CH
Murrhardt,DE,Zurich,CH
Ruppoldsried,CH,Zurich,CH
Donaueschingen,DE,Zurich,CH
Ried,CH,Zurich,CH
Emmen,CH,Zurich,CH
Magstadt,DE,Zurich,CH
Pfaffhausen,CH,Zurich,CH
Cham,CH,Zurich,CH
Brienz,CH,Zurich,CH
Hallbergmoos,DE,Zurich,CH
Garmisch-Partenkirchen,DE,Zurich,CH
Süßen,DE,Zurich,CH
Rothenfluh,CH,Zurich,CH
Heidenheim,DE,Zurich,CH
Trins,AT,Zurich,CH
Delémont,CH,Zurich,CH
Rossens,CH,Zurich,CH
Königsbrunn,DE,Zurich,CH
Wildberg,CH,Zurich,CH
Zell,CH,Zurich,CH
Holziken,CH,Zurich,CH
Dättwil,CH,Zurich,CH
Wiedlisbach,CH,Zurich,CH
Pringy,CH,Zurich,CH
Absam,AT,Zurich,CH
Künten,CH,Zurich,CH
Lauingen,DE,Zurich,CH
Renens,CH,Zurich,CH
Bottens,CH,Zurich,CH
Horn,CH,Zurich,CH
Sigmaringendorf,DE,Zurich,CH
Münsingen,CH,Zurich,CH
Grüsch,CH,Zurich,CH
Schongau,CH,Zurich,CH
Riehen,CH,Zurich,CH
Senarclens,CH,Zurich,CH
Geneva,CH,Zurich,CH
Unterägeri,CH,Zurich,CH
Böblingen,DE,Zurich,CH
Dulliken,CH,Zurich,CH
Mindelheim,DE,Zurich,CH
Oftringen,CH,Zurich,CH
Hägendorf,CH,Zurich,CH
Büren,CH,Zurich,CH
Léchelles,CH,Zurich,CH
Affoltern am Albis,CH,Zurich,CH
Bad Bramstedt,DE,Zurich,CH
Mengen,DE,Zurich,CH
Schwarzenburg,CH,Zurich,CH
Mendrisio,CH,Zurich,CH
Oberperfuss,AT,Zurich,CH
Freidorf,CH,Zurich,CH
Oberglatt,CH,Zurich,CH
Ins,CH,Zurich,CH
Opfershofen,CH,Zurich,CH
Liebefeld,CH,Zurich,CH
Gränichen,CH,Zurich,CH
Eggenwil,CH,Zurich,CH
Rosenheim,DE,Zurich,CH
Zollikofen,CH,Zurich,CH
Seltisberg,CH,Zurich,CH
Riex,CH,Zurich,CH
Nänikon,CH,Zurich,CH
Münchenbuchsee,CH,Zurich,CH
Gröbenzell,DE,Zurich,CH
Richterswil,CH,Zurich,CH
Remaufens,CH,Zurich,CH
Interlaken,CH,Zurich,CH
Krauchthal,CH,Zurich,CH
Lossy,CH,Zurich,CH
Reutlingen,DE,Zurich,CH
Kerzers,CH,Zurich,CH
Bötzingen,DE,Zurich,CH
Gstaad,CH,Zurich,CH
Glattbrugg,CH,Zurich,CH
Sankt Georgen im Schwarzwald,DE,Zurich,CH
Kißlegg,DE,Zurich,CH
Arni,CH,Zurich,CH
Unterthingau,DE,Zurich,CH
Hochwald,CH,Zurich,CH
Lenzkirch,DE,Zurich,CH
Überlingen,DE,Zurich,CH
Flums,CH,Zurich,CH
Lieli,CH,Zurich,CH
Sainte-Croix,CH,Zurich,CH
Innsbruck,AT,Zurich,CH
Istighofen,CH,Zurich,CH
Winkel,CH,Zurich,CH
Lauterach,AT,Zurich,CH
Bassecourt,CH,Zurich,CH
Köniz,CH,Zurich,CH
Flamatt,CH,Zurich,CH
Starzach,DE,Zurich,CH
Althengstett,DE,Zurich,CH
Eysins,CH,Zurich,CH
Oberau,DE,Zurich,CH
Bazenheid,CH,Zurich,CH
Königsdorf,DE,Zurich,CH
Lupfig,CH,Zurich,CH
Peiting,DE,Zurich,CH
Cuxhaven,DE,Zurich,CH
Villaz-Saint-Pierre,CH,Zurich,CH
Bremgarten,CH,Zurich,CH
Romanel-sur-Lausanne,CH,Zurich,CH
Hohenstein,DE,Zurich,CH
Münsingen,DE,Zurich,CH
Billens,CH,Zurich,CH
Steinach,DE,Zurich,CH
Epfendorf,DE,Zurich,CH
Hohenwart,DE,Zurich,CH
Herzogenbuchsee,CH,Zurich,CH
Châtel-Saint-Denis,CH,Zurich,CH
Hunzenschwil,CH,Zurich,CH
Niederglatt,CH,Zurich,CH
Zollikon,CH,Zurich,CH
Arch,CH,Zurich,CH
Widen,CH,Zurich,CH
Grenchen,CH,Zurich,CH
Uznach,CH,Zurich,CH
Winzeln,DE,Zurich,CH
Aulendorf,DE,Zurich,CH
Schlieren,CH,Zurich,CH
Domdidier,CH,Zurich,CH
Inwil,CH,Zurich,CH
Ehingen,DE,Zurich,CH
Fislisbach,CH,Zurich,CH
Pany,CH,Zurich,CH
Mittenwald,DE,Zurich,CH
Kirchlindach,CH,Zurich,CH
Bad Aibling,DE,Zurich,CH
Lancy,CH,Zurich,CH
Schopfheim,DE,Zurich,CH
Klaus,AT,Zurich,CH
Ropraz,CH,Zurich,CH
Buggingen,DE,Zurich,CH
Gottenheim,DE,Zurich,CH
Effretikon / Watt,CH,Zurich,CH
Vulliens,CH,Zurich,CH
Däniken,CH,Zurich,CH
Sins,CH,Zurich,CH
Würenlingen,CH,Zurich,CH
Floing,AT,Zurich,CH
Ismaning,DE,Zurich,CH
Altomünster,DE,Zurich,CH
Mels,CH,Zurich,CH
Weichs,DE,Zurich,CH
Stallikon,CH,Zurich,CH
Biberach an der Riss,DE,Zurich,CH
Birmensdorf,CH,Zurich,CH
Bünzen,CH,Zurich,CH
Bad Krozingen,DE,Zurich,CH
Unterentfelden,CH,Zurich,CH
Haslach im Kinzigtal,DE,Zurich,CH
Sulgen,CH,Zurich,CH
Egliswil,CH,Zurich,CH
Kirchberg,CH,Zurich,CH
Welden,DE,Zurich,CH
Dagmersellen,CH,Zurich,CH
Arbaz,CH,Zurich,CH
Porsel,CH,Zurich,CH
Zauggenried,CH,Zurich,CH
Magglingen,CH,Zurich,CH
Filderstadt,DE,Zurich,CH
Bad Liebenzell,DE,Zurich,CH
Kappel,CH,Zurich,CH
Fulenbach,CH,Zurich,CH
Oberneuching,DE,Zurich,CH
Pfeffikon,CH,Zurich,CH
Leutasch,AT,Zurich,CH
Dällikon / Dällikon (Dorf),CH,Zurich,CH
Neyruz-sur-Moudon,CH,Zurich,CH
Offenau,DE,Zurich,CH
Singen,DE,Zurich,CH
Azmoos,CH,Zurich,CH
Feldkirchen in Kärnten,AT,Zurich,CH
Seefeld,DE,Zurich,CH
Gunzwil,CH,Zurich,CH
Brixen im Thale,AT,Zurich,CH
Granges-Paccot,CH,Zurich,CH
Romont,CH,Zurich,CH
Utzenstorf,CH,Zurich,CH
Dinkelscherben,DE,Zurich,CH
Brixlegg,AT,Zurich,CH
Chénens,CH,Zurich,CH
Thun,CH,Zurich,CH
Sonthofen,DE,Zurich,CH
Bürs,AT,Zurich,CH
Ennenda,CH,Zurich,CH
Frenkendorf,CH,Zurich,CH
Udligenswil,CH,Zurich,CH
Willerzell,CH,Zurich,CH
Dietwil,CH,Zurich,CH
Andwil,CH,Zurich,CH
Steinmaur,CH,Zurich,CH
Eschlikon,CH,Zurich,CH
Rottach-Egern,DE,Zurich,CH
Herrliberg,CH,Zurich,CH
Ursenbach,CH,Zurich,CH
Füllinsdorf,CH,Zurich,CH
Bramois,CH,Zurich,CH
Épendes,CH,Zurich,CH
Boudry,CH,Zurich,CH
Lichtenwald,DE,Zurich,CH
Losone,CH,Zurich,CH
Freienbach,CH,Zurich,CH
Taxenbach,AT,Zurich,CH
Reinach,CH,Zurich,CH
Otterfing,DE,Zurich,CH
Walterswil,CH,Zurich,CH
Stansstad,CH,Zurich,CH
Oberhaching,DE,Zurich,CH
Grand-Lancy,CH,Zurich,CH
Moosinning,DE,Zurich,CH
Plons,CH,Zurich,CH
Abtwil,CH,Zurich,CH
Murgenthal,CH,Zurich,CH
Kirchberg in Tirol,AT,Zurich,CH
Sankt Margrethen,CH,Zurich,CH
Rüschlikon,CH,Zurich,CH
Deitingen,CH,Zurich,CH
Frieswil,CH,Zurich,CH
Sédeilles,CH,Zurich,CH
Bonstetten,CH,Zurich,CH
Egg,CH,Zurich,CH
Neyruz,CH,Zurich,CH
Egg,AT,Zurich,CH
Giengen an der Brenz,DE,Zurich,CH
Tann,CH,Zurich,CH
Ehekirchen,DE,Zurich,CH
Krauchenwies,DE,Zurich,CH
Näfels,CH,Zurich,CH
Langendorf,CH,Zurich,CH
Fluorn,DE,Zurich,CH
Cousset,CH,Zurich,CH
Holzkirchen,DE,Zurich,CH
Bubikon,CH,Zurich,CH
Kammeltal,DE,Zurich,CH
Gräfelfing,DE,Zurich,CH
Winterthur,CH,Zurich,CH
Oberaach,CH,Zurich,CH
Kollbrunn,CH,Zurich,CH
Freising,DE,Zurich,CH
Altusried,DE,Zurich,CH
Straßlach-Dingharting,DE,Zurich,CH
Ebikon,CH,Zurich,CH
Kaufering,DE,Zurich,CH
Nersingen,DE,Zurich,CH
Badenweiler,DE,Zurich,CH
Uetikon,CH,Zurich,CH
Klosters Dorf,CH,Zurich,CH
Mellingen,CH,Zurich,CH
Männedorf,CH,Zurich,CH
Kleve,DE,Zurich,CH
Korschenbroich,DE,Zurich,CH
Waldshut-Tiengen,DE,Zurich,CH
Uttigen,CH,Zurich,CH
Schwaz,AT,Zurich,CH
Morrens,CH,Zurich,CH
Henau,CH,Zurich,CH
Solothurn,CH,Zurich,CH
Sindelfingen,DE,Zurich,CH
Leutershausen,DE,Zurich,CH
Mönchaltorf,CH,Zurich,CH
Poschiavo,CH,Zurich,CH
Bellenberg,DE,Zurich,CH
Damüls,AT,Zurich,CH
Honau,CH,Zurich,CH
Tuntenhausen,DE,Zurich,CH
Ebersberg,DE,Zurich,CH
Neudorf,CH,Zurich,CH
Hildisrieden,CH,Zurich,CH
Langenthal,CH,Zurich,CH
Gretzenbach,CH,Zurich,CH
Schönried,CH,Zurich,CH
Niedercunnersdorf,DE,Zurich,CH
Wetzikon,CH,Zurich,CH
Baldegg,CH,Zurich,CH
Neuenkirch,CH,Zurich,CH
Grolley,CH,Zurich,CH
Le Pâquier-Montbarry,CH,Zurich,CH
Dättlikon,CH,Zurich,CH
Ravensburg,DE,Zurich,CH
Torny-le-Grand,CH,Zurich,CH
Bolligen,CH,Zurich,CH
Markdorf,DE,Zurich,CH
Kippenheim,DE,Zurich,CH
Donzdorf,DE,Zurich,CH
Schönbühl,CH,Zurich,CH
Birsfelden,CH,Zurich,CH
Walde,CH,Zurich,CH
Sissach,CH,Zurich,CH
Eningen unter Achalm,DE,Zurich,CH
Emmingen-Liptingen,DE,Zurich,CH
Burgdorf,CH,Zurich,CH
Gland,CH,Zurich,CH
Oberhasli / Oberhasli (Dorf),CH,Zurich,CH
Courfaivre,CH,Zurich,CH
Recherswil,CH,Zurich,CH
Duggingen,CH,Zurich,CH
Péry,CH,Zurich,CH
Gebenstorf,CH,Zurich,CH
Adligenswil,CH,Zurich,CH
Lausen,CH,Zurich,CH
Siggenthal Station,CH,Zurich,CH
Rüti,CH,Zurich,CH
Nottwil,CH,Zurich,CH
Les Acacias,CH,Zurich,CH
Spardorf,DE,Zurich,CH
Schwanden,CH,Zurich,CH
Lengnau,CH,Zurich,CH
Bamberg,DE,Zurich,CH
Malterdingen,DE,Zurich,CH
Schönberg im Stubaital,AT,Zurich,CH
Nesslau,CH,Zurich,CH
Glatten,DE,Zurich,CH
Schwarzenbach,CH,Zurich,CH
Kaufbeuren,DE,Zurich,CH
Gärtringen,DE,Zurich,CH
Herbolzheim,DE,Zurich,CH
Balkham,DE,Zurich,CH
Pfungen,CH,Zurich,CH
Combremont-le-Grand,CH,Zurich,CH
Stein,CH,Zurich,CH
Laufen,CH,Zurich,CH
Ueberstorf,CH,Zurich,CH
Hagendorn,CH,Zurich,CH
Eriswil,CH,Zurich,CH
Scherzingen,CH,Zurich,CH
Erding,DE,Zurich,CH
Schrobenhausen,DE,Zurich,CH
Karlskron,DE,Zurich,CH
Altstätten,CH,Zurich,CH
Arnegg,CH,Zurich,CH
Farvagny-le-Petit,CH,Zurich,CH
Rheineck,CH,Zurich,CH
Pettnau,AT,Zurich,CH
Neukirch a. d. Thur,CH,Zurich,CH
Lupsingen,CH,Zurich,CH
Söll,AT,Zurich,CH
Adlikon,CH,Zurich,CH
Neufra,DE,Zurich,CH
Berikon,CH,Zurich,CH
Erlen,CH,Zurich,CH
Palézieux,CH,Zurich,CH
La Chaux-de-Fonds,CH,Zurich,CH
Cottens,CH,Zurich,CH
Vessy,CH,Zurich,CH
Pierrafortscha,CH,Zurich,CH
Échallens,CH,Zurich,CH
Unterkulm,CH,Zurich,CH
Meikirch,CH,Zurich,CH
Messkirch,DE,Zurich,CH
Heiden,CH,Zurich,CH
Hasle,CH,Zurich,CH
Oberwil,CH,Zurich,CH
Bad Steben,DE,Zurich,CH
Rorbas,CH,Zurich,CH
Götzis,AT,Zurich,CH
Aarberg,CH,Zurich,CH
Bôle,CH,Zurich,CH
Loßburg,DE,Zurich,CH
Nassenwil,CH,Zurich,CH
Wenzenbach,DE,Zurich,CH
Baar-Ebenhausen,DE,Zurich,CH
Schönenwerd,CH,Zurich,CH
Aschheim,DE,Zurich,CH
Trub,CH,Zurich,CH
Oetwil,CH,Zurich,CH
Rotkreuz,CH,Zurich,CH
Göppingen,DE,Zurich,CH
Horgenzell,DE,Zurich,CH
Birgitz,AT,Zurich,CH
Saint Blasien,DE,Zurich,CH
Müntschemier,CH,Zurich,CH
Hochdorf,CH,Zurich,CH
Meersburg,DE,Zurich,CH
Schwarzenberg,AT,Zurich,CH
Oberbillig,DE,Zurich,CH
Treiten,CH,Zurich,CH
Neuenhof,CH,Zurich,CH
Eschbronn,DE,Zurich,CH
Tuttlingen,DE,Zurich,CH
Schachen,CH,Zurich,CH
Deggingen,DE,Zurich,CH
Dürrenroth,CH,Zurich,CH
Baldham,DE,Zurich,CH
Fehraltorf,CH,Zurich,CH
Gisikon,CH,Zurich,CH
Corsier,CH,Zurich,CH
Selzach,CH,Zurich,CH
Russikon,CH,Zurich,CH
Fribourg,CH,Zurich,CH
Dietikon,CH,Zurich,CH
Köngen,DE,Zurich,CH
Montagny,CH,Zurich,CH
Walenstadt,CH,Zurich,CH
Schramberg,DE,Zurich,CH
Grafing bei München,DE,Zurich,CH
Étupes,FR,Zurich,CH
Wallenwil,CH,Zurich,CH
Zofingen,CH,Zurich,CH
Pieterlen,CH,Zurich,CH
Sargans,CH,Zurich,CH
Landsberg am Lech,DE,Zurich,CH
Feldkirchen,DE,Zurich,CH
Monstein,CH,Zurich,CH
Ehrenkirchen,DE,Zurich,CH
Küssnacht,CH,Zurich,CH
Niederhelfenschwil,CH,Zurich,CH
Neufahrn bei Freising,DE,Zurich,CH
Beinwil,CH,Zurich,CH
Stüsslingen,CH,Zurich,CH
Bad Endorf,DE,Zurich,CH
Cornaux,CH,Zurich,CH
Frauenfeld,CH,Zurich,CH
Opfikon,CH,Zurich,CH
Flawil,CH,Zurich,CH
Mönchengladbach,DE,Zurich,CH
Böbing,DE,Zurich,CH
Gauting,DE,Zurich,CH
Landsberied,DE,Zurich,CH
Volders,AT,Zurich,CH
Dübendorf,CH,Zurich,CH
Villarepos,CH,Zurich,CH
Wettswil,CH,Zurich,CH
Bertschikon,CH,Zurich,CH
Zumikon,CH,Zurich,CH
Hettstedt,DE,Zurich,CH
Riemerling,DE,Zurich,CH
Tuttwil,CH,Zurich,CH
Günsberg,CH,Zurich,CH
Gross Höchstetten,CH,Zurich,CH
Gattikon,CH,Zurich,CH
Neunkirch,CH,Zurich,CH
Eglfing,DE,Zurich,CH
Jona,CH,Zurich,CH
Binz,CH,Zurich,CH
Prévondavaux,CH,Zurich,CH
Andelsbuch,AT,Zurich,CH
Frick,CH,Zurich,CH
Lichtenstein,DE,Zurich,CH